checkm_contamination,mlst,contigs,genome_id,genome_quality,genome_length,checkm_completeness
0.3,MLST.klebsiella.280,71,573.13031,Good,5443843,100.0
0.0,MLST.klebsiella.307,85,573.13063,Good,5330644,100.0
0.0,MLST.klebsiella.307,129,573.13075,Good,5570708,100.0
0.0,MLST.klebsiella.45,90,573.13091,Good,5633453,100.0
0.0,MLST.klebsiella.1440,64,573.13099,Good,5373178,100.0
0.0,MLST.klebsiella.307,92,573.13113,Good,5503806,99.7
0.0,MLST.klebsiella.307,70,573.13125,Good,5456495,100.0
0.0,MLST.klebsiella.258,140,573.13127,Good,5571408,100.0
0.0,MLST.klebsiella.16,76,573.13144,Good,5460911,100.0
0.0,MLST.klebsiella.307,88,573.13151,Good,5377835,100.0
0.0,MLST.klebsiella.2975,66,573.13171,Good,5352618,100.0
0.0,MLST.klebsiella.307,97,573.13195,Good,5371884,100.0
0.0,MLST.klebsiella.258,143,573.13201,Good,5556280,100.0
0.3,MLST.klebsiella.307,120,573.13231,Good,5488334,100.0
0.7,MLST.klebsiella.307,136,573.13289,Good,5415460,100.0
0.3,MLST.klebsiella.307,128,573.13294,Good,5488878,100.0
0.0,MLST.klebsiella.307,112,573.13338,Good,5404605,100.0
0.0,MLST.klebsiella.258,117,573.13343,Good,5485918,100.0
1.3,MLST.klebsiella.15,228,573.13348,Good,5561771,100.0
0.3,MLST.klebsiella.280,122,573.13385,Good,5468997,100.0
0.3,MLST.klebsiella.258,213,573.13387,Good,5587018,100.0
0.3,MLST.klebsiella.13,160,573.13437,Good,5475369,99.7
0.0,MLST.klebsiella.258,119,573.13468,Good,5493126,100.0
0.0,MLST.klebsiella.258,132,573.13478,Good,5528768,100.0
0.0,MLST.klebsiella.307,125,573.13483,Good,5562080,100.0
0.0,MLST.klebsiella.307,117,573.13530,Good,5467833,100.0
0.0,MLST.klebsiella.37,106,573.13532,Good,5536913,100.0
0.0,MLST.klebsiella.258,117,573.13535,Good,5571143,100.0
0.0,MLST.klebsiella.1427,72,573.13540,Good,5391635,100.0
0.0,MLST.klebsiella.258,140,573.13566,Good,5780289,100.0
0.0,MLST.klebsiella.307,67,573.13583,Good,5263513,100.0
0.0,MLST.klebsiella.307,114,573.13596,Good,5746315,100.0
0.7,MLST.klebsiella.3899,134,573.13608,Good,5752841,99.3
0.0,MLST.klebsiella.307,80,573.13621,Good,5364425,100.0
0.3,MLST.klebsiella.13,150,573.13623,Good,5596459,99.7
0.0,MLST.klebsiella.307,86,573.13626,Good,5530218,100.0
0.0,MLST.klebsiella.45,75,573.13637,Good,5560155,100.0
0.3,MLST.klebsiella.3660,78,573.13639,Good,5413988,99.7
0.3,MLST.klebsiella.258,116,573.13648,Good,5486134,100.0
0.0,MLST.klebsiella.234,76,573.13663,Good,5554318,100.0
0.0,MLST.klebsiella.258,111,573.13699,Good,5690558,100.0
0.0,MLST.klebsiella.307,116,573.13707,Good,5754932,100.0
0.3,MLST.klebsiella.147,115,573.13768,Good,5465124,100.0
0.0,MLST.klebsiella.307,99,573.13779,Good,5581723,100.0
0.5,MLST.klebsiella.280,90,573.13792,Good,5463099,100.0
0.7,MLST.klebsiella.258,85,573.13796,Good,5408935,100.0
0.0,MLST.klebsiella.551,84,573.13841,Good,5509498,100.0
0.0,MLST.klebsiella.15,90,573.13934,Good,5590988,100.0
0.3,MLST.klebsiella.3792,130,573.13936,Good,5626562,100.0
0.0,MLST.klebsiella.307,114,573.13947,Good,5462580,100.0
0.3,MLST.klebsiella.15,104,573.13994,Good,5610875,100.0
0.3,MLST.klebsiella.16,88,573.14034,Good,5522156,100.0
0.0,MLST.klebsiella.307,91,573.14113,Good,5412112,100.0
0.0,MLST.klebsiella.258,142,573.14153,Good,5555948,100.0
0.0,MLST.klebsiella.307,107,573.14166,Good,5504039,100.0
0.0,MLST.klebsiella.258,130,573.14173,Good,5427416,100.0
0.2,MLST.klebsiella.307,87,573.14215,Good,5427284,100.0
0.3,MLST.klebsiella.392,93,573.14245,Good,5497486,100.0
0.0,MLST.klebsiella.307,104,573.14252,Good,5351543,100.0
0.0,MLST.klebsiella.258,128,573.14283,Good,5770048,100.0
0.0,MLST.klebsiella.258,88,573.14299,Good,5314007,100.0
0.3,MLST.klebsiella.258,112,573.14307,Good,5561160,100.0
0.3,MLST.klebsiella.16,122,573.14332,Good,5381965,100.0
0.3,MLST.klebsiella.280,77,573.14344,Good,5491715,100.0
0.3,MLST.klebsiella.2975,76,573.14404,Good,5505267,100.0
0.0,MLST.klebsiella.307,75,573.14406,Good,5467824,100.0
1.0,MLST.klebsiella.15,135,573.14416,Good,5700017,100.0
0.0,MLST.klebsiella.258,138,573.14462,Good,5501546,100.0
1.0,MLST.klebsiella.36,83,573.14469,Good,5313979,100.0
0.0,MLST.klebsiella.258,137,573.14475,Good,5820099,100.0
0.3,MLST.klebsiella.307,80,573.14508,Good,5393905,100.0
0.0,MLST.klebsiella.258,122,573.14516,Good,5459842,100.0
0.0,MLST.klebsiella.307,93,573.14525,Good,5444220,100.0
0.0,MLST.klebsiella.25,73,573.14527,Good,5553043,100.0
0.3,MLST.klebsiella.16,59,573.14529,Good,5492257,100.0
0.0,MLST.klebsiella.37,1,573.15373,Good,5354543,100.0
0.0,MLST.klebsiella.3395,80,573.15475,Good,5397520,100.0
0.0,MLST.klebsiella.133,64,573.15518,Good,5541981,100.0
0.7,MLST.klebsiella.2989,58,573.15597,Good,5794374,98.3
1.3,MLST.klebsiella.258,181,573.1725,Good,5731635,100.0
0.3,MLST.klebsiella.512,169,573.1726,Good,5736342,100.0
3.8,MLST.klebsiella.512,178,573.1734,Good,5694799,100.0
0.11,,106,573.31078,Good,5509789,99.78
1.0,MLST.klebsiella.753,840,573.12885,Good,5631413,100.0
0.0,MLST.klebsiella.258,350,573.12887,Good,5801353,100.0
1.0,MLST.klebsiella.2599,1354,573.12933,Poor,5676013,100.0
0.8,MLST.klebsiella.258,533,573.12958,Good,5823005,100.0
0.0,MLST.klebsiella.528,519,573.12959,Good,5307410,100.0
1.0,MLST.klebsiella.45,329,573.13000,Good,5621587,100.0
0.7,MLST.klebsiella.163,5,573.15042,Good,5806817,99.3
0.0,MLST.klebsiella.14,4,573.18093,Good,5799475,100.0
0.3,MLST.klebsiella.36,3,573.20061,Good,5547246,100.0
0.0,MLST.klebsiella.258,5,573.9723,Good,5666107,100.0
0.0,MLST.klebsiella.307,70,573.66172,Good,5387412,100.0
0.0,MLST.klebsiella.307,74,573.66191,Good,5420915,100.0
0.0,MLST.klebsiella.17,51,573.66568,Good,5455421,100.0
0.0,MLST.klebsiella.4384,48,573.66598,Good,5146827,100.0
0.0,MLST.klebsiella.17,39,573.66599,Good,5219830,100.0
0.1,MLST.klebsiella.180,65,573.66611,Good,5345357,100.0
0.0,MLST.klebsiella.1114,78,573.66613,Good,5451083,100.0
0.0,MLST.klebsiella.20,160,573.66636,Good,5548792,100.0
0.0,MLST.klebsiella.105,35,573.66655,Good,5191100,100.0
0.1,MLST.klebsiella.70,119,573.66734,Good,5183936,100.0
0.1,MLST.klebsiella.37,86,573.66736,Good,5338564,100.0
0.1,MLST.klebsiella.188,76,573.66765,Good,5223128,100.0
1.9,MLST.klebsiella.4385,461,573.66800,Good,5445128,99.9
0.4,MLST.klebsiella.268,111,573.66801,Good,5171810,99.9
0.0,MLST.klebsiella.20,73,573.66807,Good,5397142,100.0
0.0,MLST.klebsiella.2947,98,573.66863,Good,5628334,100.0
0.1,MLST.klebsiella.881,84,573.66873,Good,5500836,100.0
0.0,MLST.klebsiella.377,85,573.66878,Good,5416177,100.0
0.1,MLST.klebsiella.70,51,573.66893,Good,5456180,100.0
0.0,MLST.klebsiella.45,60,573.66908,Good,5461250,100.0
0.0,MLST.klebsiella.248,102,573.66945,Good,5418065,100.0
0.0,MLST.klebsiella.2108,61,573.66960,Good,5240877,100.0
0.0,MLST.klebsiella.25,84,573.66978,Good,5469150,100.0
0.0,MLST.klebsiella.501,94,573.67018,Good,5426136,100.0
0.2,MLST.klebsiella.704,169,573.67026,Good,5615294,100.0
0.0,MLST.klebsiella.43,53,573.67050,Good,5176334,100.0
0.1,MLST.klebsiella.1727,115,573.67060,Good,5521699,100.0
0.0,MLST.klebsiella.584,61,573.67072,Good,5197090,100.0
0.1,MLST.klebsiella.432,80,573.67074,Good,5321617,100.0
0.1,MLST.klebsiella.4229,106,573.67086,Good,5437554,100.0
0.0,MLST.klebsiella.251,46,573.67092,Good,5317937,100.0
0.1,MLST.klebsiella.896,68,573.67137,Good,5571346,100.0
0.0,MLST.klebsiella.48,85,573.67146,Good,5275831,100.0
0.2,MLST.klebsiella.11,119,573.67168,Good,5542032,100.0
0.1,MLST.klebsiella.48,57,573.67169,Good,5212045,100.0
14.2,,591,573.15551,Poor,6731795,100.0
0.0,,212,573.24267,Good,5591171,99.78
0.2,,33,573.15563,Good,5247162,97.3
1.0,,203,573.14246,Good,5692374,100.0
1.0,MLST.Klebsiella_pneumoniae.307,279,573.13795,Good,5978383,100.0
0.0,MLST.Klebsiella_pneumoniae.307,155,573.14326,Good,5507695,100.0
7.1,MLST.Klebsiella_pneumoniae.16,205,573.13786,Good,5714451,100.0
0.11,MLST.klebsiella.16,163,573.24252,Good,5891507,99.78
0.0,MLST.klebsiella.43,140,573.24315,Good,5661910,99.78
0.0,MLST.klebsiella.147,114,573.46831,Good,5824261,99.78
0.11,MLST.klebsiella.147,100,573.46851,Good,5824711,99.78
0.0,MLST.klebsiella.147,112,573.46853,Good,5775765,99.78
0.0,MLST.klebsiella.147,128,573.46855,Good,5845236,99.78
0.0,MLST.klebsiella.37,29,573.5724,Good,5312887,100.0
0.0,MLST.klebsiella.35,35,573.5726,Good,5411866,100.0
0.0,MLST.klebsiella.258,119,573.5767,Good,5680032,100.0
0.0,MLST.klebsiella.258,97,573.5778,Good,5611808,100.0
0.0,MLST.klebsiella.336,106,573.5808,Good,5913685,100.0
0.3,MLST.klebsiella.378,40,573.5818,Good,5429535,100.0
0.2,MLST.klebsiella.3519,89,573.66110,Good,5645628,100.0
0.1,MLST.klebsiella.111,56,573.66124,Good,5385436,100.0
0.0,MLST.klebsiella.512,97,573.66148,Good,5527146,100.0
0.2,MLST.klebsiella.2974,76,573.66149,Good,5518703,100.0
0.0,MLST.klebsiella.11,105,573.66220,Good,5801824,100.0
0.0,MLST.klebsiella.392,138,573.66229,Good,5538664,100.0
0.0,MLST.klebsiella.15,88,573.66233,Good,5604098,100.0
0.0,MLST.klebsiella.15,77,573.66235,Good,5595410,100.0
0.0,MLST.klebsiella.656,93,573.66283,Good,5499620,100.0
0.0,MLST.klebsiella.656,106,573.66305,Good,5500862,100.0
0.0,MLST.klebsiella.16,84,573.66351,Good,5648316,100.0
0.0,MLST.klebsiella.15,95,573.66394,Good,5599286,100.0
0.0,MLST.klebsiella.147,67,573.66396,Good,5582535,99.9
0.0,MLST.klebsiella.147,63,573.66411,Good,5568314,99.9
0.0,MLST.klebsiella.147,66,573.66413,Good,5580553,99.9
0.0,MLST.klebsiella.656,90,573.66427,Good,5503909,100.0
0.0,MLST.klebsiella.15,92,573.66499,Good,5601563,100.0
0.0,MLST.klebsiella.15,97,573.66542,Good,5589361,100.0
0.4,MLST.klebsiella.240,207,573.67205,Good,5705752,100.0
0.0,MLST.klebsiella.258,83,573.67250,Good,5495475,100.0
0.0,MLST.klebsiella.258,137,573.67296,Good,5657707,100.0
0.0,MLST.klebsiella.323,37,573.67330,Good,5320232,100.0
0.0,MLST.klebsiella.147,74,573.23199,Good,5703827,99.78
0.0,MLST.klebsiella.38,184,573.24259,Good,5717915,99.78
0.11,MLST.klebsiella.35,140,573.24281,Good,5747781,99.78
0.11,MLST.klebsiella.37,112,573.24283,Good,5528018,99.78
0.22,MLST.klebsiella.307,88,573.24288,Good,5482561,99.78
0.0,MLST.klebsiella.307,129,573.24291,Good,5622249,99.78
0.11,MLST.klebsiella.476,240,573.24308,Good,6030343,99.78
0.0,MLST.klebsiella.231,77,573.24321,Good,5550549,99.78
0.0,MLST.klebsiella.258,171,573.24326,Good,5679270,99.78
0.0,MLST.klebsiella.258,134,573.24363,Good,5678163,99.67
0.0,MLST.klebsiella.15,105,573.24392,Good,5734856,99.78
0.22,MLST.klebsiella.258,122,573.24433,Good,5501761,99.78
0.0,MLST.klebsiella.258,128,573.24453,Good,5596494,99.78
0.0,MLST.klebsiella.1536,56,573.26080,Good,5501361,99.78
0.0,MLST.klebsiella.277,52,573.26195,Good,5409966,99.78
0.22,MLST.klebsiella.86,40,573.26207,Good,5158845,99.78
0.0,MLST.klebsiella.39,55,573.26234,Good,5525317,99.78
0.11,MLST.klebsiella.11,61,573.26278,Good,5616964,99.78
0.11,MLST.klebsiella.1886,167,573.26285,Good,5292311,99.78
0.0,MLST.klebsiella.29,50,573.26286,Good,5432958,99.78
0.0,MLST.klebsiella.307,41,573.26298,Good,5503194,99.78
0.11,MLST.klebsiella.512,68,573.29866,Good,5486909,99.78
0.55,MLST.klebsiella.512,127,573.29871,Good,5668126,99.78
0.0,MLST.klebsiella.512,93,573.29911,Good,5631647,99.78
0.0,MLST.klebsiella.307,52,573.29942,Good,5446637,99.78
0.0,MLST.klebsiella.3499,116,573.29958,Good,5744090,99.78
0.11,MLST.klebsiella.512,113,573.29965,Good,5715523,99.78
0.44,MLST.klebsiella.512,130,573.29993,Good,5929305,99.78
0.44,MLST.klebsiella.11,120,573.30013,Good,5856957,99.78
0.11,MLST.klebsiella.15,110,573.33418,Good,5692252,96.33
0.0,MLST.klebsiella.323,5,573.34284,Good,5676080,99.78
0.3,MLST.klebsiella.2185,115,573.13057,Good,5592768,100.0
0.0,MLST.klebsiella.258,115,573.13066,Good,5474624,100.0
0.0,MLST.klebsiella.307,131,573.13111,Good,5557839,100.0
0.0,MLST.klebsiella.37,88,573.13117,Good,5519556,99.7
0.0,MLST.klebsiella.462,70,573.13134,Good,5490331,100.0
0.0,MLST.klebsiella.307,101,573.13136,Good,5493972,100.0
0.0,MLST.klebsiella.307,109,573.13140,Good,5472962,100.0
0.3,MLST.klebsiella.462,64,573.13168,Good,5449190,100.0
1.7,MLST.klebsiella.307,220,573.13181,Good,5326681,100.0
0.3,MLST.klebsiella.307,81,573.13196,Good,5394085,100.0
1.3,MLST.klebsiella.307,249,573.13213,Good,5471684,100.0
0.3,MLST.klebsiella.111,69,573.13216,Good,5357894,99.7
0.0,MLST.klebsiella.307,104,573.13223,Good,5410637,100.0
3.5,MLST.klebsiella.307,255,573.13235,Good,5471208,100.0
1.7,MLST.klebsiella.15,184,573.13354,Good,5651116,100.0
0.7,MLST.klebsiella.13,157,573.13372,Good,5599374,99.7
0.0,MLST.klebsiella.307,146,573.13373,Good,5391689,100.0
0.7,MLST.klebsiella.13,205,573.13395,Good,5587987,99.7
0.7,MLST.klebsiella.1412,82,573.13409,Good,5242657,100.0
0.0,MLST.klebsiella.307,122,573.13425,Good,5312913,100.0
1.0,MLST.klebsiella.273,130,573.13458,Good,5605312,100.0
0.0,MLST.klebsiella.307,103,573.13463,Good,5725565,100.0
0.0,MLST.klebsiella.258,114,573.13502,Good,5489544,100.0
0.0,MLST.klebsiella.307,96,573.13581,Good,5453601,100.0
0.0,MLST.klebsiella.258,145,573.13592,Good,5780365,100.0
0.0,MLST.klebsiella.258,138,573.13634,Good,5580230,100.0
0.0,MLST.klebsiella.307,111,573.13659,Good,5740331,100.0
0.0,MLST.klebsiella.1440,101,573.13660,Good,5373244,100.0
0.0,MLST.klebsiella.307,133,573.13689,Good,5425505,100.0
0.0,MLST.klebsiella.16,66,573.13696,Good,5349674,100.0
0.0,MLST.klebsiella.307,93,573.13713,Good,5471116,100.0
0.0,MLST.klebsiella.258,117,573.13759,Good,5719586,100.0
0.0,MLST.klebsiella.15,63,573.13818,Good,5458721,100.0
0.0,MLST.klebsiella.17,68,573.13820,Good,5515056,100.0
0.0,MLST.klebsiella.258,118,573.13856,Good,5695020,100.0
0.0,MLST.klebsiella.336,54,573.13870,Good,5632925,100.0
0.0,MLST.klebsiella.258,123,573.13879,Good,5588520,100.0
0.0,MLST.klebsiella.258,100,573.13915,Good,5256098,100.0
2.3,MLST.klebsiella.978,88,573.13924,Good,5616403,98.6
0.0,MLST.klebsiella.307,108,573.13965,Good,5581226,100.0
0.3,MLST.klebsiella.1823,98,573.13967,Good,5422918,99.7
0.1,MLST.klebsiella.258,105,573.13974,Good,5556348,100.0
0.0,MLST.klebsiella.307,92,573.14009,Good,5468357,100.0
0.0,MLST.klebsiella.307,85,573.14015,Good,5368019,100.0
0.0,MLST.klebsiella.258,142,573.14022,Good,5792494,100.0
0.0,MLST.klebsiella.307,87,573.14042,Good,5410985,100.0
0.0,MLST.klebsiella.14,76,573.14047,Good,5423714,100.0
0.0,MLST.klebsiella.258,124,573.14060,Good,5508520,100.0
0.0,MLST.klebsiella.15,147,573.14072,Good,5519920,100.0
0.0,MLST.klebsiella.14,70,573.14073,Good,5376261,100.0
0.0,MLST.klebsiella.307,81,573.14075,Good,5459798,100.0
0.0,MLST.klebsiella.307,103,573.14083,Good,5424465,100.0
0.0,MLST.klebsiella.258,131,573.14118,Good,5437348,100.0
0.0,MLST.klebsiella.16,104,573.14142,Good,5505559,100.0
0.0,MLST.klebsiella.307,98,573.14168,Good,5521458,100.0
0.0,MLST.klebsiella.258,102,573.14183,Good,5439564,100.0
0.0,MLST.klebsiella.307,197,573.14186,Good,5623253,100.0
0.0,MLST.klebsiella.258,117,573.14224,Good,5443341,100.0
0.0,MLST.klebsiella.258,102,573.14233,Good,5671515,100.0
0.0,MLST.klebsiella.258,141,573.14243,Good,5468426,99.7
0.0,MLST.klebsiella.258,124,573.14266,Good,5449521,100.0
0.0,MLST.klebsiella.258,114,573.14282,Good,5768138,100.0
0.0,MLST.klebsiella.307,72,573.14292,Good,5399476,100.0
0.7,MLST.klebsiella.15,160,573.14312,Good,5501795,100.0
0.0,MLST.klebsiella.258,103,573.14388,Good,5530173,100.0
0.0,MLST.klebsiella.45,71,573.14427,Good,5558593,100.0
0.3,MLST.klebsiella.656,148,573.14432,Good,5843233,100.0
0.0,MLST.klebsiella.307,125,573.14472,Good,5571020,100.0
0.0,MLST.klebsiella.258,134,573.14512,Good,5574188,100.0
0.0,MLST.klebsiella.307,80,573.14526,Good,5402729,100.0
0.3,MLST.klebsiella.307,93,573.14530,Good,5481653,100.0
0.3,MLST.klebsiella.280,71,573.14544,Good,5489456,100.0
0.0,MLST.klebsiella.258,148,573.14545,Good,5483423,99.7
0.3,MLST.klebsiella.29,7,573.15360,Good,5676465,99.7
0.0,MLST.klebsiella.323,6,573.15368,Good,5677989,100.0
0.0,MLST.klebsiella.15,118,573.15435,Good,5873370,100.0
0.0,MLST.klebsiella.3395,83,573.15476,Good,5397390,100.0
0.0,MLST.klebsiella.29,47,573.15483,Good,5362327,100.0
0.0,MLST.klebsiella.3395,66,573.15495,Good,5254964,100.0
0.0,MLST.klebsiella.3395,81,573.15499,Good,5396379,100.0
0.0,MLST.klebsiella.152,41,573.15504,Good,5355574,100.0
1.0,MLST.klebsiella.347,22,573.15534,Good,5545078,98.0
0.3,MLST.klebsiella.596,41,573.15538,Good,5401864,98.0
0.3,MLST.klebsiella.205,36,573.15561,Good,5429102,98.0
0.3,MLST.klebsiella.20,70,573.15581,Good,5420374,100.0
0.0,MLST.klebsiella.323,75,573.15595,Good,5445588,100.0
0.0,MLST.klebsiella.323,63,573.15626,Good,5489091,100.0
0.3,MLST.klebsiella.147,5,573.18476,Good,5391141,100.0
0.44,MLST.Klebsiella_pneumoniae.437,241,573.31061,Good,5379914,99.78
0.7,MLST.klebsiella.86,351,573.12868,Good,5445426,100.0
0.3,MLST.klebsiella.393,277,573.12874,Good,5622464,100.0
0.3,MLST.klebsiella.2217,343,573.12899,Good,5400565,100.0
0.0,MLST.klebsiella.307,457,573.12919,Good,5382996,100.0
1.3,MLST.klebsiella.405,395,573.12949,Good,5707283,100.0
0.3,MLST.klebsiella.492,277,573.12964,Good,5532682,100.0
0.3,MLST.klebsiella.1876,287,573.12969,Good,5456965,100.0
0.0,MLST.klebsiella.258,6,573.15217,Good,5859680,100.0
0.0,MLST.Klebsiella_pneumoniae.258,6,573.15420,Good,5859680,100.0
0.1,MLST.klebsiella.416,137,573.66573,Good,5698140,100.0
0.1,MLST.klebsiella.1114,92,573.66581,Good,5518044,100.0
0.0,MLST.klebsiella.134,66,573.66624,Good,5524798,99.9
0.2,MLST.klebsiella.2127,88,573.66686,Good,5448080,100.0
0.0,MLST.klebsiella.105,72,573.66690,Good,5376380,100.0
0.0,MLST.klebsiella.1574,131,573.66697,Good,5768319,100.0
0.1,MLST.klebsiella.4300,62,573.66743,Good,5402997,100.0
0.2,MLST.klebsiella.704,129,573.66840,Good,5774217,100.0
0.0,MLST.klebsiella.14,58,573.66864,Good,5298895,100.0
0.1,MLST.klebsiella.2949,93,573.66880,Good,5362562,100.0
0.0,MLST.klebsiella.37,92,573.66891,Good,5558009,100.0
0.0,MLST.klebsiella.405,75,573.66926,Good,5715819,100.0
0.0,MLST.klebsiella.307,78,573.66935,Good,5436477,100.0
0.0,MLST.klebsiella.309,82,573.66992,Good,5421802,100.0
0.1,MLST.klebsiella.4379,159,573.67000,Good,5413542,100.0
0.0,MLST.klebsiella.4,87,573.67027,Good,5357628,100.0
0.0,MLST.klebsiella.11,62,573.67031,Good,5493240,100.0
0.0,MLST.klebsiella.359,153,573.67033,Good,5203520,100.0
0.0,MLST.klebsiella.4333,64,573.67058,Good,5361110,100.0
0.2,MLST.klebsiella.2116,98,573.67065,Good,5402719,100.0
0.0,MLST.klebsiella.4392,110,573.67078,Good,5671547,100.0
0.0,MLST.klebsiella.359,137,573.67101,Good,5333045,100.0
0.0,MLST.klebsiella.101,57,573.67143,Good,5444896,100.0
0.1,MLST.klebsiella.719,82,573.67172,Good,5446541,100.0
0.0,MLST.klebsiella.258,12,573.7024,Good,5894793,100.0
26.4,MLST.Klebsiella_pneumoniae.42,1026,573.13505,Poor,6988208,100.0
0.0,,140,573.13973,Good,5560326,100.0
0.0,MLST.Klebsiella_pneumoniae.307,46,573.26273,Good,5632087,99.78
7.1,,663,573.14439,Good,5994633,99.0
1.0,,97,573.13135,Good,5589276,100.0
0.0,MLST.klebsiella.147,139,573.46833,Good,5873722,99.78
0.0,MLST.klebsiella.147,112,573.46850,Good,5854393,99.78
0.0,MLST.klebsiella.147,99,573.46864,Good,5875704,99.78
0.11,MLST.klebsiella.147,85,573.46876,Good,5835113,99.78
0.0,MLST.klebsiella.895,40,573.5684,Good,5600053,100.0
0.0,MLST.klebsiella.101,52,573.5795,Good,5669420,100.0
0.0,MLST.klebsiella.199,35,573.5796,Good,5519305,100.0
0.0,MLST.klebsiella.307,30,573.5806,Good,5402630,100.0
0.0,MLST.klebsiella.35,39,573.5814,Good,5469468,100.0
0.0,MLST.klebsiella.36,98,573.66236,Good,5499115,100.0
0.0,MLST.klebsiella.15,58,573.66271,Good,5477528,100.0
0.0,MLST.klebsiella.15,137,573.66293,Good,5669372,100.0
0.0,MLST.klebsiella.16,82,573.66311,Good,5547073,100.0
0.0,MLST.klebsiella.16,64,573.66316,Good,5833966,100.0
0.0,MLST.klebsiella.15,155,573.66341,Good,5657581,100.0
0.0,MLST.klebsiella.16,67,573.66369,Good,5622556,100.0
0.0,MLST.klebsiella.16,78,573.66385,Good,5648416,100.0
0.0,MLST.klebsiella.16,91,573.66386,Good,5713871,100.0
0.0,MLST.klebsiella.11,98,573.66399,Good,5612022,100.0
0.0,MLST.klebsiella.15,102,573.66416,Good,5762220,100.0
0.0,MLST.klebsiella.16,66,573.66426,Good,5506654,100.0
0.0,MLST.klebsiella.15,80,573.66442,Good,5586833,100.0
0.0,MLST.klebsiella.15,128,573.66444,Good,5653847,100.0
0.0,MLST.klebsiella.15,103,573.66459,Good,5632485,100.0
0.0,MLST.klebsiella.37,77,573.66460,Good,5374581,100.0
0.0,MLST.klebsiella.15,127,573.66494,Good,5641275,100.0
0.0,MLST.klebsiella.656,83,573.66509,Good,5494547,100.0
0.0,MLST.klebsiella.15,89,573.66518,Good,5603872,100.0
0.0,MLST.klebsiella.656,89,573.66521,Good,5499540,100.0
0.0,MLST.klebsiella.15,90,573.66551,Good,5602398,100.0
0.0,MLST.klebsiella.685,117,573.66565,Good,5589046,100.0
0.6,MLST.klebsiella.34,145,573.67185,Good,5579045,100.0
0.2,MLST.klebsiella.26,212,573.67229,Good,5622918,99.9
0.2,MLST.klebsiella.133,84,573.67276,Good,5589744,100.0
0.0,MLST.klebsiella.258,141,573.67297,Good,5638577,100.0
0.0,MLST.klebsiella.252,164,573.67305,Good,5667090,100.0
0.0,MLST.klebsiella.258,80,573.67313,Good,5470515,100.0
0.0,MLST.klebsiella.307,80,573.67324,Good,5606787,100.0
0.0,MLST.klebsiella.17,148,573.24268,Good,5870053,99.78
0.0,MLST.klebsiella.405,61,573.24302,Good,5570280,99.78
0.0,MLST.klebsiella.395,116,573.24312,Good,5683592,99.78
0.0,MLST.klebsiella.258,112,573.24322,Good,5660924,99.78
0.0,MLST.klebsiella.340,145,573.24329,Good,5611038,99.55
0.0,MLST.klebsiella.258,148,573.24358,Good,5710769,99.78
0.0,MLST.klebsiella.258,105,573.24359,Good,5484207,99.78
0.0,MLST.klebsiella.258,126,573.24407,Good,5328168,99.44
0.0,MLST.klebsiella.258,170,573.24410,Good,5697554,99.78
0.22,MLST.klebsiella.258,155,573.24417,Good,5879619,99.78
0.0,MLST.klebsiella.258,114,573.24439,Good,5522781,99.78
0.44,MLST.klebsiella.258,184,573.24443,Good,5767449,99.78
0.11,MLST.klebsiella.3612,39,573.26098,Good,5536942,99.78
0.0,MLST.klebsiella.556,40,573.26154,Good,5573110,99.78
0.0,MLST.klebsiella.76,52,573.26162,Good,5562275,99.78
0.0,MLST.klebsiella.45,56,573.26170,Good,5462846,99.78
0.55,MLST.klebsiella.903,121,573.26219,Good,5378251,99.67
0.0,MLST.klebsiella.462,50,573.26253,Good,5664769,99.78
0.0,MLST.klebsiella.39,136,573.26266,Good,5594206,99.78
0.0,MLST.klebsiella.323,48,573.26308,Good,5504190,99.78
0.11,MLST.klebsiella.11,49,573.26310,Good,5617137,99.78
0.0,MLST.klebsiella.395,78,573.29879,Good,5930800,99.78
0.0,MLST.klebsiella.512,108,573.29906,Good,5694738,99.78
0.0,MLST.klebsiella.512,105,573.29929,Good,5687078,99.78
0.0,MLST.klebsiella.307,111,573.29947,Good,5703096,99.78
0.11,MLST.klebsiella.512,108,573.29981,Good,5701814,99.78
0.0,MLST.klebsiella.15,155,573.33391,Good,5858251,99.78
0.0,MLST.klebsiella.15,141,573.33409,Good,5860350,99.78
0.0,MLST.klebsiella.323,9,573.34239,Good,5830162,99.78
0.0,MLST.klebsiella.323,3,573.34248,Good,5467726,99.78
0.0,MLST.klebsiella.641,4,573.34302,Good,5972745,99.78
0.0,MLST.klebsiella.323,88,573.46078,Good,5390303,99.78
0.0,MLST.klebsiella.34,72,573.46112,Good,5329580,99.78
0.0,MLST.klebsiella.323,89,573.46118,Good,5510415,99.78
0.3,MLST.klebsiella.280,67,573.13036,Good,5450813,100.0
0.0,MLST.klebsiella.16,93,573.13059,Good,5458186,100.0
0.0,MLST.klebsiella.307,144,573.13121,Good,5386115,100.0
0.0,MLST.klebsiella.258,128,573.13145,Good,5571440,100.0
0.0,MLST.klebsiella.111,68,573.13150,Good,5357984,99.7
2.3,MLST.klebsiella.327,388,573.13158,Good,5891345,99.7
1.3,MLST.klebsiella.258,278,573.13161,Good,5555309,100.0
0.0,MLST.klebsiella.258,161,573.13210,Good,5567880,100.0
0.0,MLST.klebsiella.258,136,573.13219,Good,5559518,100.0
0.7,MLST.klebsiella.454,105,573.13243,Good,5765011,98.0
0.0,MLST.klebsiella.307,98,573.13291,Good,5407523,100.0
0.0,MLST.klebsiella.896,69,573.13295,Good,5511968,100.0
0.0,MLST.klebsiella.16,133,573.13310,Good,5321283,98.3
0.0,MLST.klebsiella.307,71,573.13316,Good,5579679,99.7
1.0,MLST.klebsiella.134,153,573.13359,Good,5570478,100.0
1.0,MLST.klebsiella.147,131,573.13364,Good,5398722,100.0
0.3,MLST.klebsiella.15,182,573.13365,Good,5739279,100.0
10.7,MLST.klebsiella.37,150,573.13367,Poor,5611103,97.3
0.5,MLST.klebsiella.280,113,573.13374,Good,5474300,100.0
0.3,MLST.klebsiella.15,182,573.13389,Good,5739725,100.0
1.0,MLST.klebsiella.16,139,573.13406,Good,5471971,100.0
2.5,MLST.klebsiella.307,189,573.13451,Good,5550348,100.0
0.0,MLST.klebsiella.307,130,573.13454,Good,5306486,100.0
0.7,MLST.klebsiella.405,87,573.13486,Good,5619083,100.0
0.0,MLST.klebsiella.307,100,573.13526,Good,5498674,100.0
0.0,MLST.klebsiella.307,100,573.13582,Good,5591879,99.7
0.0,MLST.klebsiella.2975,69,573.13590,Good,5346321,100.0
0.0,MLST.klebsiella.307,74,573.13650,Good,5594233,100.0
0.0,MLST.klebsiella.45,70,573.13664,Good,5489841,100.0
0.0,MLST.klebsiella.1440,74,573.13672,Good,5378927,100.0
0.0,MLST.klebsiella.307,76,573.13674,Good,5590439,100.0
0.3,MLST.klebsiella.280,72,573.13675,Good,5484094,100.0
0.3,MLST.klebsiella.258,107,573.13684,Good,5469839,100.0
0.3,MLST.klebsiella.307,93,573.13712,Good,5390406,100.0
0.0,MLST.klebsiella.307,129,573.13728,Good,5743413,100.0
0.0,MLST.klebsiella.307,135,573.13755,Good,5665797,100.0
2.0,MLST.klebsiella.307,255,573.13782,Good,5772011,100.0
0.7,MLST.klebsiella.327,86,573.13821,Good,5498844,99.3
0.0,MLST.klebsiella.307,105,573.13854,Good,5508851,100.0
0.7,MLST.klebsiella.258,134,573.13861,Good,5563302,99.7
0.0,MLST.klebsiella.307,69,573.13866,Good,5298279,100.0
0.0,MLST.klebsiella.258,97,573.13867,Good,5511819,100.0
0.0,MLST.klebsiella.45,75,573.13882,Good,5565154,100.0
0.3,MLST.klebsiella.147,104,573.13888,Good,5487315,100.0
1.0,MLST.klebsiella.258,196,573.13923,Good,5535558,100.0
0.0,MLST.klebsiella.307,133,573.13958,Good,5448383,100.0
0.3,MLST.klebsiella.392,118,573.13988,Good,5552023,100.0
0.0,MLST.klebsiella.258,138,573.13999,Good,5465474,100.0
0.0,MLST.klebsiella.16,61,573.14001,Good,5297751,100.0
0.3,MLST.klebsiella.147,97,573.14057,Good,5561703,100.0
0.0,MLST.klebsiella.307,120,573.14079,Good,5564444,100.0
0.0,MLST.klebsiella.15,83,573.14082,Good,5431459,100.0
0.0,MLST.klebsiella.307,131,573.14085,Good,5557358,100.0
0.0,MLST.klebsiella.307,77,573.14095,Good,5456336,100.0
0.0,MLST.klebsiella.307,81,573.14102,Good,5474375,100.0
0.0,MLST.klebsiella.307,76,573.14131,Good,5367489,100.0
0.0,MLST.klebsiella.307,100,573.14162,Good,5421424,100.0
0.0,MLST.klebsiella.307,91,573.14253,Good,5479591,100.0
0.7,MLST.klebsiella.20,80,573.14334,Good,5543931,100.0
0.0,MLST.klebsiella.307,87,573.14358,Good,5416023,100.0
0.1,MLST.klebsiella.681,103,573.14387,Good,5544507,98.3
0.0,MLST.klebsiella.16,81,573.14421,Good,5476778,100.0
0.3,MLST.klebsiella.1107,87,573.14435,Good,5496952,100.0
0.3,MLST.klebsiella.280,70,573.14445,Good,5450386,100.0
0.0,MLST.klebsiella.2975,81,573.14464,Good,5413818,100.0
0.3,MLST.klebsiella.307,98,573.14500,Good,5479834,100.0
0.0,MLST.klebsiella.307,78,573.14502,Good,5360760,100.0
0.0,MLST.klebsiella.307,89,573.14541,Good,5365990,100.0
0.0,MLST.klebsiella.37,53,573.15432,Good,5334927,100.0
0.7,MLST.klebsiella.297,87,573.15444,Good,5405709,100.0
0.0,MLST.klebsiella.15,113,573.15448,Good,5871799,100.0
1.0,MLST.klebsiella.2326,94,573.15460,Good,5524683,100.0
0.0,MLST.klebsiella.15,68,573.15482,Good,5465832,100.0
0.0,MLST.klebsiella.15,116,573.15490,Good,5872866,100.0
0.0,MLST.klebsiella.15,62,573.15606,Good,5464094,100.0
0.3,MLST.klebsiella.29,93,573.15611,Good,5582567,99.7
0.0,MLST.klebsiella.240,119,573.15620,Good,5595938,99.7
0.5,MLST.klebsiella.512,173,573.1728,Good,5741878,100.0
0.3,MLST.klebsiella.37,434,573.12871,Good,5653511,100.0
0.7,MLST.klebsiella.15,332,573.12897,Good,5594663,100.0
0.0,MLST.klebsiella.1180,378,573.12904,Good,5595436,100.0
0.0,MLST.klebsiella.45,224,573.12910,Good,5521810,100.0
0.0,MLST.Klebsiella_pneumoniae.307,276,573.12932,Good,5553083,100.0
1.0,MLST.klebsiella.3161,210,573.12939,Good,5506171,100.0
2.1,MLST.klebsiella.45,311,573.12965,Good,5514732,100.0
0.7,MLST.klebsiella.45,294,573.12986,Good,5459185,100.0
0.0,MLST.klebsiella.307,74,573.66178,Good,5442543,100.0
0.0,MLST.klebsiella.307,79,573.66185,Good,5389214,100.0
0.0,MLST.klebsiella.307,79,573.66192,Good,5426393,100.0
0.0,MLST.klebsiella.15,113,573.66197,Good,5672952,100.0
0.0,MLST.klebsiella.15,64,573.66198,Good,5575724,99.9
0.1,MLST.klebsiella.2459,57,573.66580,Good,5354464,100.0
0.0,MLST.klebsiella.23,57,573.66614,Good,5622474,100.0
0.1,MLST.klebsiella.45,88,573.66631,Good,5440410,100.0
0.0,MLST.klebsiella.25,69,573.66651,Good,5429512,100.0
0.0,MLST.klebsiella.37,75,573.66664,Good,5500408,100.0
0.0,MLST.klebsiella.469,43,573.66707,Good,5123428,100.0
0.0,MLST.klebsiella.37,96,573.66748,Good,5286059,100.0
0.0,MLST.klebsiella.628,62,573.66767,Good,5371096,100.0
0.2,MLST.klebsiella.2441,75,573.66769,Good,5337142,100.0
0.0,MLST.klebsiella.4327,95,573.66780,Good,5653689,100.0
0.1,MLST.klebsiella.461,153,573.66798,Good,5608884,99.9
0.0,MLST.klebsiella.20,42,573.66799,Good,5197283,100.0
0.0,MLST.klebsiella.1609,96,573.66812,Good,5480339,100.0
0.0,MLST.klebsiella.163,192,573.66842,Good,5633811,100.0
0.0,MLST.klebsiella.277,71,573.66856,Good,5543567,100.0
0.0,MLST.klebsiella.14,61,573.66884,Good,5292138,100.0
0.0,MLST.klebsiella.45,70,573.66889,Good,5540579,100.0
0.0,MLST.klebsiella.35,48,573.66903,Good,5522746,100.0
0.0,MLST.klebsiella.405,78,573.66914,Good,5663268,99.9
0.0,MLST.klebsiella.307,84,573.66937,Good,5435085,100.0
0.0,MLST.klebsiella.107,61,573.66952,Good,5409878,100.0
0.2,MLST.klebsiella.253,142,573.66953,Good,5485588,100.0
0.1,MLST.klebsiella.321,57,573.66981,Good,5412716,100.0
0.0,MLST.klebsiella.15,73,573.66995,Good,5438863,100.0
0.0,MLST.klebsiella.26,141,573.66996,Good,5464682,100.0
0.0,MLST.klebsiella.323,58,573.67025,Good,5441959,100.0
0.0,MLST.klebsiella.359,144,573.67032,Good,5209155,99.8
0.0,MLST.klebsiella.4305,53,573.67045,Good,5165987,100.0
0.2,MLST.klebsiella.704,155,573.67084,Good,5300185,99.9
0.2,MLST.klebsiella.29,106,573.67099,Good,5446054,100.0
0.0,MLST.klebsiella.551,61,573.67100,Good,5364910,100.0
0.0,MLST.klebsiella.147,101,573.67142,Good,5859873,100.0
0.0,MLST.klebsiella.340,101,573.67148,Good,5568000,100.0
0.3,MLST.klebsiella.4246,104,573.67160,Good,5449661,100.0
0.0,MLST.Klebsiella_pneumoniae.592,48,573.26287,Good,5358874,99.78
0.11,,127,573.24440,Good,5604528,99.78
0.11,MLST.Klebsiella_pneumoniae.321,44,573.26313,Good,5526383,99.78
0.2,,58,573.13929,Good,5312127,100.0
0.0,MLST.Klebsiella_pneumoniae.307,81,573.14008,Good,5402752,100.0
0.0,,98,573.14275,Good,5429548,100.0
0.3,,69,573.13834,Good,5469132,99.7
1.64,MLST.klebsiella.437,268,573.31062,Good,5608282,99.78
1.97,MLST.klebsiella.258,569,573.31074,Good,5732848,99.78
0.11,MLST.klebsiella.882,122,573.31082,Good,5272210,99.78
0.0,MLST.klebsiella.147,92,573.46849,Good,5837392,99.78
0.0,MLST.klebsiella.147,92,573.46870,Good,5834395,99.78
0.0,MLST.klebsiella.147,85,573.46877,Good,5838803,99.78
0.0,MLST.klebsiella.258,105,573.5765,Good,5750411,100.0
0.0,MLST.klebsiella.11,54,573.5798,Good,5532991,100.0
0.4,MLST.klebsiella.3838,113,573.5812,Good,5776151,96.6
0.0,MLST.klebsiella.258,159,573.66116,Good,5693200,100.0
0.2,MLST.klebsiella.336,50,573.66139,Good,5502691,100.0
0.2,MLST.klebsiella.3515,95,573.66142,Good,5668845,100.0
0.0,MLST.klebsiella.15,87,573.66217,Good,5766022,100.0
0.0,MLST.klebsiella.11,131,573.66225,Good,5767478,100.0
0.0,MLST.klebsiella.15,153,573.66231,Good,5643939,100.0
0.0,MLST.klebsiella.15,90,573.66239,Good,5490472,100.0
0.0,MLST.klebsiella.11,113,573.66248,Good,5755172,100.0
0.0,MLST.klebsiella.11,106,573.66265,Good,5757273,100.0
0.0,MLST.klebsiella.11,109,573.66269,Good,5753174,100.0
0.0,MLST.klebsiella.15,126,573.66276,Good,5782890,100.0
0.0,MLST.klebsiella.15,91,573.66286,Good,5601642,100.0
0.0,MLST.klebsiella.11,114,573.66322,Good,5798178,100.0
0.0,MLST.klebsiella.15,86,573.66334,Good,5619297,100.0
0.0,MLST.klebsiella.709,78,573.66346,Good,5474058,100.0
0.0,MLST.klebsiella.307,67,573.66350,Good,5616169,100.0
0.0,MLST.klebsiella.15,84,573.66357,Good,5619763,100.0
0.1,MLST.klebsiella.15,129,573.66363,Good,5671077,100.0
0.0,MLST.klebsiella.16,86,573.66374,Good,5593138,100.0
0.0,MLST.klebsiella.656,71,573.66393,Good,5488961,100.0
0.0,MLST.klebsiella.15,93,573.66452,Good,5601369,100.0
0.0,MLST.klebsiella.337,107,573.66516,Good,5600448,100.0
0.0,MLST.klebsiella.327,114,573.66527,Good,5595750,100.0
0.0,MLST.klebsiella.15,87,573.66545,Good,5603319,100.0
0.0,MLST.klebsiella.15,68,573.66553,Good,5473483,100.0
0.1,MLST.klebsiella.111,59,573.67247,Good,5530711,100.0
0.2,MLST.klebsiella.147,147,573.67256,Good,5643694,100.0
0.2,MLST.klebsiella.37,53,573.67270,Good,5227815,100.0
0.0,MLST.klebsiella.34,227,573.24260,Good,5504741,99.78
0.0,MLST.klebsiella.307,92,573.24294,Good,5506119,99.78
0.0,MLST.klebsiella.258,107,573.24340,Good,5548696,99.78
0.11,MLST.klebsiella.163,163,573.24376,Good,5451520,99.78
0.55,MLST.klebsiella.258,209,573.24383,Good,5585095,99.67
0.11,MLST.klebsiella.258,204,573.24387,Good,5925173,99.78
0.11,MLST.klebsiella.309,90,573.24400,Good,5398704,99.78
0.22,MLST.klebsiella.258,125,573.24404,Good,5454445,99.78
0.11,MLST.klebsiella.258,124,573.24413,Good,5560286,99.44
0.44,MLST.klebsiella.258,187,573.24430,Good,5763822,99.78
0.0,MLST.klebsiella.405,36,573.26090,Good,5652280,99.78
0.0,MLST.klebsiella.17,52,573.26101,Good,5414391,99.78
0.0,MLST.klebsiella.5722,133,573.26134,Good,5487873,99.78
0.0,MLST.klebsiella.152,96,573.26137,Good,5488506,99.78
0.11,MLST.klebsiella.65,40,573.26144,Good,5607605,99.78
0.0,MLST.klebsiella.45,106,573.26159,Good,5604240,99.55
0.11,MLST.klebsiella.4088,31,573.26284,Good,5336214,99.78
0.11,MLST.klebsiella.60,25,573.26294,Good,5170777,99.78
0.11,MLST.klebsiella.405,48,573.26303,Good,5502314,99.78
0.11,MLST.klebsiella.393,34,573.26306,Good,5528037,99.78
0.11,MLST.klebsiella.101,69,573.29868,Good,5640752,99.78
0.11,MLST.klebsiella.258,87,573.29872,Good,5575784,99.78
0.0,MLST.klebsiella.395,140,573.29878,Good,6014240,99.78
0.0,MLST.klebsiella.307,95,573.29885,Good,5596819,99.78
0.11,MLST.klebsiella.307,116,573.29937,Good,5700897,99.78
0.0,MLST.klebsiella.512,104,573.29940,Good,5732234,99.78
0.11,MLST.klebsiella.101,79,573.29975,Good,5612351,99.78
0.0,MLST.klebsiella.307,86,573.29991,Good,5556995,99.78
0.0,MLST.klebsiella.15,143,573.33398,Good,5860404,99.78
0.0,MLST.klebsiella.323,64,573.46066,Good,5333037,99.78
0.0,MLST.klebsiella.461,93,573.46100,Good,5721434,99.78
0.0,MLST.klebsiella.15,4,573.12796,Good,5816577,100.0
0.0,MLST.klebsiella.628,92,573.13032,Good,5413989,100.0
0.0,MLST.klebsiella.307,100,573.13035,Good,5406672,100.0
0.0,MLST.klebsiella.307,101,573.13082,Good,5496156,100.0
0.0,MLST.klebsiella.307,87,573.13095,Good,5477591,100.0
0.3,MLST.klebsiella.16,86,573.13149,Good,5460366,100.0
0.0,MLST.klebsiella.307,108,573.13256,Good,5565696,100.0
0.0,MLST.klebsiella.307,79,573.13262,Good,5476459,100.0
0.3,MLST.klebsiella.307,84,573.13265,Good,5395956,100.0
0.5,MLST.klebsiella.111,121,573.13312,Good,5343048,99.7
0.0,MLST.klebsiella.15,136,573.13323,Good,5696541,100.0
0.0,MLST.klebsiella.16,106,573.13475,Good,5575169,100.0
0.0,MLST.klebsiella.307,87,573.13519,Good,5402864,100.0
0.0,MLST.klebsiella.258,139,573.13525,Good,5551291,100.0
0.0,MLST.klebsiella.628,79,573.13527,Good,5502459,100.0
0.0,MLST.klebsiella.307,88,573.13539,Good,5407397,100.0
0.7,MLST.klebsiella.3899,150,573.13605,Good,5877449,99.3
0.0,MLST.klebsiella.307,98,573.13607,Good,5474837,100.0
0.3,MLST.klebsiella.16,76,573.13625,Good,5505644,100.0
0.3,MLST.klebsiella.258,145,573.13665,Good,5801410,100.0
0.0,MLST.klebsiella.307,90,573.13688,Good,5362910,100.0
0.7,MLST.klebsiella.258,179,573.13706,Good,5797702,100.0
0.0,MLST.klebsiella.307,84,573.13709,Good,5360380,100.0
0.0,MLST.klebsiella.45,100,573.13720,Good,5602555,100.0
3.5,MLST.klebsiella.16,454,573.13733,Good,6153437,100.0
0.0,MLST.klebsiella.307,123,573.13746,Good,5553176,100.0
0.0,MLST.klebsiella.307,100,573.13757,Good,5508060,100.0
0.0,MLST.klebsiella.258,109,573.13806,Good,5735715,100.0
0.7,MLST.klebsiella.15,116,573.13827,Good,5751426,100.0
0.0,MLST.klebsiella.307,132,573.13855,Good,5585135,100.0
0.0,MLST.klebsiella.258,121,573.13893,Good,5580340,99.3
0.3,MLST.klebsiella.258,119,573.13917,Good,5752715,100.0
0.0,MLST.klebsiella.307,82,573.13927,Good,5356498,100.0
0.0,MLST.klebsiella.258,112,573.13931,Good,5414836,100.0
0.0,MLST.klebsiella.307,99,573.13971,Good,5508295,100.0
0.0,MLST.klebsiella.307,83,573.13976,Good,5319898,100.0
0.0,MLST.klebsiella.307,106,573.14005,Good,5505162,100.0
0.0,MLST.klebsiella.48,106,573.14032,Good,5575528,100.0
0.0,MLST.klebsiella.307,88,573.14041,Good,5330128,100.0
0.3,MLST.klebsiella.307,148,573.14116,Good,5824681,100.0
0.0,MLST.klebsiella.258,99,573.14139,Good,5373861,100.0
0.0,MLST.klebsiella.307,101,573.14156,Good,5423689,100.0
0.3,MLST.klebsiella.16,83,573.14161,Good,5516631,100.0
0.0,MLST.klebsiella.307,87,573.14212,Good,5419006,100.0
0.0,MLST.klebsiella.258,132,573.14241,Good,5776624,100.0
0.0,MLST.klebsiella.307,102,573.14248,Good,5432913,100.0
0.0,MLST.klebsiella.307,94,573.14286,Good,5423064,100.0
0.0,MLST.klebsiella.258,131,573.14315,Good,5481121,99.7
0.2,MLST.klebsiella.258,162,573.14321,Good,5565926,100.0
0.0,MLST.klebsiella.307,80,573.14340,Good,5498340,100.0
0.0,MLST.klebsiella.16,55,573.14341,Good,5416458,100.0
0.0,MLST.klebsiella.307,106,573.14357,Good,5543709,100.0
0.0,MLST.klebsiella.307,72,573.14391,Good,5471556,100.0
0.0,MLST.klebsiella.258,190,573.14400,Good,5559567,100.0
0.0,MLST.klebsiella.307,96,573.14422,Good,5502718,100.0
0.0,MLST.klebsiella.307,77,573.14437,Good,5453167,100.0
0.0,MLST.klebsiella.307,75,573.14457,Good,5398453,100.0
0.3,MLST.klebsiella.258,120,573.14480,Good,5434200,99.7
0.0,MLST.klebsiella.307,88,573.14494,Good,5312984,100.0
0.0,MLST.klebsiella.307,86,573.14517,Good,5479008,100.0
0.0,MLST.klebsiella.258,126,573.14523,Good,5547151,100.0
0.0,MLST.klebsiella.307,71,573.14543,Good,5304250,100.0
0.0,MLST.klebsiella.37,63,573.15463,Good,5416168,100.0
0.0,MLST.klebsiella.15,130,573.15502,Good,5952135,100.0
0.0,MLST.klebsiella.323,63,573.15519,Good,5366979,100.0
0.7,MLST.klebsiella.292,46,573.15525,Good,5146308,100.0
0.3,MLST.klebsiella.5142,41,573.15540,Good,5184006,100.0
1.7,MLST.klebsiella.3924,42,573.15542,Good,5674789,98.3
0.0,MLST.klebsiella.359,99,573.15554,Good,5272452,100.0
0.7,MLST.klebsiella.3573,58,573.15584,Good,5486308,98.0
0.0,MLST.klebsiella.323,66,573.15593,Good,5454773,100.0
0.0,MLST.klebsiella.200,31,573.15598,Good,5051871,100.0
0.7,MLST.klebsiella.116,68,573.15619,Good,5360306,100.0
1.2,MLST.klebsiella.258,127,573.1720,Good,5594643,100.0
0.0,MLST.klebsiella.258,5,573.12777,Good,5995730,100.0
0.8,MLST.klebsiella.258,309,573.12880,Good,5608373,100.0
2.5,MLST.klebsiella.309,577,573.12886,Good,6390391,100.0
0.3,MLST.klebsiella.35,1106,573.12922,Poor,5628426,100.0
1.3,MLST.klebsiella.45,299,573.12954,Good,5543181,100.0
1.3,MLST.klebsiella.392,650,573.12956,Good,6084904,100.0
50.7,MLST.klebsiella.307,5155,573.12957,Poor,7355114,100.0
1.7,MLST.klebsiella.1164,326,573.12983,Good,5312121,100.0
0.3,MLST.klebsiella.258,307,573.12990,Good,5793486,100.0
0.0,MLST.klebsiella.307,326,573.12994,Good,5567704,100.0
0.3,MLST.klebsiella.3603,6,573.20063,Good,5703725,100.0
0.0,MLST.klebsiella.258,5,573.9724,Good,5708390,100.0
0.0,MLST.klebsiella.551,73,573.65893,Good,5276284,100.0
0.0,MLST.klebsiella.307,79,573.66173,Good,5435251,100.0
0.0,MLST.klebsiella.307,81,573.66181,Good,5426499,100.0
0.0,MLST.klebsiella.15,104,573.66210,Good,5813948,100.0
0.2,MLST.klebsiella.240,132,573.66574,Good,5359444,99.9
0.1,MLST.klebsiella.515,56,573.66679,Good,5322891,100.0
0.0,MLST.klebsiella.1114,90,573.66710,Good,5319410,100.0
0.0,MLST.klebsiella.17,93,573.66726,Good,5369631,100.0
0.0,MLST.klebsiella.1664,27,573.66728,Good,5109830,100.0
0.0,MLST.klebsiella.661,64,573.66737,Good,5287109,100.0
0.0,MLST.klebsiella.4242,128,573.66746,Good,5927402,100.0
0.2,MLST.klebsiella.26,93,573.66770,Good,5407549,100.0
0.2,MLST.klebsiella.10,131,573.66778,Good,5619620,100.0
0.0,MLST.klebsiella.248,83,573.66792,Good,5384983,100.0
0.0,MLST.klebsiella.10,120,573.66808,Good,5523585,100.0
0.0,MLST.klebsiella.22,47,573.66816,Good,5285805,100.0
0.0,MLST.klebsiella.309,64,573.66818,Good,5251635,100.0
0.0,MLST.klebsiella.336,60,573.66869,Good,5156951,99.9
0.1,MLST.klebsiella.70,58,573.66906,Good,5435878,100.0
0.0,MLST.klebsiella.392,77,573.66941,Good,5408911,100.0
0.0,MLST.klebsiella.105,42,573.66946,Good,5229170,100.0
0.0,MLST.klebsiella.4387,63,573.66947,Good,5508649,100.0
0.0,MLST.klebsiella.268,92,573.67010,Good,5329979,100.0
0.0,MLST.klebsiella.873,74,573.67040,Good,5515107,100.0
0.0,MLST.klebsiella.4261,39,573.67061,Good,5290033,100.0
0.0,MLST.klebsiella.4295,128,573.67075,Good,5401102,100.0
0.0,MLST.klebsiella.4298,70,573.67081,Good,5358086,100.0
0.0,MLST.klebsiella.26,111,573.67098,Good,5375558,100.0
0.0,MLST.klebsiella.152,96,573.67113,Good,5507230,100.0
0.1,MLST.klebsiella.70,47,573.67133,Good,5449276,100.0
0.0,MLST.klebsiella.2947,62,573.67152,Good,5499504,100.0
0.0,MLST.klebsiella.340,101,573.67156,Good,5572971,100.0
0.0,MLST.klebsiella.45,67,573.67173,Good,5499438,100.0
0.0,MLST.klebsiella.37,25,573.7032,Good,6102611,99.7
0.0,,47,573.46086,Poor,17021,0.0
0.0,,48,573.15567,Good,5435111,100.0
0.3,,104,573.13889,Good,5507684,100.0
0.0,,131,573.14222,Good,5555597,100.0
0.0,MLST.klebsiella.147,86,573.46840,Good,5848107,99.78
0.0,MLST.klebsiella.258,184,573.5647,Good,5908414,100.0
0.3,MLST.klebsiella.1530,24,573.5661,Good,5300040,100.0
0.3,MLST.klebsiella.1966,35,573.5676,Good,5346649,100.0
0.0,MLST.klebsiella.307,36,573.5690,Good,5665174,100.0
0.0,MLST.klebsiella.895,39,573.5717,Good,5493461,100.0
0.0,MLST.klebsiella.258,108,573.5781,Good,5703190,100.0
0.3,MLST.klebsiella.1318,97,573.5811,Good,5860717,99.0
0.0,MLST.klebsiella.895,43,573.5821,Good,5496573,100.0
0.0,MLST.klebsiella.895,41,573.5822,Good,5495535,100.0
0.6,MLST.klebsiella.20,88,573.66106,Good,5640618,100.0
0.2,MLST.klebsiella.37,59,573.66119,Good,5300827,100.0
0.2,MLST.klebsiella.37,61,573.66120,Good,5301599,100.0
0.6,MLST.klebsiella.922,210,573.66122,Good,5632022,100.0
0.6,MLST.klebsiella.20,86,573.66128,Good,5641532,100.0
0.0,MLST.klebsiella.258,159,573.66168,Good,5693541,100.0
0.0,MLST.klebsiella.11,108,573.66221,Good,5773995,100.0
0.0,MLST.klebsiella.15,89,573.66287,Good,5601763,100.0
0.0,MLST.klebsiella.15,100,573.66298,Good,5606545,100.0
0.0,MLST.klebsiella.656,95,573.66299,Good,5504636,100.0
0.0,MLST.klebsiella.656,93,573.66303,Good,5504988,100.0
0.0,MLST.klebsiella.273,99,573.66307,Good,5663586,100.0
0.0,MLST.klebsiella.16,86,573.66310,Good,5649916,100.0
0.1,MLST.klebsiella.16,65,573.66352,Good,5516155,100.0
0.0,MLST.klebsiella.147,114,573.66365,Good,5644938,100.0
0.0,MLST.klebsiella.147,106,573.66378,Good,5642453,100.0
0.0,MLST.klebsiella.15,99,573.66450,Good,5770558,100.0
0.0,MLST.klebsiella.15,99,573.66486,Good,5601362,100.0
0.0,MLST.klebsiella.15,87,573.66488,Good,5604192,100.0
0.0,MLST.klebsiella.16,79,573.66506,Good,5660742,100.0
0.0,MLST.klebsiella.11,91,573.66508,Good,5599597,100.0
0.2,MLST.klebsiella.15,54,573.67190,Good,5467164,100.0
1.1,MLST.klebsiella.258,134,573.67215,Good,5689652,100.0
0.1,MLST.klebsiella.111,86,573.67226,Good,5528968,100.0
0.2,MLST.klebsiella.23,65,573.67269,Good,5832318,100.0
0.0,MLST.klebsiella.258,84,573.67272,Good,5544992,99.9
0.0,MLST.klebsiella.15,125,573.67310,Good,5542882,99.9
0.0,MLST.klebsiella.258,85,573.67312,Good,5555933,100.0
0.0,MLST.klebsiella.258,124,573.67329,Good,5567403,100.0
0.2,MLST.klebsiella.133,81,573.67336,Good,5623839,100.0
0.2,MLST.klebsiella.26,220,573.67678,Good,5610490,99.9
0.0,MLST.klebsiella.147,80,573.23196,Good,5706770,99.78
0.0,MLST.klebsiella.147,73,573.23213,Good,5703443,99.78
0.0,MLST.klebsiella.307,82,573.24245,Good,5393701,99.78
0.11,MLST.klebsiella.307,90,573.24332,Good,5462841,99.78
0.0,MLST.klebsiella.11,177,573.24339,Good,5530102,99.78
0.11,MLST.klebsiella.258,175,573.24360,Good,5762155,99.78
0.0,MLST.klebsiella.258,132,573.24445,Good,5626806,99.78
0.11,MLST.klebsiella.4971,28,573.26079,Good,5614254,99.78
0.0,MLST.klebsiella.414,111,573.26133,Good,5347586,99.78
0.0,MLST.klebsiella.34,73,573.26148,Good,5562339,99.78
0.0,MLST.klebsiella.36,71,573.26157,Good,5504244,99.78
0.11,MLST.klebsiella.4452,49,573.26165,Good,5489970,99.78
0.11,MLST.klebsiella.268,106,573.26178,Good,5686465,99.78
0.0,MLST.klebsiella.309,74,573.26199,Good,5631328,99.78
0.0,MLST.klebsiella.392,81,573.26201,Good,5311870,99.78
0.0,MLST.klebsiella.1401,100,573.26251,Good,5500587,99.78
0.11,MLST.klebsiella.2736,21,573.26272,Good,5109553,99.78
0.22,MLST.klebsiella.512,105,573.29867,Good,5746555,99.78
0.0,MLST.klebsiella.307,77,573.29869,Good,5484790,99.78
0.0,MLST.klebsiella.512,98,573.29873,Good,5652154,99.78
0.0,MLST.klebsiella.307,59,573.29891,Good,5466770,99.78
0.0,MLST.klebsiella.101,58,573.29916,Good,5681847,99.78
0.0,MLST.klebsiella.512,81,573.29919,Good,5651059,99.78
0.0,MLST.klebsiella.512,95,573.29946,Good,5685726,99.78
0.0,MLST.klebsiella.37,74,573.29964,Good,5320714,99.78
0.55,MLST.klebsiella.11,122,573.30004,Good,5820699,99.78
0.0,MLST.klebsiella.101,75,573.30017,Good,5581786,99.78
0.0,MLST.klebsiella.15,141,573.33402,Good,5869745,99.78
0.0,MLST.klebsiella.601,2,573.34283,Good,5461167,99.78
0.11,MLST.klebsiella.29,110,573.46067,Good,5593503,99.78
0.0,MLST.klebsiella.323,156,573.46080,Good,5537983,99.78
0.0,MLST.klebsiella.2997,41,573.46082,Good,5392050,99.78
0.0,MLST.klebsiella.2991,58,573.46087,Good,5391914,99.78
0.11,MLST.klebsiella.2996,46,573.46094,Good,5587348,99.78
0.0,MLST.klebsiella.323,95,573.46117,Good,5446933,99.78
0.0,MLST.klebsiella.261,57,573.13056,Good,5440559,100.0
0.0,MLST.klebsiella.16,114,573.13093,Good,5571265,100.0
0.0,MLST.klebsiella.1440,75,573.13101,Good,5371531,100.0
0.0,MLST.klebsiella.2975,65,573.13107,Good,5353433,100.0
0.7,MLST.klebsiella.219,64,573.13118,Good,5432377,100.0
0.0,MLST.klebsiella.307,81,573.13172,Good,5426386,100.0
0.0,MLST.klebsiella.258,151,573.13179,Good,5457259,100.0
0.7,MLST.klebsiella.258,264,573.13189,Good,5535004,100.0
0.0,MLST.klebsiella.258,150,573.13190,Good,5566489,100.0
1.0,MLST.klebsiella.258,204,573.13217,Good,5531970,100.0
0.0,MLST.klebsiella.111,71,573.13308,Good,5357980,99.7
0.8,MLST.klebsiella.280,137,573.13318,Good,5471430,100.0
0.3,MLST.klebsiella.307,135,573.13326,Good,5730744,100.0
0.0,MLST.klebsiella.16,118,573.13330,Good,5513942,100.0
0.0,MLST.klebsiella.307,109,573.13340,Good,5409589,100.0
0.0,MLST.klebsiella.258,155,573.13369,Good,5540166,100.0
0.0,MLST.klebsiella.14,126,573.13370,Good,5410653,100.0
0.3,MLST.klebsiella.258,175,573.13380,Good,5533518,100.0
1.0,MLST.klebsiella.307,159,573.13405,Good,5526102,100.0
0.0,MLST.klebsiella.37,86,573.13465,Good,5454884,99.7
1.0,MLST.klebsiella.3526,105,573.13484,Good,5809774,98.0
0.0,MLST.klebsiella.307,85,573.13496,Good,5513987,100.0
0.0,MLST.klebsiella.307,91,573.13497,Good,5719333,100.0
0.0,MLST.klebsiella.307,97,573.13500,Good,5504855,100.0
0.0,MLST.klebsiella.45,65,573.13508,Good,5527108,100.0
0.0,MLST.klebsiella.307,100,573.13522,Good,5644563,100.0
0.0,MLST.klebsiella.37,84,573.13549,Good,5457932,99.7
0.0,MLST.klebsiella.16,82,573.13631,Good,5462306,100.0
0.2,MLST.klebsiella.628,66,573.13669,Good,5458380,100.0
0.3,MLST.klebsiella.895,81,573.13677,Good,5321169,100.0
0.7,MLST.klebsiella.16,145,573.13698,Good,5415666,100.0
0.0,MLST.klebsiella.2202,75,573.13719,Good,5420701,100.0
0.0,MLST.klebsiella.17,58,573.13730,Good,5559102,100.0
0.0,MLST.klebsiella.45,122,573.13740,Good,5644713,100.0
0.7,MLST.klebsiella.37,140,573.13752,Good,5707569,100.0
0.0,MLST.klebsiella.1758,78,573.13754,Good,5596319,100.0
0.0,MLST.klebsiella.307,97,573.13758,Good,5523078,100.0
0.0,MLST.klebsiella.307,79,573.13766,Good,5329539,100.0
0.0,MLST.klebsiella.307,110,573.13770,Good,5475073,100.0
0.0,MLST.klebsiella.258,145,573.13852,Good,5560199,100.0
0.0,MLST.klebsiella.258,119,573.13872,Good,5588937,100.0
0.3,MLST.klebsiella.36,56,573.13874,Good,5271140,100.0
0.0,MLST.klebsiella.307,90,573.13926,Good,5403205,100.0
0.3,MLST.klebsiella.17,99,573.13943,Good,5514354,100.0
0.1,MLST.klebsiella.258,164,573.14000,Good,5840611,100.0
0.0,MLST.klebsiella.307,91,573.14044,Good,5422063,100.0
0.0,MLST.klebsiella.307,64,573.14063,Good,5325301,100.0
0.0,MLST.klebsiella.307,85,573.14080,Good,5408297,100.0
0.0,MLST.klebsiella.307,134,573.14133,Good,5559225,100.0
0.0,MLST.klebsiella.258,130,573.14185,Good,5436170,100.0
0.0,MLST.klebsiella.307,86,573.14197,Good,5474421,100.0
0.1,MLST.klebsiella.16,61,573.14211,Good,5408380,100.0
0.0,MLST.klebsiella.258,102,573.14216,Good,5469921,99.7
37.7,MLST.abaumannii_2.79,1744,573.14330,Poor,6615681,77.7
0.3,MLST.klebsiella.16,158,573.14336,Good,5750137,100.0
0.0,MLST.klebsiella.307,91,573.14361,Good,5520657,100.0
0.0,MLST.klebsiella.258,122,573.14382,Good,5479066,98.3
0.0,MLST.klebsiella.429,73,573.14428,Good,5474800,100.0
0.0,MLST.klebsiella.45,119,573.14429,Good,5550344,100.0
0.0,MLST.klebsiella.791,49,573.14443,Good,5259750,100.0
0.0,MLST.klebsiella.307,105,573.14449,Good,5378758,100.0
0.0,MLST.klebsiella.258,81,573.14466,Good,5370596,100.0
0.0,MLST.klebsiella.307,73,573.14474,Good,5560507,100.0
0.3,MLST.klebsiella.307,84,573.14504,Good,5391253,100.0
0.0,MLST.klebsiella.25,71,573.14510,Good,5517597,100.0
0.0,MLST.klebsiella.16,83,573.14534,Good,5614766,100.0
0.0,MLST.klebsiella.661,263,573.15456,Good,5723601,100.0
0.0,MLST.klebsiella.307,66,573.15462,Good,5471113,100.0
0.0,MLST.klebsiella.15,115,573.15478,Good,5872847,100.0
2.0,MLST.klebsiella.230,64,573.15515,Good,5737059,100.0
0.0,MLST.klebsiella.256,35,573.15522,Good,5170447,100.0
0.3,MLST.klebsiella.681,106,573.15535,Good,5586800,98.3
0.4,MLST.klebsiella.537,92,573.15541,Good,5538068,96.3
0.7,MLST.klebsiella.3169,146,573.15544,Good,5394644,99.3
0.0,MLST.klebsiella.128,43,573.15547,Good,5213457,98.0
0.7,MLST.klebsiella.661,61,573.15587,Good,5438400,100.0
0.7,MLST.klebsiella.35,48,573.15591,Good,5399960,100.0
0.0,MLST.klebsiella.15,81,573.15599,Good,5445617,100.0
0.0,MLST.klebsiella.280,36,573.15605,Good,5414485,100.0
1.2,MLST.klebsiella.258,208,573.1723,Good,5739687,100.0
0.7,MLST.klebsiella.1161,3,573.12783,Good,5658318,100.0
0.0,MLST.klebsiella.323,302,573.12869,Good,5445745,100.0
0.7,MLST.Klebsiella_pneumoniae.1662,306,573.12891,Good,5398887,100.0
0.3,MLST.klebsiella.492,329,573.12896,Good,5472418,100.0
0.3,MLST.klebsiella.5306,240,573.12974,Good,5473122,100.0
0.2,MLST.klebsiella.307,437,573.12975,Good,5296732,100.0
0.3,MLST.klebsiella.37,348,573.13029,Good,5493498,100.0
0.1,MLST.klebsiella.258,5,573.15044,Good,5774316,100.0
0.0,MLST.klebsiella.25,64,573.66587,Good,5380672,99.9
0.0,MLST.klebsiella.643,112,573.66609,Good,5536414,100.0
0.1,MLST.klebsiella.1317,71,573.66623,Good,5307963,100.0
0.0,MLST.klebsiella.111,42,573.66642,Good,5278970,100.0
0.0,MLST.klebsiella.35,65,573.66658,Good,5403088,100.0
0.0,MLST.klebsiella.14,100,573.66665,Good,5468796,100.0
0.0,MLST.klebsiella.35,55,573.66674,Good,5112700,100.0
0.0,MLST.klebsiella.160,48,573.66683,Good,5410460,100.0
0.0,MLST.klebsiella.359,202,573.66692,Good,5518925,99.9
0.1,MLST.klebsiella.359,177,573.66758,Good,5023261,99.8
0.0,MLST.klebsiella.322,52,573.66774,Good,5535173,100.0
0.2,MLST.klebsiella.2946,68,573.66849,Good,5374336,99.7
0.0,MLST.klebsiella.394,66,573.66890,Good,5523673,100.0
0.0,MLST.klebsiella.442,65,573.66904,Good,5395725,100.0
0.0,MLST.klebsiella.45,61,573.66911,Good,5540446,100.0
0.0,MLST.klebsiella.340,144,573.66913,Good,5518559,100.0
0.0,MLST.klebsiella.48,83,573.66918,Good,5272734,100.0
0.0,MLST.klebsiella.11,101,573.66932,Good,5478436,100.0
0.1,MLST.klebsiella.249,92,573.66942,Good,5725623,100.0
0.0,MLST.klebsiella.726,121,573.66969,Good,5555752,100.0
0.1,MLST.klebsiella.3639,94,573.66997,Good,5306228,100.0
0.0,MLST.klebsiella.234,131,573.67029,Good,5581965,100.0
0.1,MLST.klebsiella.29,73,573.67039,Good,5150341,100.0
0.0,MLST.klebsiella.26,123,573.67057,Good,5461890,100.0
0.2,MLST.klebsiella.253,142,573.67096,Good,5555112,100.0
0.0,MLST.klebsiella.76,46,573.67120,Good,5237439,100.0
0.0,MLST.klebsiella.29,72,573.67122,Good,5318596,100.0
0.0,MLST.klebsiella.48,68,573.67153,Good,5209617,100.0
0.0,MLST.klebsiella.904,49,573.67161,Good,5346392,100.0
0.0,MLST.klebsiella.2952,90,573.67171,Good,5434412,100.0
0.0,MLST.klebsiella.661,72,573.67179,Good,5263438,100.0
17.0,MLST.Klebsiella_pneumoniae.2975,1334,573.13072,Poor,4961441,98.3
40.7,,1747,573.13822,Poor,8614068,100.0
2.92,MLST.Klebsiella_pneumoniae.147,78,573.23217,Good,5806330,99.78
0.33,,81,573.26241,Good,5408986,99.78
0.22,MLST.Klebsiella_pneumoniae.495,92,573.26246,Good,5777730,99.78
0.7,MLST.Klebsiella_pneumoniae.307,117,573.13436,Good,5494180,100.0
0.11,MLST.klebsiella.525,114,573.24280,Good,5761682,99.78
0.0,MLST.klebsiella.147,81,573.46857,Good,5789504,99.78
0.0,MLST.klebsiella.147,92,573.46868,Good,5837188,99.78
0.0,MLST.klebsiella.147,92,573.46874,Good,5831199,99.78
0.0,MLST.klebsiella.258,159,573.5646,Good,5883719,100.0
0.3,MLST.klebsiella.23,65,573.5697,Good,5820305,100.0
0.0,MLST.klebsiella.35,62,573.5819,Good,5632086,100.0
0.0,MLST.klebsiella.656,77,573.66267,Good,5503572,100.0
0.0,MLST.klebsiella.15,84,573.66291,Good,5616936,100.0
0.0,MLST.klebsiella.16,69,573.66319,Good,5833204,100.0
0.0,MLST.klebsiella.15,87,573.66361,Good,5714412,100.0
0.0,MLST.klebsiella.16,62,573.66368,Good,5615961,100.0
0.0,MLST.klebsiella.16,64,573.66375,Good,5613128,100.0
0.0,MLST.klebsiella.656,78,573.66391,Good,5490977,100.0
0.0,MLST.klebsiella.656,69,573.66408,Good,5499549,100.0
0.0,MLST.klebsiella.16,85,573.66410,Good,5538418,100.0
0.0,MLST.klebsiella.656,72,573.66412,Good,5488209,100.0
0.0,MLST.klebsiella.656,71,573.66417,Good,5457952,100.0
0.0,MLST.klebsiella.656,80,573.66424,Good,5501887,100.0
0.0,MLST.klebsiella.16,65,573.66448,Good,5686764,100.0
0.0,MLST.klebsiella.15,83,573.66451,Good,5594109,100.0
0.0,MLST.klebsiella.656,73,573.66529,Good,5493305,100.0
0.0,MLST.klebsiella.11,113,573.66556,Good,5796475,100.0
0.0,MLST.klebsiella.273,85,573.66562,Good,5595278,100.0
0.2,MLST.klebsiella.23,65,573.67218,Good,5830527,100.0
0.0,MLST.klebsiella.11,103,573.67220,Good,5718632,100.0
0.0,MLST.klebsiella.258,78,573.67222,Good,5543218,99.9
0.2,MLST.klebsiella.11,105,573.67227,Good,5537923,100.0
0.1,MLST.klebsiella.111,52,573.67277,Good,5462740,100.0
0.2,MLST.klebsiella.133,80,573.67281,Good,5641430,100.0
0.2,MLST.klebsiella.133,82,573.67309,Good,5642734,100.0
0.0,MLST.klebsiella.231,91,573.23206,Good,5557689,99.78
0.0,MLST.klebsiella.3737,137,573.23220,Good,5717708,99.78
0.0,MLST.klebsiella.258,187,573.24304,Good,5628152,99.78
0.0,MLST.klebsiella.258,131,573.24345,Good,5589955,99.78
0.0,MLST.klebsiella.258,140,573.24409,Good,5501569,99.78
0.22,MLST.klebsiella.258,129,573.24434,Good,5595105,99.78
0.0,MLST.klebsiella.45,54,573.26103,Good,5530514,99.78
0.0,MLST.klebsiella.1779,143,573.26111,Good,5376987,99.78
0.22,MLST.klebsiella.1569,55,573.26112,Good,5580563,99.78
0.0,MLST.klebsiella.29,50,573.26125,Good,5466330,99.78
0.0,MLST.klebsiella.3387,14,573.26126,Good,5140982,99.78
0.0,MLST.klebsiella.23,29,573.26128,Good,5617398,99.78
0.0,MLST.klebsiella.13,71,573.26175,Good,5801653,99.78
0.0,MLST.klebsiella.1626,33,573.26197,Good,5466421,99.78
0.0,MLST.klebsiella.39,58,573.26236,Good,5557040,99.78
0.11,MLST.klebsiella.11,61,573.26244,Good,5616803,99.78
0.22,MLST.klebsiella.3109,72,573.26245,Good,5547637,99.78
0.0,MLST.klebsiella.3132,105,573.26247,Good,5520587,99.78
0.0,MLST.klebsiella.405,26,573.26264,Good,5311416,99.78
0.0,MLST.klebsiella.5003,17,573.26309,Good,5116083,99.78
0.11,MLST.klebsiella.11,64,573.26321,Good,5554467,99.78
0.22,MLST.klebsiella.512,123,573.29862,Good,5747813,99.78
0.0,MLST.klebsiella.395,138,573.29883,Good,6019587,99.78
0.0,MLST.klebsiella.307,95,573.29894,Good,5542724,99.78
0.0,MLST.klebsiella.395,82,573.29898,Good,5802793,99.78
0.0,MLST.klebsiella.512,107,573.29908,Good,5723880,99.78
0.0,MLST.klebsiella.512,107,573.29952,Good,5643757,99.78
0.0,MLST.klebsiella.16,99,573.29966,Good,5518659,99.78
0.22,MLST.klebsiella.147,114,573.29970,Good,5617038,99.78
0.0,MLST.klebsiella.101,88,573.29972,Good,5829835,99.78
0.0,MLST.klebsiella.512,111,573.29974,Good,5719762,99.78
0.0,MLST.klebsiella.101,52,573.30001,Good,5461913,99.78
0.0,MLST.klebsiella.512,74,573.30015,Good,5531772,99.78
0.0,MLST.klebsiella.15,141,573.33399,Good,5864131,99.78
0.0,MLST.klebsiella.15,145,573.33412,Good,5862147,99.78
0.0,MLST.klebsiella.15,155,573.33422,Good,5854037,99.78
0.0,MLST.klebsiella.29,5,573.34246,Good,5671180,99.78
2.71,MLST.klebsiella.1213,8,573.34254,Good,5646415,60.36
0.0,MLST.klebsiella.2999,8,573.35513,Good,5819707,99.67
0.0,MLST.klebsiella.323,93,573.46073,Good,5456602,99.78
0.11,MLST.klebsiella.2116,128,573.46091,Good,5518847,99.78
1.21,MLST.klebsiella.20,485,573.46095,Good,6291115,99.78
0.0,MLST.klebsiella.414,112,573.46098,Good,5345892,99.78
0.11,MLST.klebsiella.2993,41,573.46107,Good,5465534,99.78
0.3,MLST.klebsiella.258,151,573.13034,Good,5562854,100.0
0.3,MLST.klebsiella.258,137,573.13042,Good,5565153,100.0
2.1,MLST.klebsiella.258,320,573.13052,Good,5491719,100.0
0.3,MLST.klebsiella.461,152,573.13058,Good,5917558,99.7
2.1,MLST.klebsiella.258,332,573.13065,Good,5535589,100.0
0.3,MLST.klebsiella.258,191,573.13108,Good,5474055,100.0
1.0,MLST.klebsiella.405,98,573.13182,Good,5723509,100.0
0.0,MLST.klebsiella.258,158,573.13191,Good,5540940,100.0
0.0,MLST.klebsiella.258,231,573.13207,Good,5539893,100.0
0.7,MLST.klebsiella.307,214,573.13220,Good,5529510,100.0
0.0,MLST.klebsiella.258,136,573.13221,Good,5570675,100.0
0.3,MLST.klebsiella.16,136,573.13230,Good,5590629,100.0
0.0,MLST.klebsiella.16,69,573.13244,Good,5425985,100.0
0.3,MLST.klebsiella.134,108,573.13275,Good,5586917,100.0
0.3,MLST.klebsiella.307,147,573.13292,Good,5423882,100.0
0.1,MLST.klebsiella.16,193,573.13300,Good,5500141,100.0
0.0,MLST.klebsiella.258,133,573.13307,Good,5510660,100.0
0.0,MLST.klebsiella.16,96,573.13329,Good,5520918,100.0
0.0,MLST.klebsiella.1017,80,573.13332,Good,5349773,100.0
1.3,MLST.klebsiella.15,188,573.13352,Good,5647840,100.0
0.0,MLST.klebsiella.258,188,573.13362,Good,5518574,100.0
0.3,MLST.klebsiella.307,186,573.13382,Good,5500980,100.0
0.7,MLST.klebsiella.307,132,573.13393,Good,5381924,100.0
0.3,MLST.klebsiella.258,159,573.13444,Good,5401154,100.0
0.2,MLST.klebsiella.2351,80,573.13464,Good,5602590,98.6
0.3,MLST.klebsiella.280,75,573.13472,Good,5482466,100.0
0.0,MLST.klebsiella.307,88,573.13504,Good,5478115,100.0
0.0,MLST.klebsiella.307,86,573.13577,Good,5447072,100.0
0.0,MLST.klebsiella.258,145,573.13616,Good,5547906,99.7
0.0,MLST.klebsiella.258,140,573.13670,Good,5563310,100.0
0.0,MLST.klebsiella.258,144,573.13676,Good,5552977,100.0
0.0,MLST.klebsiella.307,114,573.13686,Good,5493071,100.0
0.3,MLST.klebsiella.15,164,573.13724,Good,5645178,100.0
0.0,MLST.klebsiella.258,120,573.13743,Good,5715242,100.0
0.7,MLST.klebsiella.405,75,573.13815,Good,5617418,100.0
0.0,MLST.klebsiella.307,82,573.13831,Good,5470600,100.0
0.0,MLST.klebsiella.17,97,573.13845,Good,5479708,100.0
0.7,MLST.klebsiella.327,86,573.13851,Good,5503523,99.3
0.0,MLST.klebsiella.16,72,573.13857,Good,5427162,100.0
0.0,MLST.klebsiella.307,112,573.13898,Good,5748840,100.0
0.3,MLST.klebsiella.258,134,573.13904,Good,5753939,100.0
0.0,MLST.klebsiella.307,143,573.13952,Good,5454386,100.0
0.0,MLST.klebsiella.258,164,573.13960,Good,5599316,100.0
0.0,MLST.klebsiella.258,116,573.13977,Good,5608003,100.0
0.0,MLST.klebsiella.307,79,573.14007,Good,5553275,100.0
0.0,MLST.klebsiella.258,131,573.14090,Good,5437365,100.0
0.0,MLST.klebsiella.307,93,573.14106,Good,5347966,100.0
0.0,MLST.klebsiella.258,141,573.14178,Good,5557258,100.0
0.0,MLST.klebsiella.258,135,573.14200,Good,5973561,100.0
0.0,MLST.klebsiella.307,77,573.14202,Good,5296427,100.0
0.0,MLST.klebsiella.307,96,573.14204,Good,5465313,100.0
0.7,MLST.klebsiella.405,72,573.14219,Good,5620769,100.0
0.3,MLST.klebsiella.17,76,573.14229,Good,5566759,100.0
0.0,MLST.klebsiella.307,135,573.14244,Good,5417427,100.0
0.0,MLST.klebsiella.307,135,573.14247,Good,5569263,100.0
0.0,MLST.klebsiella.16,64,573.14258,Good,5430538,100.0
0.0,MLST.klebsiella.258,85,573.14308,Good,5369337,100.0
0.0,MLST.klebsiella.258,132,573.14353,Good,5559820,100.0
0.0,MLST.klebsiella.258,134,573.14364,Good,5570219,100.0
0.0,MLST.klebsiella.307,124,573.14377,Good,5469320,100.0
0.0,MLST.klebsiella.258,135,573.14385,Good,5508415,100.0
0.0,MLST.klebsiella.551,77,573.14397,Good,5402292,100.0
0.3,MLST.klebsiella.258,88,573.14401,Good,5327715,99.7
0.0,MLST.klebsiella.307,99,573.14418,Good,5517680,100.0
0.3,MLST.klebsiella.307,95,573.14430,Good,5478448,100.0
0.0,MLST.klebsiella.258,135,573.14441,Good,5519511,100.0
0.3,MLST.klebsiella.307,89,573.14446,Good,5480426,100.0
0.0,MLST.klebsiella.258,111,573.14465,Good,5518207,100.0
0.0,MLST.klebsiella.307,79,573.14471,Good,5460041,100.0
0.0,MLST.klebsiella.45,74,573.14505,Good,5548935,100.0
0.0,MLST.klebsiella.258,121,573.14509,Good,5462471,100.0
0.0,MLST.klebsiella.340,7,573.15329,Good,5768890,100.0
0.0,MLST.klebsiella.340,7,573.15370,Good,5768986,100.0
0.0,MLST.klebsiella.307,60,573.15445,Good,5366401,100.0
0.0,MLST.klebsiella.1,67,573.15471,Good,5375773,100.0
0.0,MLST.klebsiella.15,76,573.15474,Good,5509604,100.0
35.9,MLST.abaumannii_2.10,276,573.15492,Poor,9470566,100.0
0.0,MLST.klebsiella.15,119,573.15496,Good,5868578,100.0
1.7,MLST.klebsiella.3395,172,573.15508,Good,5490574,100.0
0.7,MLST.klebsiella.491,87,573.15511,Good,5331774,100.0
0.0,MLST.klebsiella.3071,42,573.15513,Good,5293203,100.0
0.0,MLST.klebsiella.15,56,573.15545,Good,5438968,100.0
0.4,MLST.klebsiella.386,72,573.15571,Good,5688605,98.0
0.0,MLST.klebsiella.463,46,573.15575,Good,5392331,99.7
0.0,MLST.klebsiella.17,4,573.18477,Good,5561916,99.7
1.75,,591,573.31075,Good,5819518,99.0
0.3,MLST.klebsiella.966,299,573.12881,Good,5337557,100.0
1.0,MLST.klebsiella.2330,394,573.12889,Good,5737984,100.0
0.0,MLST.klebsiella.307,370,573.12898,Good,5545193,100.0
0.3,MLST.klebsiella.20,304,573.12912,Good,5774574,100.0
0.7,MLST.klebsiella.14,355,573.12927,Good,5572589,100.0
0.0,MLST.klebsiella.1876,267,573.12938,Good,5462092,100.0
0.0,MLST.klebsiella.45,238,573.12972,Good,5448536,100.0
0.0,MLST.klebsiella.234,6,573.9721,Good,5838292,100.0
0.0,MLST.klebsiella.268,74,573.65896,Good,5402197,100.0
0.0,MLST.klebsiella.134,73,573.66577,Good,5388680,99.9
0.2,MLST.klebsiella.1114,134,573.66579,Good,5538136,100.0
0.0,MLST.klebsiella.10,291,573.66619,Good,5634119,100.0
0.1,MLST.klebsiella.461,154,573.66647,Good,5736845,100.0
0.0,MLST.klebsiella.10,132,573.66659,Good,5513585,100.0
0.0,MLST.klebsiella.636,40,573.66677,Good,5055541,100.0
0.0,MLST.klebsiella.37,45,573.66680,Good,5349856,100.0
0.0,MLST.klebsiella.37,60,573.66704,Good,5252451,100.0
0.0,MLST.klebsiella.26,148,573.66782,Good,5317546,99.2
0.0,MLST.klebsiella.359,154,573.66824,Good,5361420,100.0
0.1,MLST.klebsiella.1192,157,573.66832,Good,5620716,99.9
0.0,MLST.klebsiella.261,70,573.66865,Good,5454445,100.0
0.1,MLST.klebsiella.70,61,573.66887,Good,5447523,100.0
0.2,MLST.klebsiella.2211,120,573.66950,Good,4949809,100.0
0.0,MLST.klebsiella.26,107,573.66954,Good,5422305,100.0
0.1,MLST.klebsiella.15,128,573.66958,Good,5456009,100.0
0.0,MLST.klebsiella.20,107,573.66973,Good,5443039,100.0
0.0,MLST.klebsiella.45,108,573.67008,Good,5435754,100.0
0.0,MLST.klebsiella.37,77,573.67015,Good,5520163,100.0
0.0,MLST.klebsiella.215,121,573.67049,Good,5658122,100.0
0.0,MLST.klebsiella.1035,107,573.67054,Good,5174340,100.0
0.0,MLST.klebsiella.252,64,573.67063,Good,5425539,100.0
0.0,MLST.klebsiella.1507,64,573.67068,Good,5437528,100.0
0.0,MLST.klebsiella.4,70,573.67073,Good,5400172,100.0
0.0,MLST.klebsiella.491,62,573.67109,Good,5098493,100.0
0.0,MLST.klebsiella.1109,62,573.67138,Good,5463130,100.0
0.0,MLST.klebsiella.45,56,573.67155,Good,5440132,100.0
0.0,MLST.klebsiella.16,55,573.67163,Good,5417463,100.0
0.55,,153,573.24249,Good,5716589,99.78
0.22,,95,573.26210,Good,5464257,99.78
1.8,MLST.Klebsiella_pneumoniae.2616,173,573.13325,Good,5275152,100.0
0.0,,73,573.14227,Good,5406123,100.0
0.5,,99,573.14287,Good,5485844,100.0
0.3,MLST.Klebsiella_pneumoniae.307,78,573.13900,Good,5380355,100.0
2.92,MLST.klebsiella.873,409,573.31076,Good,5280263,99.33
0.0,MLST.klebsiella.147,84,573.46829,Good,5838897,99.78
0.0,MLST.klebsiella.147,136,573.46832,Good,5796136,99.78
0.0,MLST.klebsiella.147,140,573.46843,Good,5841213,99.78
0.11,MLST.klebsiella.147,85,573.46856,Good,5808487,99.78
0.0,MLST.klebsiella.147,88,573.46859,Good,5838217,99.78
0.0,MLST.klebsiella.147,78,573.46860,Good,5802593,99.78
0.0,MLST.klebsiella.147,86,573.46875,Good,5834306,99.78
0.0,MLST.klebsiella.383,138,573.5644,Good,5889874,100.0
0.7,MLST.klebsiella.258,160,573.5768,Good,5612753,100.0
0.3,MLST.klebsiella.23,48,573.5809,Good,5741500,100.0
0.0,MLST.klebsiella.1507,23,573.5810,Good,5423766,100.0
0.6,MLST.klebsiella.3837,155,573.5824,Good,5875626,97.3
0.0,MLST.klebsiella.15,90,573.66238,Good,5494316,100.0
0.0,MLST.klebsiella.273,90,573.66308,Good,5545707,100.0
0.0,MLST.klebsiella.656,53,573.66338,Good,5328804,100.0
0.0,MLST.klebsiella.11,116,573.66348,Good,5800039,100.0
0.2,MLST.klebsiella.395,98,573.66356,Good,5675140,100.0
0.0,MLST.klebsiella.16,81,573.66387,Good,5657174,100.0
0.0,MLST.klebsiella.15,107,573.66480,Good,5596655,100.0
0.0,MLST.klebsiella.15,98,573.66510,Good,5600208,100.0
0.1,MLST.klebsiella.11,91,573.66511,Good,5517593,100.0
0.0,MLST.klebsiella.656,83,573.66512,Good,5495528,100.0
0.0,MLST.klebsiella.147,100,573.66532,Good,5730992,99.9
0.0,MLST.klebsiella.147,104,573.66541,Good,5727572,99.9
0.0,MLST.klebsiella.11,115,573.66555,Good,5797418,100.0
0.0,MLST.klebsiella.11,103,573.66563,Good,5801658,100.0
0.3,MLST.klebsiella.45,103,573.67210,Good,5412351,100.0
0.2,MLST.klebsiella.26,210,573.67233,Good,5606167,99.9
0.1,MLST.klebsiella.111,43,573.67268,Good,5350260,100.0
0.0,MLST.klebsiella.3181,72,573.67290,Good,5596448,100.0
0.2,MLST.klebsiella.37,52,573.67291,Good,5337771,100.0
0.0,MLST.klebsiella.258,127,573.67302,Good,5632214,100.0
0.3,MLST.klebsiella.392,66,573.67311,Good,5550985,100.0
0.0,MLST.klebsiella.258,126,573.67335,Good,5587086,100.0
0.0,MLST.klebsiella.1967,88,573.22566,Good,5302102,99.78
0.0,MLST.klebsiella.231,83,573.23214,Good,5497909,99.78
0.11,MLST.klebsiella.3741,85,573.23218,Good,5705920,99.78
0.0,MLST.klebsiella.147,86,573.23229,Good,5561595,99.78
0.55,MLST.klebsiella.1473,104,573.24244,Good,5360600,99.78
0.0,MLST.klebsiella.38,191,573.24270,Good,5710430,99.78
0.22,MLST.klebsiella.5380,92,573.24273,Good,5273288,99.78
0.0,MLST.klebsiella.38,250,573.24298,Good,5701107,99.78
0.0,MLST.klebsiella.418,146,573.24347,Good,5653536,99.78
0.0,MLST.klebsiella.37,76,573.24386,Good,5224994,99.78
0.0,MLST.klebsiella.258,164,573.24435,Good,5614095,99.78
0.0,MLST.klebsiella.258,203,573.24436,Good,5538810,99.55
0.0,MLST.klebsiella.17,60,573.26083,Good,5641930,99.78
0.0,MLST.klebsiella.405,36,573.26096,Good,5648147,99.78
0.11,MLST.klebsiella.11,44,573.26097,Good,5572181,99.78
0.0,MLST.klebsiella.15,85,573.26110,Good,5693497,99.78
0.0,MLST.klebsiella.3387,42,573.26131,Good,5241924,99.78
0.0,MLST.klebsiella.11,64,573.26139,Good,5552976,99.78
0.22,MLST.klebsiella.15,113,573.26166,Good,5800293,99.78
0.0,MLST.klebsiella.526,74,573.26209,Good,5672082,99.78
0.11,MLST.klebsiella.152,61,573.26237,Good,5542685,99.78
0.11,MLST.klebsiella.11,58,573.26252,Good,5620801,99.78
0.0,MLST.klebsiella.13,44,573.26255,Good,5402347,99.78
0.0,MLST.klebsiella.742,109,573.26267,Good,5345400,99.78
0.0,MLST.klebsiella.629,28,573.26291,Good,5475419,99.78
0.0,MLST.klebsiella.512,101,573.29930,Good,5687487,99.78
0.55,MLST.klebsiella.45,150,573.29938,Good,5807666,99.78
0.11,MLST.klebsiella.15,98,573.29941,Good,5567895,99.78
0.0,MLST.klebsiella.512,92,573.29969,Good,5521733,99.78
0.0,MLST.klebsiella.101,72,573.29992,Good,5585982,99.78
0.33,MLST.klebsiella.2185,181,573.29995,Good,5943312,99.78
0.0,MLST.klebsiella.101,59,573.29996,Good,5577033,99.78
0.0,MLST.klebsiella.307,83,573.29999,Good,5254418,99.78
0.0,MLST.klebsiella.307,95,573.30016,Good,5590650,99.78
0.0,MLST.klebsiella.29,114,573.46068,Good,5599774,99.78
0.0,MLST.klebsiella.323,68,573.46079,Good,5611812,99.78
0.0,MLST.klebsiella.307,108,573.13048,Good,5459231,100.0
0.3,MLST.klebsiella.258,84,573.13085,Good,5438558,100.0
0.0,MLST.klebsiella.258,157,573.13088,Good,5535776,100.0
0.0,MLST.klebsiella.16,114,573.13098,Good,5451846,100.0
0.0,MLST.klebsiella.462,68,573.13165,Good,5414995,100.0
0.1,MLST.klebsiella.258,86,573.13232,Good,5472819,100.0
0.3,MLST.klebsiella.307,183,573.13257,Good,5364666,100.0
0.0,MLST.klebsiella.307,99,573.13263,Good,5424299,100.0
0.0,MLST.klebsiella.307,86,573.13264,Good,5427008,100.0
0.3,MLST.klebsiella.16,211,573.13272,Good,5445481,100.0
0.0,MLST.klebsiella.16,121,573.13282,Good,5595346,100.0
0.0,MLST.klebsiella.784,69,573.13297,Good,5542597,100.0
0.0,MLST.klebsiella.3691,90,573.13304,Good,5641414,100.0
0.0,MLST.klebsiella.16,85,573.13368,Good,5403277,100.0
1.3,MLST.klebsiella.874,175,573.13386,Good,5508386,100.0
26.4,MLST.klebsiella.307,1106,573.13407,Poor,6854887,100.0
0.2,MLST.klebsiella.307,142,573.13416,Good,5390698,100.0
0.7,MLST.klebsiella.661,172,573.13422,Good,5557211,100.0
0.0,MLST.klebsiella.258,142,573.13460,Good,5597471,100.0
0.0,MLST.klebsiella.307,74,573.13467,Good,5506433,100.0
0.0,MLST.klebsiella.29,61,573.13471,Good,5444930,100.0
0.8,MLST.klebsiella.307,115,573.13489,Good,5719212,100.0
0.3,MLST.klebsiella.258,140,573.13524,Good,5626555,100.0
0.0,MLST.klebsiella.258,121,573.13528,Good,5761519,100.0
0.3,MLST.klebsiella.22,91,573.13545,Good,5551333,100.0
0.0,MLST.klebsiella.2975,79,573.13560,Good,5353242,100.0
0.0,MLST.klebsiella.258,129,573.13565,Good,5557820,100.0
0.0,MLST.klebsiella.471,83,573.13572,Good,5486996,100.0
0.0,MLST.klebsiella.307,73,573.13598,Good,5251705,100.0
0.0,MLST.klebsiella.307,102,573.13661,Good,5592375,100.0
0.0,MLST.klebsiella.307,154,573.13722,Good,5601186,100.0
0.0,MLST.klebsiella.307,95,573.13727,Good,5325909,100.0
0.0,MLST.klebsiella.17,100,573.13735,Good,5522751,100.0
0.0,MLST.klebsiella.258,126,573.13784,Good,5611058,100.0
0.3,MLST.klebsiella.258,98,573.13802,Good,5401378,100.0
0.0,MLST.klebsiella.16,78,573.13899,Good,5342201,100.0
0.0,MLST.klebsiella.258,86,573.13939,Good,5413559,100.0
0.3,MLST.klebsiella.13,165,573.13950,Good,5575183,99.7
0.3,MLST.klebsiella.16,73,573.13969,Good,5426042,100.0
0.3,MLST.klebsiella.14,65,573.13980,Good,5536011,100.0
0.0,MLST.klebsiella.307,87,573.13983,Good,5419089,100.0
0.0,MLST.klebsiella.307,104,573.14029,Good,5575734,100.0
0.0,MLST.klebsiella.258,130,573.14033,Good,5508599,100.0
0.0,MLST.klebsiella.307,92,573.14045,Good,5541974,100.0
0.0,MLST.klebsiella.258,148,573.14091,Good,5785148,100.0
0.0,MLST.klebsiella.13,111,573.14119,Good,5490465,99.7
0.7,MLST.klebsiella.307,89,573.14127,Good,5406258,100.0
0.3,MLST.klebsiella.307,83,573.14132,Good,5514375,100.0
0.0,MLST.klebsiella.258,132,573.14137,Good,5510157,100.0
0.3,MLST.klebsiella.392,89,573.14164,Good,5495329,100.0
0.0,MLST.klebsiella.307,92,573.14207,Good,5421133,100.0
0.0,MLST.klebsiella.3792,96,573.14261,Good,5447038,100.0
0.0,MLST.klebsiella.307,76,573.14270,Good,5497143,100.0
1.1,MLST.klebsiella.307,194,573.14314,Good,5590856,100.0
0.0,MLST.klebsiella.258,89,573.14323,Good,5445524,100.0
0.0,MLST.klebsiella.551,119,573.14324,Good,5387704,100.0
0.3,MLST.klebsiella.15,96,573.14335,Good,5558107,100.0
0.0,MLST.klebsiella.16,88,573.14337,Good,5469514,100.0
0.0,MLST.klebsiella.16,119,573.14366,Good,5448961,100.0
0.0,MLST.klebsiella.258,129,573.14371,Good,5532447,100.0
0.0,MLST.klebsiella.307,77,573.14398,Good,5470782,100.0
0.0,MLST.klebsiella.258,136,573.14451,Good,5508581,100.0
0.0,MLST.klebsiella.16,67,573.14468,Good,5471501,100.0
0.3,MLST.klebsiella.307,84,573.14473,Good,5394267,100.0
0.0,MLST.klebsiella.25,71,573.14515,Good,5518227,100.0
0.0,MLST.klebsiella.307,95,573.14521,Good,5517236,100.0
0.2,MLST.klebsiella.258,106,573.14537,Good,5450066,100.0
0.0,MLST.klebsiella.307,111,573.14549,Good,5542587,100.0
0.0,MLST.klebsiella.340,6,573.15376,Good,5732200,99.7
0.0,MLST.klebsiella.340,106,573.15442,Good,5469890,100.0
0.3,MLST.klebsiella.35,52,573.15470,Good,5443930,100.0
0.3,MLST.klebsiella.111,67,573.15520,Good,5405294,100.0
1.0,MLST.klebsiella.3089,39,573.15533,Good,5652263,98.0
0.3,MLST.klebsiella.681,104,573.15556,Good,5583090,98.3
0.3,MLST.klebsiella.1191,78,573.15572,Good,5326457,99.3
0.0,MLST.klebsiella.412,64,573.15601,Good,5396922,100.0
0.0,MLST.klebsiella.323,68,573.15613,Good,5446538,100.0
0.22,,210,573.31073,Good,5407384,99.78
1.0,MLST.klebsiella.147,5,573.12773,Good,5708112,100.0
0.0,MLST.klebsiella.4731,301,573.12863,Good,5134488,100.0
0.7,MLST.klebsiella.16,232,573.12878,Good,5399893,100.0
0.3,MLST.klebsiella.258,395,573.12913,Good,5828077,100.0
0.1,MLST.klebsiella.258,303,573.12936,Good,5811787,100.0
0.3,MLST.klebsiella.307,372,573.12966,Good,5554461,100.0
0.7,MLST.klebsiella.1933,343,573.12988,Good,5655222,100.0
0.3,MLST.klebsiella.37,302,573.12993,Good,5392755,100.0
0.3,MLST.klebsiella.11,3,573.19877,Good,5467978,100.0
0.0,MLST.klebsiella.20,75,573.66585,Good,5357228,99.9
0.0,MLST.klebsiella.133,46,573.66601,Good,5419529,100.0
0.0,MLST.klebsiella.1966,84,573.66604,Good,5237188,100.0
0.0,MLST.klebsiella.29,94,573.66645,Good,5501127,100.0
0.0,MLST.klebsiella.37,71,573.66660,Good,5241020,100.0
0.0,MLST.klebsiella.292,33,573.66688,Good,4982854,97.4
0.0,MLST.klebsiella.10,84,573.66699,Good,5314103,100.0
0.0,MLST.klebsiella.3175,54,573.66706,Good,5166087,100.0
0.0,MLST.klebsiella.942,70,573.66709,Good,5171685,100.0
0.0,MLST.klebsiella.3067,89,573.66718,Good,5507604,100.0
0.0,MLST.klebsiella.11,95,573.66744,Good,5505962,100.0
0.1,MLST.klebsiella.968,73,573.66751,Good,5353967,100.0
0.0,MLST.klebsiella.29,58,573.66761,Good,5467559,100.0
0.2,MLST.klebsiella.4328,42,573.66763,Good,5272843,100.0
0.1,MLST.klebsiella.3070,56,573.66788,Good,5355100,100.0
0.2,MLST.klebsiella.253,118,573.66817,Good,5649287,100.0
0.2,MLST.klebsiella.253,144,573.66825,Good,5317643,100.0
0.0,MLST.klebsiella.17,42,573.66826,Good,5468272,100.0
0.0,MLST.klebsiella.30,78,573.66827,Good,5381684,100.0
0.0,MLST.klebsiella.35,66,573.66862,Good,5547012,100.0
0.0,MLST.klebsiella.16,80,573.66885,Good,5389033,100.0
0.0,MLST.klebsiella.904,48,573.66901,Good,5302372,100.0
0.0,MLST.klebsiella.14,67,573.66925,Good,5453696,100.0
0.1,MLST.klebsiella.1412,31,573.66944,Good,5112563,100.0
0.0,MLST.klebsiella.20,39,573.66966,Good,5255160,100.0
0.0,MLST.klebsiella.1087,106,573.67005,Good,5395142,100.0
0.0,MLST.klebsiella.298,86,573.67022,Good,5442062,100.0
0.0,MLST.klebsiella.200,47,573.67043,Good,5089833,100.0
0.0,MLST.klebsiella.37,64,573.67062,Good,5532862,100.0
0.0,MLST.klebsiella.294,37,573.67083,Good,5132027,100.0
0.0,MLST.klebsiella.45,80,573.67134,Good,5535151,100.0
0.0,MLST.klebsiella.45,76,573.67159,Good,5555177,100.0
0.7,MLST.klebsiella.147,9,573.7031,Good,5784278,100.0
48.3,MLST.Klebsiella_pneumoniae.208,1611,573.15570,Poor,9866087,98.3
18.7,MLST.Klebsiella_pneumoniae.2623,1062,573.13968,Poor,6913538,100.0
0.0,MLST.Klebsiella_pneumoniae.10,188,573.15550,Good,5604200,100.0
1.0,,49,573.15590,Good,5517882,98.0
0.0,,70,573.15607,Good,5619233,100.0
0.0,,47,573.15623,Good,5430939,100.0
7.4,MLST.Klebsiella_pneumoniae.307,643,573.14393,Good,5353192,100.0
0.22,,49,573.26288,Good,5551898,99.78
0.0,,21,573.26213,Good,5270707,99.78
1.0,,108,573.14359,Good,5768568,100.0
0.3,MLST.Klebsiella_pneumoniae.307,127,573.13376,Good,5494435,100.0
0.0,,120,573.14231,Good,5812698,100.0
0.0,MLST.klebsiella.11,211,573.31063,Good,5524225,99.78
0.0,MLST.klebsiella.200,65,573.31084,Good,4978837,99.78
0.0,MLST.klebsiella.147,74,573.46834,Good,5770649,99.78
0.0,MLST.klebsiella.147,122,573.46841,Good,5810757,99.78
0.11,MLST.klebsiella.147,101,573.46844,Good,5823608,99.78
0.0,MLST.klebsiella.11,47,573.5672,Good,5507042,100.0
0.0,MLST.klebsiella.101,47,573.5695,Good,5666697,100.0
0.3,MLST.klebsiella.16,31,573.5701,Good,5498657,100.0
0.3,MLST.klebsiella.16,28,573.5807,Good,5487831,100.0
0.0,MLST.klebsiella.35,45,573.5815,Good,5540273,100.0
0.0,MLST.klebsiella.147,75,573.66223,Good,5572717,99.9
0.0,MLST.klebsiella.15,59,573.66240,Good,5476489,100.0
0.2,MLST.klebsiella.15,71,573.66280,Good,5633616,100.0
0.1,MLST.klebsiella.15,123,573.66377,Good,5672533,100.0
0.0,MLST.klebsiella.16,82,573.66381,Good,5717507,100.0
0.0,MLST.klebsiella.147,69,573.66400,Good,5575597,99.9
0.0,MLST.klebsiella.16,92,573.66405,Good,5537253,100.0
0.0,MLST.klebsiella.16,67,573.66421,Good,5682631,100.0
0.0,MLST.klebsiella.656,88,573.66425,Good,5506540,100.0
0.0,MLST.klebsiella.16,70,573.66441,Good,5571911,100.0
0.0,MLST.klebsiella.20,106,573.66453,Good,5581854,100.0
0.0,MLST.klebsiella.15,90,573.66475,Good,5637978,100.0
0.0,MLST.klebsiella.16,70,573.66487,Good,5572295,100.0
0.0,MLST.klebsiella.16,69,573.66491,Good,5572494,100.0
0.0,MLST.klebsiella.15,127,573.66502,Good,5656302,100.0
0.0,MLST.klebsiella.656,98,573.66530,Good,5491949,100.0
0.0,MLST.klebsiella.15,95,573.66557,Good,5599513,100.0
0.3,MLST.klebsiella.3516,78,573.67203,Good,5475287,99.9
0.0,MLST.klebsiella.512,81,573.67244,Good,5534511,100.0
0.1,MLST.klebsiella.29,149,573.67255,Good,5593205,100.0
0.1,MLST.klebsiella.111,73,573.67285,Good,5601854,100.0
0.2,MLST.klebsiella.133,79,573.67327,Good,5643338,100.0
0.2,MLST.klebsiella.15,136,573.67673,Good,5788232,100.0
0.0,MLST.klebsiella.3736,134,573.23223,Good,5705905,99.78
0.0,MLST.klebsiella.3740,81,573.23225,Good,5707241,99.67
0.0,MLST.klebsiella.437,223,573.24265,Good,5643703,99.78
0.11,MLST.klebsiella.716,82,573.24279,Good,5366380,99.78
0.11,MLST.klebsiella.476,216,573.24306,Good,5994508,99.78
0.11,MLST.klebsiella.258,114,573.24356,Good,5552217,99.78
0.11,MLST.klebsiella.258,116,573.24389,Good,5575280,99.78
0.0,MLST.klebsiella.15,108,573.24394,Good,5771658,99.78
0.0,MLST.klebsiella.11,109,573.24396,Good,5426740,99.78
0.0,MLST.klebsiella.258,145,573.24421,Good,5791278,99.78
0.0,MLST.klebsiella.1737,123,573.24441,Good,5886742,99.78
0.0,MLST.klebsiella.392,39,573.26100,Good,5438718,99.78
0.0,MLST.klebsiella.1605,47,573.26171,Good,5546978,99.78
0.11,MLST.klebsiella.299,59,573.26206,Good,5671818,99.78
0.0,MLST.klebsiella.327,153,573.26226,Good,5515827,99.78
0.0,MLST.klebsiella.17,45,573.26240,Good,5485791,99.78
0.11,MLST.klebsiella.307,41,573.26262,Good,5480696,99.78
0.0,MLST.klebsiella.39,60,573.26292,Good,5610805,99.78
0.0,MLST.klebsiella.307,47,573.26315,Good,5585009,99.78
0.0,MLST.klebsiella.307,100,573.29876,Good,5633207,99.78
0.0,MLST.klebsiella.307,68,573.29880,Good,5480842,99.78
0.11,MLST.klebsiella.101,60,573.29905,Good,5621434,99.78
0.0,MLST.klebsiella.307,118,573.29923,Good,5620784,99.78
0.0,MLST.klebsiella.512,57,573.29932,Good,5428863,99.78
0.22,MLST.klebsiella.512,90,573.29951,Good,5740962,99.78
0.0,MLST.klebsiella.512,134,573.29982,Good,5727274,99.78
0.11,MLST.klebsiella.101,67,573.29985,Good,5551687,99.78
0.11,MLST.klebsiella.101,71,573.30010,Good,5539300,99.78
0.0,MLST.klebsiella.101,57,573.30012,Good,5512413,99.78
0.0,MLST.klebsiella.15,137,573.33395,Good,5863995,99.78
0.0,MLST.klebsiella.29,114,573.46065,Good,5599842,99.78
0.0,MLST.klebsiella.323,95,573.46075,Good,5448520,99.78
0.11,MLST.klebsiella.23,34,573.46088,Good,5540563,99.78
0.0,MLST.klebsiella.45,113,573.46096,Good,5590492,99.78
0.11,MLST.cronobacter.760,32,573.46111,Good,4766596,99.78
0.0,MLST.klebsiella.17,62,573.13050,Good,5391023,100.0
0.0,MLST.klebsiella.258,151,573.13053,Good,5562109,100.0
0.0,MLST.klebsiella.258,136,573.13068,Good,5422920,100.0
0.0,MLST.klebsiella.258,111,573.13112,Good,5536065,100.0
0.7,MLST.klebsiella.16,78,573.13116,Good,5537359,100.0
0.0,MLST.klebsiella.37,90,573.13123,Good,5419325,100.0
0.3,MLST.klebsiella.16,95,573.13128,Good,5406830,100.0
0.8,MLST.klebsiella.307,168,573.13248,Good,5503401,100.0
0.0,MLST.klebsiella.307,79,573.13251,Good,5478177,100.0
0.0,MLST.klebsiella.307,86,573.13276,Good,5363895,100.0
0.3,MLST.klebsiella.307,199,573.13280,Good,5310577,99.7
0.0,MLST.klebsiella.258,139,573.13303,Good,5509254,100.0
0.0,MLST.klebsiella.307,91,573.13313,Good,5423634,100.0
0.7,MLST.klebsiella.280,108,573.13357,Good,5460718,100.0
0.0,MLST.klebsiella.307,127,573.13360,Good,5386475,100.0
0.0,MLST.klebsiella.307,176,573.13371,Good,5635668,100.0
0.7,MLST.klebsiella.392,168,573.13381,Good,5528475,100.0
0.0,MLST.klebsiella.307,134,573.13413,Good,5383831,100.0
0.3,MLST.klebsiella.258,220,573.13432,Good,5588947,100.0
0.3,MLST.klebsiella.307,148,573.13434,Good,5446053,100.0
0.0,MLST.klebsiella.258,161,573.13435,Good,5390962,100.0
0.0,MLST.klebsiella.35,74,573.13480,Good,5401873,100.0
1.0,MLST.klebsiella.13,130,573.13506,Good,5567769,99.7
0.0,MLST.klebsiella.307,97,573.13512,Good,5500320,100.0
0.0,MLST.klebsiella.37,121,573.13515,Good,5488267,99.7
0.3,MLST.klebsiella.16,72,573.13534,Good,5391773,100.0
0.0,MLST.klebsiella.307,98,573.13548,Good,5467249,100.0
0.0,MLST.klebsiella.307,94,573.13557,Good,5414384,100.0
0.0,MLST.klebsiella.307,108,573.13569,Good,5408813,100.0
0.3,MLST.klebsiella.258,138,573.13573,Good,5564502,100.0
0.0,MLST.klebsiella.307,72,573.13597,Good,5260363,100.0
0.0,MLST.klebsiella.25,89,573.13613,Good,5557267,100.0
0.0,MLST.klebsiella.307,67,573.13624,Good,5244560,100.0
0.0,MLST.klebsiella.307,92,573.13666,Good,5479471,100.0
1.0,MLST.klebsiella.187,75,573.13671,Good,5453653,100.0
0.0,MLST.klebsiella.258,138,573.13680,Good,5566977,100.0
0.0,MLST.klebsiella.307,107,573.13693,Good,5370591,100.0
0.0,MLST.klebsiella.258,157,573.13704,Good,5831201,99.7
0.3,MLST.klebsiella.1228,73,573.13705,Good,5201438,100.0
0.0,MLST.klebsiella.307,95,573.13708,Good,5507178,100.0
0.0,MLST.klebsiella.307,75,573.13716,Good,5437770,100.0
0.0,MLST.klebsiella.14,85,573.13739,Good,5418136,100.0
0.0,MLST.klebsiella.258,120,573.13788,Good,5599573,100.0
0.3,MLST.klebsiella.147,102,573.13809,Good,5506518,100.0
0.3,MLST.klebsiella.147,103,573.13868,Good,5470843,100.0
0.3,MLST.klebsiella.37,67,573.13891,Good,5450766,100.0
0.0,MLST.klebsiella.16,111,573.13910,Good,5640826,100.0
0.3,MLST.klebsiella.147,169,573.13932,Good,5575774,100.0
0.0,MLST.klebsiella.1440,86,573.13935,Good,5402719,100.0
0.3,MLST.klebsiella.16,75,573.14051,Good,5399804,100.0
0.0,MLST.klebsiella.307,74,573.14056,Good,5385030,100.0
0.0,MLST.klebsiella.258,146,573.14098,Good,5789974,100.0
0.3,MLST.klebsiella.884,115,573.14117,Good,5510627,100.0
0.0,MLST.klebsiella.14,78,573.14171,Good,5544818,100.0
0.0,MLST.klebsiella.307,109,573.14172,Good,5424503,100.0
0.0,MLST.klebsiella.258,108,573.14182,Good,5610845,100.0
0.0,MLST.klebsiella.16,82,573.14190,Good,5413675,100.0
0.0,MLST.klebsiella.307,111,573.14192,Good,5536341,100.0
0.0,MLST.klebsiella.307,73,573.14195,Good,5377986,100.0
0.0,MLST.klebsiella.307,65,573.14196,Good,5430451,100.0
0.0,MLST.klebsiella.258,114,573.14213,Good,5459804,99.7
0.0,MLST.klebsiella.258,156,573.14254,Good,5517173,100.0
0.0,MLST.klebsiella.258,122,573.14255,Good,5447288,100.0
0.0,MLST.klebsiella.258,111,573.14289,Good,5771159,100.0
0.3,MLST.klebsiella.15,105,573.14350,Good,5603822,100.0
0.3,MLST.klebsiella.1427,78,573.14365,Good,5430667,100.0
0.5,MLST.klebsiella.280,81,573.14408,Good,5492704,100.0
0.0,MLST.klebsiella.307,111,573.14436,Good,5441258,100.0
27.1,MLST.klebsiella.307,1367,573.14450,Poor,7943584,100.0
0.0,MLST.klebsiella.16,66,573.14484,Good,5501098,100.0
0.0,MLST.klebsiella.307,120,573.14497,Good,5581009,100.0
0.0,MLST.klebsiella.307,114,573.14501,Good,5576611,100.0
0.0,MLST.klebsiella.307,91,573.14528,Good,5491648,100.0
0.0,MLST.klebsiella.307,76,573.14532,Good,5374324,100.0
0.0,MLST.klebsiella.340,7,573.15371,Good,5702263,100.0
0.0,MLST.klebsiella.15,116,573.15467,Good,5870663,100.0
0.0,MLST.klebsiella.3395,80,573.15497,Good,5366977,100.0
0.0,MLST.klebsiella.3395,83,573.15498,Good,5396577,100.0
0.0,MLST.klebsiella.35,47,573.15521,Good,5496649,100.0
0.2,MLST.klebsiella.925,114,573.15527,Good,5630182,98.3
0.3,MLST.klebsiella.681,103,573.15528,Good,5583712,98.3
0.0,MLST.klebsiella.1877,43,573.15531,Good,5285808,100.0
0.0,MLST.klebsiella.37,40,573.15536,Good,5268124,100.0
0.0,MLST.klebsiella.323,68,573.15614,Good,5454794,100.0
0.0,MLST.klebsiella.323,63,573.15618,Good,5457582,100.0
0.5,MLST.klebsiella.512,179,573.1729,Good,5734591,100.0
0.0,MLST.klebsiella.37,5,573.12779,Good,6054276,99.7
0.0,MLST.klebsiella.11,5,573.12782,Good,5798614,100.0
0.0,MLST.klebsiella.418,436,573.12860,Good,5807387,100.0
0.7,MLST.klebsiella.37,342,573.12882,Good,5386313,100.0
0.0,MLST.klebsiella.307,328,573.12905,Good,5616421,100.0
0.0,MLST.klebsiella.258,618,573.12909,Good,5850151,100.0
0.0,MLST.klebsiella.101,298,573.12918,Good,5559138,100.0
0.0,MLST.klebsiella.1824,288,573.12923,Good,5557604,100.0
0.1,MLST.klebsiella.753,249,573.12934,Good,5546872,100.0
0.3,MLST.klebsiella.492,332,573.12942,Good,5544736,100.0
0.3,MLST.Klebsiella_pneumoniae.1662,379,573.12971,Good,5469352,100.0
0.0,MLST.klebsiella.107,309,573.13020,Good,5455226,100.0
0.0,MLST.klebsiella.37,305,573.13027,Good,5505496,100.0
0.0,MLST.klebsiella.16,3,573.18542,Good,5626400,100.0
0.0,MLST.klebsiella.307,77,573.66177,Good,5441155,100.0
0.0,MLST.klebsiella.307,154,573.66189,Good,5714151,100.0
0.0,MLST.klebsiella.307,73,573.66190,Good,5436981,100.0
0.0,MLST.klebsiella.15,87,573.66209,Good,5751026,100.0
0.0,MLST.klebsiella.893,48,573.66575,Good,5540229,100.0
0.1,MLST.klebsiella.4294,48,573.66576,Good,5130198,100.0
0.1,MLST.klebsiella.20,70,573.66663,Good,5548663,100.0
0.0,MLST.klebsiella.37,63,573.66667,Good,5391604,100.0
0.0,MLST.klebsiella.661,64,573.66702,Good,5326992,100.0
0.3,MLST.klebsiella.4284,103,573.66713,Good,5622705,100.0
0.1,MLST.klebsiella.86,57,573.66722,Good,5360026,99.9
0.0,MLST.klebsiella.4232,47,573.66729,Good,5201596,100.0
0.3,MLST.klebsiella.704,120,573.66760,Good,5525174,100.0
0.0,MLST.klebsiella.889,56,573.66762,Good,5407872,100.0
0.0,MLST.klebsiella.4263,85,573.66766,Good,5429142,99.8
0.1,MLST.klebsiella.950,130,573.66768,Good,5385641,100.0
0.1,MLST.klebsiella.27,140,573.66773,Good,5502586,100.0
0.0,MLST.klebsiella.1873,89,573.66776,Good,5605400,100.0
0.0,MLST.klebsiella.37,87,573.66786,Good,5558320,100.0
0.0,MLST.klebsiella.4251,36,573.66820,Good,5290820,100.0
0.0,MLST.klebsiella.474,52,573.66834,Good,5332050,100.0
0.0,MLST.klebsiella.111,63,573.66843,Good,5326891,100.0
0.0,MLST.klebsiella.35,76,573.66867,Good,5521439,100.0
0.1,MLST.klebsiella.70,42,573.66870,Good,5454707,100.0
0.0,MLST.klebsiella.551,93,573.66894,Good,5386627,100.0
0.1,MLST.klebsiella.70,65,573.66895,Good,5440103,99.7
0.2,MLST.klebsiella.26,104,573.66984,Good,5243454,100.0
0.0,MLST.klebsiella.4249,56,573.66986,Good,5223435,100.0
0.1,MLST.klebsiella.10,178,573.67011,Good,5377171,99.8
0.1,MLST.klebsiella.20,108,573.67131,Good,5463602,100.0
0.0,MLST.klebsiella.48,94,573.67136,Good,5266474,100.0
0.0,MLST.klebsiella.107,73,573.67158,Good,5574040,100.0
0.0,MLST.klebsiella.101,46,573.67162,Good,5448222,100.0
0.11,,96,573.24342,Good,5240758,99.78
0.0,MLST.Klebsiella_pneumoniae.307,92,573.13930,Good,5380027,100.0
0.0,,86,573.14249,Good,5463651,100.0
0.99,MLST.klebsiella.11,382,573.31064,Good,5400677,98.66
0.11,MLST.klebsiella.15,197,573.31072,Good,5934670,99.78
0.0,MLST.klebsiella.147,88,573.46835,Good,5838770,99.78
0.0,MLST.klebsiella.147,86,573.46867,Good,5838831,99.78
0.0,MLST.klebsiella.258,134,573.5645,Good,5926848,100.0
0.3,MLST.klebsiella.16,72,573.5687,Good,5666086,100.0
0.0,MLST.klebsiella.895,46,573.5722,Good,5493144,100.0
0.3,MLST.klebsiella.11,102,573.66108,Good,5469827,100.0
0.3,MLST.klebsiella.25,109,573.66143,Good,5805392,100.0
0.0,MLST.klebsiella.147,66,573.66215,Good,5572288,99.9
0.0,MLST.klebsiella.15,86,573.66243,Good,5594913,100.0
0.1,MLST.klebsiella.15,83,573.66247,Good,5493631,100.0
0.0,MLST.klebsiella.11,110,573.66275,Good,5756810,100.0
0.0,MLST.klebsiella.15,167,573.66314,Good,5656772,100.0
0.0,MLST.klebsiella.11,114,573.66340,Good,5801618,100.0
0.0,MLST.klebsiella.11,114,573.66342,Good,5799515,100.0
0.1,MLST.klebsiella.15,122,573.66364,Good,5672549,100.0
0.0,MLST.klebsiella.15,94,573.66367,Good,5710523,100.0
0.0,MLST.klebsiella.16,68,573.66371,Good,5621454,100.0
0.0,MLST.klebsiella.16,80,573.66384,Good,5655037,100.0
0.0,MLST.klebsiella.15,87,573.66390,Good,5602987,100.0
0.0,MLST.klebsiella.15,100,573.66463,Good,5634428,100.0
0.0,MLST.klebsiella.15,104,573.66464,Good,5675194,100.0
0.0,MLST.klebsiella.15,97,573.66472,Good,5594567,100.0
0.0,MLST.klebsiella.15,93,573.66560,Good,5599665,100.0
0.0,MLST.klebsiella.15,98,573.66584,Good,5599080,100.0
0.2,MLST.klebsiella.551,74,573.67199,Good,5637283,100.0
0.2,MLST.klebsiella.101,107,573.67217,Good,5767556,100.0
0.0,MLST.klebsiella.1380,161,573.67221,Good,5556736,100.0
0.0,MLST.klebsiella.1380,163,573.67225,Good,5497496,100.0
0.1,MLST.klebsiella.111,81,573.67271,Good,5600991,100.0
0.2,MLST.klebsiella.336,39,573.67279,Good,5499788,99.9
0.3,MLST.klebsiella.133,94,573.67314,Good,5723390,100.0
0.0,MLST.klebsiella.36,64,573.67320,Good,5472107,100.0
0.2,MLST.klebsiella.133,80,573.67325,Good,5636846,100.0
0.11,MLST.klebsiella.3739,96,573.23205,Good,5708060,99.67
0.0,MLST.klebsiella.16,150,573.24293,Good,5476654,99.78
0.0,MLST.klebsiella.258,118,573.24366,Good,5634888,99.78
0.44,MLST.klebsiella.580,203,573.24369,Good,5695659,99.78
0.0,MLST.klebsiella.258,197,573.24372,Good,5764084,99.78
0.0,MLST.klebsiella.258,224,573.24405,Good,5891800,99.67
0.0,MLST.klebsiella.258,126,573.24406,Good,5671469,99.78
0.11,MLST.klebsiella.1213,102,573.24416,Good,5568926,99.78
0.11,MLST.klebsiella.1213,113,573.24426,Good,5569537,99.78
0.0,MLST.klebsiella.258,132,573.24447,Good,5623473,99.78
0.0,MLST.klebsiella.45,129,573.26099,Good,5574003,99.78
0.0,MLST.klebsiella.133,157,573.26106,Good,5363822,99.78
0.0,MLST.klebsiella.1229,40,573.26138,Good,5446869,99.78
0.11,MLST.klebsiella.107,41,573.26211,Good,5494002,99.78
0.0,MLST.klebsiella.528,46,573.26215,Good,5396564,99.78
0.0,MLST.klebsiella.307,47,573.26323,Good,5461897,99.78
0.0,MLST.klebsiella.258,74,573.29886,Good,5566858,99.78
0.0,MLST.klebsiella.512,103,573.29888,Good,5669545,99.78
0.0,MLST.klebsiella.307,69,573.29893,Good,5537071,99.78
0.0,MLST.klebsiella.512,110,573.29896,Good,5657897,99.78
0.0,MLST.klebsiella.512,113,573.29922,Good,5695320,99.78
0.0,MLST.klebsiella.14,75,573.29927,Good,5663375,99.78
0.0,MLST.klebsiella.512,110,573.29928,Good,5720098,99.78
0.0,MLST.klebsiella.512,105,573.29968,Good,5742389,99.78
0.0,MLST.klebsiella.512,116,573.29977,Good,5744765,99.78
0.0,MLST.klebsiella.15,153,573.33396,Good,5855985,99.78
0.0,MLST.klebsiella.29,7,573.34294,Good,5685961,99.78
0.11,MLST.klebsiella.2116,127,573.46089,Good,5519759,99.78
0.0,MLST.klebsiella.2994,36,573.46102,Good,5402005,99.78
0.3,MLST.klebsiella.429,95,573.13046,Good,5468813,100.0
0.0,MLST.klebsiella.1427,81,573.13054,Good,5393023,100.0
0.0,MLST.klebsiella.307,92,573.13061,Good,5433813,100.0
0.3,MLST.klebsiella.280,67,573.13080,Good,5451240,100.0
0.0,MLST.klebsiella.307,74,573.13089,Good,5220789,97.3
0.0,MLST.klebsiella.258,82,573.13106,Good,5557478,100.0
0.0,MLST.klebsiella.258,136,573.13156,Good,5577885,100.0
0.0,MLST.klebsiella.258,106,573.13157,Good,5485535,100.0
0.0,MLST.klebsiella.307,98,573.13160,Good,5407715,100.0
0.3,MLST.klebsiella.16,149,573.13197,Good,5474631,100.0
0.0,MLST.klebsiella.307,176,573.13212,Good,5532069,100.0
0.0,MLST.klebsiella.307,113,573.13222,Good,5618226,100.0
2.2,MLST.klebsiella.307,345,573.13225,Good,5429734,100.0
0.3,MLST.klebsiella.258,238,573.13240,Good,5545887,100.0
16.4,MLST.klebsiella.307,795,573.13249,Poor,6434209,100.0
0.0,MLST.klebsiella.2975,67,573.13254,Good,5353127,100.0
0.0,MLST.klebsiella.111,74,573.13269,Good,5351071,99.7
0.3,MLST.klebsiella.258,154,573.13271,Good,5579571,100.0
0.0,MLST.klebsiella.896,69,573.13284,Good,5522131,100.0
0.0,MLST.klebsiella.307,113,573.13333,Good,5404010,100.0
0.0,MLST.klebsiella.307,106,573.13334,Good,5464330,100.0
0.7,MLST.klebsiella.280,123,573.13375,Good,5470264,100.0
0.2,MLST.klebsiella.307,159,573.13438,Good,5470988,100.0
0.0,MLST.klebsiella.37,86,573.13466,Good,5454865,99.7
0.0,MLST.klebsiella.258,94,573.13485,Good,5581586,100.0
0.0,MLST.klebsiella.307,87,573.13538,Good,5504990,100.0
0.3,MLST.klebsiella.280,75,573.13542,Good,5489853,100.0
0.0,MLST.klebsiella.258,126,573.13578,Good,5552738,100.0
0.3,MLST.klebsiella.258,116,573.13635,Good,5484496,100.0
0.3,MLST.klebsiella.147,108,573.13681,Good,5502026,100.0
0.0,MLST.klebsiella.307,120,573.13692,Good,5526215,100.0
0.0,MLST.klebsiella.307,79,573.13710,Good,5361898,100.0
0.0,MLST.klebsiella.307,79,573.13762,Good,5477032,100.0
0.3,MLST.klebsiella.258,150,573.13769,Good,5808491,100.0
0.3,MLST.klebsiella.258,91,573.13803,Good,5400138,100.0
0.0,MLST.klebsiella.1440,71,573.13897,Good,5386850,100.0
0.0,MLST.klebsiella.258,143,573.13975,Good,5616360,100.0
0.0,MLST.klebsiella.16,76,573.13985,Good,5432742,100.0
4.6,MLST.klebsiella.22,434,573.13993,Good,6224242,99.7
0.0,MLST.klebsiella.307,88,573.14039,Good,5411443,100.0
0.0,MLST.klebsiella.16,72,573.14046,Good,5443419,100.0
0.0,MLST.klebsiella.258,126,573.14052,Good,5506407,100.0
0.0,MLST.klebsiella.42,106,573.14054,Good,5519315,100.0
0.3,MLST.klebsiella.15,115,573.14100,Good,5540923,100.0
0.0,MLST.klebsiella.716,76,573.14108,Good,5441061,100.0
0.0,MLST.klebsiella.258,146,573.14128,Good,5595876,100.0
0.3,MLST.klebsiella.307,90,573.14130,Good,5405815,100.0
0.0,MLST.klebsiella.307,83,573.14163,Good,5455046,100.0
0.0,MLST.klebsiella.551,80,573.14169,Good,5397927,100.0
0.0,MLST.klebsiella.307,96,573.14176,Good,5412175,100.0
0.3,MLST.klebsiella.16,76,573.14203,Good,5488476,100.0
0.0,MLST.klebsiella.307,104,573.14217,Good,5436939,100.0
0.3,MLST.klebsiella.258,145,573.14240,Good,6011394,100.0
0.0,MLST.klebsiella.258,146,573.14280,Good,5594653,100.0
0.0,MLST.klebsiella.3792,123,573.14281,Good,5541522,100.0
0.0,MLST.klebsiella.258,149,573.14306,Good,5569976,100.0
0.3,MLST.klebsiella.36,68,573.14327,Good,5591473,100.0
0.0,MLST.klebsiella.307,93,573.14342,Good,5484288,100.0
0.3,MLST.klebsiella.15,99,573.14345,Good,5597773,100.0
0.0,MLST.klebsiella.16,132,573.14369,Good,5487281,100.0
0.0,MLST.klebsiella.258,104,573.14395,Good,5550312,99.3
0.0,MLST.klebsiella.307,76,573.14407,Good,5406544,100.0
0.0,MLST.klebsiella.258,130,573.14444,Good,5568689,100.0
1.3,MLST.klebsiella.432,66,573.14463,Good,5431032,100.0
9.3,MLST.klebsiella.230,677,573.14479,Good,6032458,99.3
0.0,MLST.klebsiella.258,104,573.14496,Good,5622681,100.0
1.3,MLST.klebsiella.432,67,573.14499,Good,5433172,100.0
0.0,MLST.klebsiella.16,98,573.14503,Good,5502612,100.0
0.7,MLST.klebsiella.3578,59,573.14506,Good,5517917,100.0
0.0,MLST.klebsiella.25,75,573.14518,Good,5555722,100.0
1.7,MLST.klebsiella.258,254,573.14547,Good,5463993,99.7
0.0,MLST.klebsiella.340,7,573.15369,Good,5768996,100.0
0.0,MLST.klebsiella.340,7,573.15374,Good,5736111,100.0
0.7,MLST.klebsiella.45,418,573.15469,Good,6575412,100.0
0.0,MLST.klebsiella.2415,173,573.15523,Good,5521676,100.0
1.0,MLST.klebsiella.355,44,573.15568,Good,5416216,98.0
0.0,MLST.klebsiella.2267,58,573.15585,Good,5152416,100.0
0.3,MLST.klebsiella.1464,63,573.15596,Good,5315807,100.0
0.0,MLST.klebsiella.323,66,573.15610,Good,5436747,100.0
0.3,MLST.klebsiella.147,5,573.12780,Good,5656270,100.0
0.3,MLST.klebsiella.258,449,573.12884,Good,5782945,100.0
0.3,MLST.klebsiella.70,357,573.12892,Good,5683317,100.0
0.3,MLST.klebsiella.307,293,573.12894,Good,5519433,100.0
0.0,MLST.klebsiella.258,457,573.12930,Good,5513241,100.0
0.3,MLST.klebsiella.502,322,573.12968,Good,5237025,99.7
1.0,MLST.klebsiella.147,1358,573.12973,Poor,5642654,100.0
0.0,MLST.klebsiella.20,684,573.12991,Good,5615681,100.0
0.3,MLST.klebsiella.307,373,573.13010,Good,5530143,100.0
0.0,MLST.klebsiella.14,3,573.17908,Good,5733600,100.0
0.3,MLST.klebsiella.34,3,573.18090,Good,5574787,99.7
0.0,MLST.klebsiella.101,3,573.20060,Good,5525412,99.7
0.0,MLST.klebsiella.307,74,573.66182,Good,5436200,100.0
0.0,MLST.klebsiella.307,79,573.66183,Good,5428140,100.0
0.2,MLST.klebsiella.704,139,573.66572,Good,5524323,100.0
0.0,MLST.klebsiella.515,67,573.66586,Good,5325173,100.0
0.1,MLST.klebsiella.4259,51,573.66594,Good,5312817,100.0
0.0,MLST.klebsiella.20,78,573.66596,Good,5417884,100.0
0.0,MLST.klebsiella.33,92,573.66608,Good,5459627,100.0
0.0,MLST.klebsiella.277,69,573.66633,Good,5408260,100.0
0.0,MLST.klebsiella.466,55,573.66638,Good,5495685,100.0
0.0,MLST.klebsiella.4265,34,573.66639,Good,5290527,100.0
0.0,MLST.klebsiella.4243,61,573.66671,Good,5140110,100.0
0.0,MLST.klebsiella.2441,95,573.66673,Good,5097127,100.0
0.0,MLST.klebsiella.359,148,573.66687,Good,5397008,99.6
0.0,MLST.klebsiella.4273,161,573.66694,Good,5450940,100.0
0.0,MLST.klebsiella.70,116,573.66724,Good,5532593,100.0
0.1,MLST.klebsiella.378,77,573.66732,Good,5182947,100.0
0.0,MLST.klebsiella.966,41,573.66740,Good,5166600,100.0
0.1,MLST.klebsiella.321,130,573.66759,Good,5418261,100.0
0.2,MLST.klebsiella.240,130,573.66784,Good,5348817,100.0
0.0,MLST.klebsiella.129,74,573.66789,Good,5414877,100.0
0.0,MLST.klebsiella.234,90,573.66793,Good,5424005,100.0
0.1,MLST.klebsiella.163,80,573.66794,Good,5330312,100.0
0.0,MLST.klebsiella.643,83,573.66823,Good,5348305,100.0
0.0,MLST.klebsiella.22,70,573.66846,Good,5523936,100.0
0.1,MLST.klebsiella.251,61,573.66858,Good,5412629,100.0
0.0,MLST.klebsiella.551,94,573.66875,Good,5395051,100.0
0.1,MLST.klebsiella.2947,69,573.66902,Good,5377573,100.0
0.1,MLST.klebsiella.111,98,573.66905,Good,5587612,100.0
0.0,MLST.klebsiella.2943,87,573.66909,Good,5284655,100.0
0.0,MLST.klebsiella.37,99,573.66919,Good,5546887,100.0
0.0,MLST.klebsiella.392,73,573.66929,Good,5425666,100.0
0.0,MLST.klebsiella.1393,70,573.66938,Good,5317629,100.0
0.0,MLST.klebsiella.359,150,573.66971,Good,5216564,100.0
0.0,MLST.klebsiella.35,51,573.66972,Good,5472636,100.0
0.0,MLST.klebsiella.343,63,573.66983,Good,5275098,100.0
0.1,MLST.klebsiella.643,133,573.66985,Good,5408728,100.0
0.0,MLST.klebsiella.251,99,573.67035,Good,5322521,100.0
0.0,MLST.klebsiella.4398,80,573.67036,Good,5209013,100.0
0.0,MLST.klebsiella.188,73,573.67048,Good,5129070,100.0
0.0,MLST.klebsiella.2159,50,573.67088,Good,5202168,100.0
0.0,MLST.klebsiella.4258,58,573.67104,Good,5388986,100.0
0.0,MLST.klebsiella.37,65,573.67115,Good,5404080,100.0
0.0,MLST.klebsiella.4068,64,573.67126,Good,5356524,100.0
0.0,MLST.klebsiella.39,95,573.67145,Good,5483341,100.0
0.3,MLST.klebsiella.258,6,573.7027,Good,5886119,100.0
0.0,MLST.Klebsiella_pneumoniae.661,78,573.22565,Good,5159135,99.44
0.3,,67,573.15548,Good,5485646,100.0
0.11,,22,573.26189,Good,5264777,99.78
0.0,MLST.Klebsiella_pneumoniae.1978,47,573.26271,Good,5561766,99.78
0.0,MLST.Klebsiella_pneumoniae.307,73,573.14403,Good,5501614,100.0
1.4,,124,573.13358,Good,5944897,98.0
0.2,,101,573.13919,Good,5553149,100.0
0.0,MLST.klebsiella.995,53,573.5665,Good,5581441,100.0
0.0,MLST.klebsiella.11,54,573.5700,Good,5517095,100.0
0.6,MLST.klebsiella.477,58,573.5802,Good,5745691,99.3
0.0,MLST.klebsiella.895,43,573.5825,Good,5492028,100.0
0.0,MLST.klebsiella.322,41,573.5827,Good,5432179,100.0
0.0,MLST.klebsiella.512,114,573.66115,Good,5583674,100.0
0.3,MLST.klebsiella.11,97,573.66164,Good,5383216,100.0
0.2,MLST.klebsiella.151,102,573.66166,Good,5674523,100.0
0.0,MLST.klebsiella.11,114,573.66279,Good,5799348,100.0
0.0,MLST.klebsiella.15,164,573.66285,Good,5679714,100.0
0.0,MLST.klebsiella.16,72,573.66323,Good,5630458,100.0
0.0,MLST.klebsiella.16,98,573.66362,Good,5717333,100.0
0.0,MLST.klebsiella.16,83,573.66383,Good,5594422,100.0
0.0,MLST.klebsiella.147,71,573.66430,Good,5576722,99.9
0.0,MLST.klebsiella.656,88,573.66440,Good,5514818,100.0
0.0,MLST.klebsiella.20,85,573.66495,Good,5447250,100.0
0.1,MLST.klebsiella.15,76,573.66524,Good,5475497,100.0
0.2,MLST.klebsiella.133,78,573.67191,Good,5629743,100.0
0.2,MLST.klebsiella.13,55,573.67193,Good,5444015,100.0
0.4,MLST.klebsiella.3517,151,573.67242,Good,5903539,100.0
0.0,MLST.klebsiella.29,147,573.67259,Good,5583075,100.0
0.0,MLST.klebsiella.258,111,573.67301,Good,5629288,100.0
0.2,MLST.klebsiella.147,143,573.67318,Good,5634594,100.0
0.2,MLST.klebsiella.2891,31,573.67323,Good,5393934,100.0
0.0,MLST.klebsiella.323,83,573.24284,Good,5480134,99.78
0.0,MLST.klebsiella.34,168,573.24354,Good,5311738,99.78
0.0,MLST.klebsiella.11,122,573.24377,Good,5567097,99.78
0.11,MLST.klebsiella.14,79,573.24397,Good,5361768,99.78
0.0,MLST.klebsiella.258,127,573.24401,Good,5607716,99.78
0.0,MLST.klebsiella.485,39,573.26073,Good,5581316,99.78
0.11,MLST.klebsiella.15,35,573.26094,Good,5508404,99.78
0.11,MLST.klebsiella.15,79,573.26105,Good,5597481,99.78
0.0,MLST.klebsiella.1607,32,573.26115,Good,5370588,99.78
0.0,MLST.klebsiella.12,119,573.26153,Good,6133985,99.78
0.0,MLST.klebsiella.1605,49,573.26184,Good,5549743,99.78
0.0,MLST.klebsiella.1605,40,573.26192,Good,5554026,99.78
0.22,MLST.klebsiella.836,47,573.26263,Good,5427644,99.78
0.0,MLST.klebsiella.11,63,573.26279,Good,5466448,99.78
0.0,MLST.klebsiella.882,48,573.26290,Good,5380740,99.78
0.0,MLST.klebsiella.219,46,573.26299,Good,5431631,99.78
0.0,MLST.klebsiella.528,82,573.26312,Good,5597479,99.78
0.44,MLST.klebsiella.11,128,573.29861,Good,5834008,99.78
0.22,MLST.klebsiella.101,73,573.29875,Good,5468752,99.78
0.0,MLST.klebsiella.395,134,573.29895,Good,6029709,99.78
0.0,MLST.klebsiella.512,94,573.29912,Good,5635298,99.78
0.0,MLST.klebsiella.3498,65,573.29914,Good,5512459,99.78
0.0,MLST.klebsiella.395,109,573.29918,Good,5805439,99.78
0.0,MLST.klebsiella.512,89,573.29925,Good,5683224,99.78
0.0,MLST.klebsiella.15,96,573.29963,Good,5706657,99.78
0.0,MLST.klebsiella.512,125,573.29978,Good,5765842,99.78
0.0,MLST.klebsiella.512,107,573.30005,Good,5737778,99.78
0.0,MLST.klebsiella.15,151,573.33401,Good,5858029,99.78
0.0,MLST.klebsiella.15,131,573.33416,Good,5868386,99.78
2.39,MLST.klebsiella.29,7,573.34250,Good,5683515,60.24
0.22,MLST.klebsiella.1986,55,573.46076,Good,5587897,99.78
0.11,MLST.klebsiella.2988,29,573.46084,Good,5668830,99.78
0.0,MLST.klebsiella.29,120,573.46115,Good,5584366,99.78
0.0,MLST.klebsiella.307,110,573.13055,Good,5508586,100.0
0.8,MLST.klebsiella.307,139,573.13060,Good,5576002,100.0
0.0,MLST.klebsiella.258,157,573.13132,Good,5516948,100.0
0.0,MLST.klebsiella.307,106,573.13159,Good,5374935,100.0
0.7,MLST.klebsiella.307,107,573.13200,Good,5397883,100.0
0.0,MLST.klebsiella.307,108,573.13224,Good,5503390,100.0
0.7,MLST.klebsiella.258,212,573.13236,Good,5523992,100.0
0.0,MLST.klebsiella.14,136,573.13252,Good,5801631,100.0
0.2,MLST.klebsiella.551,89,573.13331,Good,5390548,100.0
0.0,MLST.klebsiella.258,178,573.13361,Good,5510180,100.0
0.7,MLST.klebsiella.13,179,573.13379,Good,5525334,99.7
0.3,MLST.klebsiella.258,191,573.13384,Good,5538555,100.0
0.0,MLST.klebsiella.258,174,573.13390,Good,5540724,100.0
0.3,MLST.klebsiella.258,184,573.13440,Good,5473921,100.0
0.3,MLST.klebsiella.307,118,573.13441,Good,5391960,100.0
0.3,MLST.klebsiella.392,175,573.13452,Good,5526053,100.0
2.0,MLST.klebsiella.258,180,573.13453,Good,5368422,99.7
0.0,MLST.klebsiella.307,88,573.13469,Good,5404078,100.0
0.3,MLST.klebsiella.258,148,573.13470,Good,5554607,100.0
0.0,MLST.klebsiella.37,90,573.13476,Good,5456696,99.7
0.3,MLST.klebsiella.1694,119,573.13501,Good,5857088,100.0
0.0,MLST.klebsiella.258,105,573.13529,Good,5416617,98.6
0.0,MLST.klebsiella.258,100,573.13541,Good,5324316,100.0
0.5,MLST.klebsiella.307,111,573.13547,Good,5737382,100.0
0.0,MLST.klebsiella.307,108,573.13602,Good,5481932,100.0
0.6,MLST.klebsiella.3537,101,573.13614,Good,5655360,98.3
0.0,MLST.klebsiella.307,79,573.13619,Good,5366405,100.0
16.6,MLST.spyogenes.59,194,573.13622,Poor,7128273,100.0
0.0,MLST.klebsiella.307,97,573.13657,Good,5376317,100.0
0.0,MLST.klebsiella.258,145,573.13682,Good,5534757,100.0
0.0,MLST.klebsiella.45,98,573.13703,Good,5583976,100.0
0.0,MLST.klebsiella.307,94,573.13718,Good,5550230,100.0
0.0,MLST.klebsiella.258,156,573.13725,Good,5545506,100.0
0.3,MLST.klebsiella.36,68,573.13726,Good,5284523,100.0
0.0,MLST.klebsiella.307,125,573.13761,Good,5463826,100.0
0.0,MLST.klebsiella.76,70,573.13764,Good,5447520,100.0
0.0,MLST.klebsiella.307,102,573.13780,Good,5473521,100.0
0.3,MLST.klebsiella.307,100,573.13813,Good,5522704,100.0
0.0,MLST.klebsiella.307,78,573.13832,Good,5467600,100.0
0.0,MLST.klebsiella.258,120,573.13849,Good,5505458,100.0
0.0,MLST.klebsiella.258,86,573.13940,Good,5417164,100.0
0.3,MLST.klebsiella.258,102,573.13951,Good,5437244,100.0
0.0,MLST.klebsiella.307,88,573.13970,Good,5403584,100.0
0.0,MLST.klebsiella.258,145,573.13978,Good,5558760,100.0
0.3,MLST.klebsiella.392,112,573.13987,Good,5561992,100.0
0.0,MLST.klebsiella.307,91,573.14010,Good,5421722,100.0
0.0,MLST.klebsiella.258,144,573.14076,Good,5791457,100.0
0.0,MLST.klebsiella.307,94,573.14078,Good,5409072,100.0
0.0,MLST.klebsiella.307,88,573.14099,Good,5359879,100.0
0.0,MLST.klebsiella.307,94,573.14111,Good,5401584,100.0
0.0,MLST.klebsiella.307,102,573.14159,Good,5437111,100.0
0.0,MLST.klebsiella.258,130,573.14228,Good,5464773,99.7
0.3,MLST.klebsiella.258,160,573.14239,Good,6001957,100.0
0.3,MLST.klebsiella.258,150,573.14251,Good,5464301,99.7
0.0,MLST.klebsiella.307,109,573.14264,Good,5528180,100.0
0.3,MLST.klebsiella.15,92,573.14265,Good,5475087,100.0
0.0,MLST.klebsiella.307,79,573.14291,Good,5399269,100.0
0.0,MLST.klebsiella.307,98,573.14310,Good,5387279,100.0
0.0,MLST.klebsiella.16,92,573.14320,Good,5480556,99.7
0.2,MLST.klebsiella.307,86,573.14380,Good,5399478,100.0
0.0,MLST.klebsiella.16,133,573.14386,Good,5480891,100.0
1.0,MLST.klebsiella.16,213,573.14396,Good,6045740,100.0
0.3,MLST.klebsiella.307,207,573.14413,Good,5411029,100.0
0.0,MLST.klebsiella.307,94,573.14424,Good,5559382,100.0
0.0,MLST.klebsiella.307,89,573.14460,Good,5481864,100.0
0.0,MLST.klebsiella.258,103,573.14477,Good,5556837,100.0
0.0,MLST.klebsiella.258,99,573.14491,Good,5728129,100.0
0.3,MLST.klebsiella.26,114,573.14493,Good,5599660,99.7
0.3,MLST.klebsiella.29,7,573.15361,Good,5684599,99.7
0.0,MLST.klebsiella.340,7,573.15375,Good,5766429,100.0
0.0,MLST.klebsiella.3395,79,573.15493,Good,5398504,100.0
0.0,MLST.klebsiella.792,91,573.15612,Good,5599779,100.0
0.0,MLST.klebsiella.412,58,573.15621,Good,5393889,100.0
0.3,MLST.klebsiella.512,153,573.1719,Good,5782666,100.0
2.3,MLST.klebsiella.258,415,573.1721,Good,5728735,100.0
1.0,MLST.klebsiella.258,200,573.1724,Good,5742355,100.0
0.7,MLST.klebsiella.846,354,573.12921,Good,5464810,100.0
0.3,MLST.klebsiella.492,342,573.12945,Good,5535064,99.7
1.7,MLST.klebsiella.2599,1146,573.12946,Poor,6069373,100.0
0.0,MLST.klebsiella.307,311,573.12947,Good,5566920,100.0
1.3,MLST.klebsiella.514,408,573.12961,Good,5559416,100.0
0.0,MLST.klebsiella.307,393,573.12970,Good,5652600,100.0
0.0,MLST.klebsiella.307,211,573.13008,Good,5556245,100.0
0.3,MLST.klebsiella.45,302,573.13025,Good,5831508,100.0
0.0,MLST.klebsiella.16,7,573.20062,Good,5961854,100.0
0.1,MLST.klebsiella.307,113,573.66193,Good,5412907,100.0
0.0,MLST.klebsiella.8,87,573.66588,Good,5392932,100.0
0.0,MLST.klebsiella.23,76,573.66589,Good,5554650,100.0
0.0,MLST.klebsiella.1630,48,573.66605,Good,5382833,100.0
0.0,MLST.klebsiella.37,68,573.66612,Good,5344712,100.0
0.1,MLST.klebsiella.45,69,573.66621,Good,5349849,100.0
0.0,MLST.klebsiella.1079,140,573.66635,Good,5562995,100.0
0.0,MLST.klebsiella.26,178,573.66657,Good,5446770,100.0
0.1,MLST.klebsiella.14,71,573.66698,Good,5423730,100.0
0.0,MLST.klebsiella.485,86,573.66708,Good,5323965,100.0
0.0,MLST.klebsiella.29,77,573.66787,Good,5432389,100.0
0.1,MLST.klebsiella.48,71,573.66795,Good,5351185,100.0
0.1,MLST.klebsiella.253,168,573.66806,Good,5535402,100.0
0.2,MLST.klebsiella.26,86,573.66813,Good,5406212,100.0
0.0,MLST.klebsiella.461,137,573.66815,Good,5883830,100.0
0.3,MLST.klebsiella.253,118,573.66829,Good,5561592,100.0
0.0,MLST.klebsiella.2428,67,573.66844,Good,5225232,100.0
0.0,MLST.klebsiella.14,58,573.66866,Good,5315969,100.0
0.1,MLST.klebsiella.2949,84,573.66871,Good,5360901,100.0
0.0,MLST.klebsiella.14,62,573.66877,Good,5401411,100.0
0.0,MLST.klebsiella.110,97,573.66886,Good,5421624,100.0
0.1,MLST.klebsiella.14,228,573.66924,Good,5784083,99.8
0.1,MLST.klebsiella.392,70,573.66940,Good,5391170,100.0
0.2,MLST.klebsiella.3043,172,573.66976,Good,5710780,100.0
0.0,MLST.klebsiella.134,61,573.67001,Good,5281418,99.9
0.0,MLST.klebsiella.17,56,573.67003,Good,5178941,100.0
0.0,MLST.klebsiella.14,79,573.67013,Good,5425210,100.0
0.2,MLST.klebsiella.4279,135,573.67024,Good,5407463,99.7
0.0,MLST.klebsiella.23,55,573.67028,Good,5633499,100.0
0.0,MLST.klebsiella.499,63,573.67067,Good,5352582,100.0
0.1,MLST.klebsiella.4281,45,573.67076,Good,5090760,99.9
1.4,MLST.klebsiella.10,329,573.67118,Good,5573183,100.0
0.1,MLST.klebsiella.70,43,573.67132,Good,5451611,100.0
0.0,MLST.klebsiella.323,68,573.67144,Good,5462351,100.0
0.0,MLST.klebsiella.48,86,573.67147,Good,5249363,100.0
0.1,MLST.klebsiella.340,128,573.67176,Good,5538563,100.0
0.0,,126,573.26109,Good,5490446,99.78
15.4,,1367,573.13791,Poor,4871691,94.6
1.0,,118,573.14410,Good,5834855,98.0
0.0,,90,573.13723,Good,5333722,100.0
0.0,MLST.klebsiella.48,112,573.31067,Good,5251435,99.78
0.11,MLST.klebsiella.111,135,573.31083,Good,5249165,99.78
0.0,MLST.klebsiella.147,81,573.46846,Good,5801769,99.78
0.0,MLST.klebsiella.147,88,573.46858,Good,5838187,99.78
0.0,MLST.klebsiella.462,35,573.5694,Good,5273482,100.0
0.0,MLST.klebsiella.307,33,573.5710,Good,5385055,100.0
0.0,MLST.klebsiella.3839,29,573.5711,Good,5267569,100.0
0.7,MLST.klebsiella.14,44,573.5793,Good,5582572,100.0
0.0,MLST.klebsiella.307,32,573.5803,Good,5412783,100.0
0.0,MLST.klebsiella.512,116,573.66111,Good,5583463,100.0
0.1,MLST.klebsiella.111,60,573.66125,Good,5373488,100.0
0.6,MLST.klebsiella.922,206,573.66137,Good,5633395,100.0
0.0,MLST.klebsiella.48,68,573.66145,Good,5369885,100.0
0.0,MLST.klebsiella.3181,83,573.66146,Good,5593307,100.0
0.0,MLST.klebsiella.15,59,573.66226,Good,5476769,100.0
0.0,MLST.klebsiella.11,113,573.66242,Good,5755205,100.0
0.0,MLST.klebsiella.15,89,573.66258,Good,5711672,100.0
0.0,MLST.klebsiella.11,108,573.66273,Good,5801880,100.0
0.0,MLST.klebsiella.656,88,573.66312,Good,5504837,100.0
0.2,MLST.klebsiella.15,109,573.66325,Good,5660654,100.0
0.0,MLST.klebsiella.15,172,573.66335,Good,5660818,100.0
0.1,MLST.klebsiella.16,66,573.66344,Good,5515504,100.0
0.0,MLST.klebsiella.15,99,573.66347,Good,5600845,100.0
0.0,MLST.klebsiella.656,93,573.66423,Good,5505996,100.0
0.0,MLST.klebsiella.147,65,573.66434,Good,5579326,99.9
0.0,MLST.klebsiella.16,67,573.66437,Good,5608031,100.0
0.0,MLST.klebsiella.11,107,573.66483,Good,5689322,100.0
0.0,MLST.klebsiella.16,82,573.66504,Good,5659794,100.0
0.0,MLST.klebsiella.11,89,573.66515,Good,5590410,100.0
0.0,MLST.klebsiella.16,65,573.66535,Good,5638881,100.0
0.0,MLST.klebsiella.392,137,573.66554,Good,5492757,100.0
0.2,MLST.klebsiella.133,80,573.67197,Good,5632974,100.0
0.3,MLST.klebsiella.3516,89,573.67202,Good,5577212,99.9
0.2,MLST.klebsiella.1662,49,573.67211,Good,5359518,100.0
0.0,MLST.klebsiella.323,131,573.67236,Good,5614015,100.0
0.1,MLST.klebsiella.274,104,573.67239,Good,5810265,100.0
0.3,MLST.klebsiella.922,226,573.67243,Good,5771654,100.0
0.0,MLST.klebsiella.512,80,573.67246,Good,5481026,100.0
0.0,MLST.klebsiella.3518,108,573.67287,Good,5910852,100.0
0.2,MLST.klebsiella.465,56,573.67339,Good,5453767,100.0
0.11,MLST.klebsiella.337,118,573.23215,Good,5480130,99.78
0.11,MLST.klebsiella.1017,93,573.24264,Good,5416907,99.78
0.0,MLST.klebsiella.38,213,573.24300,Good,5707807,99.78
0.0,MLST.klebsiella.11,93,573.24324,Good,5687141,99.78
0.0,MLST.klebsiella.258,121,573.24367,Good,5527688,99.78
0.11,MLST.klebsiella.258,145,573.24374,Good,5584923,99.78
0.0,MLST.klebsiella.258,147,573.24437,Good,5530940,99.78
0.0,MLST.klebsiella.258,119,573.24438,Good,5916450,99.78
0.22,MLST.klebsiella.258,140,573.24450,Good,5598894,99.78
0.0,MLST.klebsiella.443,81,573.26074,Good,5227144,99.78
0.22,MLST.klebsiella.3384,22,573.26113,Good,5567196,99.78
0.0,MLST.klebsiella.133,38,573.26127,Good,5431879,99.78
0.11,MLST.klebsiella.6,92,573.26149,Good,5692745,99.78
0.11,MLST.klebsiella.65,47,573.26156,Good,5604928,99.78
0.0,MLST.klebsiella.1310,61,573.26218,Good,5386507,99.78
0.0,MLST.klebsiella.45,44,573.26227,Good,5571066,99.78
0.11,MLST.klebsiella.11,57,573.26280,Good,5618755,99.78
0.0,MLST.klebsiella.39,70,573.26305,Good,5758725,99.78
0.0,MLST.klebsiella.307,122,573.29884,Good,5560393,99.78
0.0,MLST.klebsiella.307,63,573.29890,Good,5467317,99.78
0.11,MLST.klebsiella.258,69,573.29904,Good,5559108,99.67
3.13,MLST.klebsiella.307,255,573.29945,Good,5718403,99.78
0.11,MLST.klebsiella.307,128,573.29957,Good,5760718,99.78
0.0,MLST.klebsiella.15,129,573.33421,Good,5816530,99.78
0.0,MLST.klebsiella.37,3,573.34237,Good,5592223,99.78
0.0,MLST.klebsiella.17,4,573.34262,Good,5661247,99.78
0.0,MLST.klebsiella.340,7,573.34278,Good,5740875,99.78
0.0,MLST.klebsiella.323,97,573.46069,Good,5747204,99.78
0.0,MLST.klebsiella.857,34,573.46103,Good,5352265,99.78
0.0,MLST.klebsiella.2594,43,573.46104,Good,5472299,99.78
0.0,MLST.klebsiella.127,47,573.46108,Good,5455568,99.78
0.0,MLST.klebsiella.1548,69,573.46109,Good,5526784,99.78
0.0,MLST.klebsiella.2995,29,573.46110,Good,5370395,99.78
0.0,MLST.klebsiella.323,86,573.46119,Good,5516102,99.78
0.0,MLST.klebsiella.258,91,573.5623,Good,5673701,100.0
0.0,MLST.klebsiella.258,130,573.13096,Good,5523994,100.0
0.0,MLST.klebsiella.307,120,573.13097,Good,5430261,100.0
0.0,MLST.klebsiella.418,93,573.13100,Good,5475051,100.0
0.0,MLST.klebsiella.307,78,573.13120,Good,5515331,100.0
0.0,MLST.klebsiella.2975,65,573.13124,Good,5352621,100.0
0.3,MLST.klebsiella.551,75,573.13129,Good,5286417,100.0
0.0,MLST.klebsiella.628,67,573.13141,Good,5501641,100.0
0.4,MLST.klebsiella.2975,107,573.13142,Good,5346996,100.0
0.3,MLST.klebsiella.13,139,573.13147,Good,5509671,99.7
0.0,MLST.klebsiella.258,239,573.13175,Good,5713483,100.0
0.3,MLST.klebsiella.258,201,573.13193,Good,5590920,100.0
0.3,MLST.klebsiella.307,109,573.13209,Good,5446399,100.0
0.0,MLST.klebsiella.307,103,573.13214,Good,5471777,100.0
0.3,MLST.klebsiella.258,186,573.13238,Good,5399351,100.0
1.2,MLST.klebsiella.187,109,573.13241,Good,5457694,100.0
0.0,MLST.klebsiella.1427,63,573.13242,Good,5387864,100.0
0.0,MLST.klebsiella.1427,64,573.13250,Good,5393265,100.0
0.3,MLST.klebsiella.258,175,573.13347,Good,5460735,100.0
1.2,MLST.klebsiella.5340,196,573.13349,Good,5747989,100.0
0.7,MLST.klebsiella.307,123,573.13356,Good,5490896,100.0
0.7,MLST.klebsiella.1412,86,573.13383,Good,5244590,100.0
0.0,MLST.klebsiella.258,198,573.13418,Good,5415565,100.0
0.0,MLST.klebsiella.307,144,573.13424,Good,5326901,100.0
1.0,MLST.klebsiella.1412,84,573.13442,Good,5242426,100.0
0.0,MLST.klebsiella.25,147,573.13456,Good,5423341,100.0
0.3,MLST.klebsiella.273,82,573.13473,Good,5619834,100.0
0.0,MLST.klebsiella.16,68,573.13488,Good,5477675,100.0
0.0,MLST.klebsiella.258,115,573.13559,Good,5668774,100.0
0.0,MLST.klebsiella.258,137,573.13563,Good,5558039,100.0
0.0,MLST.klebsiella.258,134,573.13587,Good,5582399,100.0
0.3,MLST.klebsiella.147,115,573.13615,Good,5510786,100.0
0.0,MLST.klebsiella.234,71,573.13627,Good,5553236,100.0
0.0,MLST.klebsiella.307,90,573.13644,Good,5536106,100.0
0.0,MLST.klebsiella.307,77,573.13646,Good,5383400,100.0
0.5,MLST.klebsiella.15,120,573.13729,Good,5336071,100.0
0.3,MLST.klebsiella.147,107,573.13738,Good,5502627,100.0
0.0,MLST.klebsiella.258,165,573.13741,Good,5746502,100.0
0.0,MLST.klebsiella.15,105,573.13785,Good,5465669,100.0
0.0,MLST.klebsiella.258,109,573.13790,Good,5596956,100.0
3.2,MLST.klebsiella.258,375,573.13797,Good,5873322,100.0
0.0,MLST.klebsiella.258,154,573.13808,Good,5530943,100.0
0.0,MLST.klebsiella.258,119,573.13824,Good,5505329,100.0
0.0,MLST.klebsiella.101,93,573.13859,Good,5660781,100.0
0.0,MLST.klebsiella.258,119,573.13887,Good,5556002,100.0
0.0,MLST.klebsiella.258,138,573.13908,Good,5805486,100.0
0.0,MLST.klebsiella.76,80,573.13928,Good,5499134,100.0
0.0,MLST.klebsiella.16,98,573.13972,Good,5588558,100.0
0.0,MLST.klebsiella.258,141,573.13989,Good,5561062,100.0
0.0,MLST.klebsiella.307,82,573.14002,Good,5515382,100.0
0.3,MLST.klebsiella.258,121,573.14006,Good,5675255,100.0
0.0,MLST.klebsiella.307,97,573.14011,Good,5488371,100.0
0.0,MLST.klebsiella.307,93,573.14024,Good,5547073,100.0
0.0,MLST.klebsiella.258,106,573.14036,Good,5485806,100.0
0.0,MLST.klebsiella.16,91,573.14037,Good,5481346,100.0
0.0,MLST.klebsiella.307,86,573.14121,Good,5373570,100.0
0.0,MLST.klebsiella.258,139,573.14136,Good,5511653,100.0
0.0,MLST.klebsiella.258,141,573.14146,Good,5563714,100.0
0.3,MLST.klebsiella.15,119,573.14149,Good,5526726,100.0
0.3,MLST.klebsiella.307,99,573.14179,Good,5513008,100.0
0.0,MLST.klebsiella.258,140,573.14181,Good,5561448,100.0
0.7,MLST.klebsiella.20,180,573.14205,Good,5682982,100.0
2.0,MLST.klebsiella.14,4,573.14214,Good,5973075,100.0
0.0,MLST.klebsiella.307,96,573.14220,Good,5498276,100.0
0.0,MLST.klebsiella.307,90,573.14236,Good,5366920,100.0
0.0,MLST.klebsiella.307,166,573.14268,Good,5460065,100.0
0.3,MLST.klebsiella.273,52,573.14272,Good,5436891,100.0
0.4,MLST.klebsiella.681,82,573.14328,Good,5617426,98.3
0.3,MLST.klebsiella.15,140,573.14343,Good,5591668,100.0
0.0,MLST.klebsiella.258,103,573.14373,Good,5323333,100.0
0.0,MLST.klebsiella.16,94,573.14392,Good,5457643,99.3
0.0,MLST.klebsiella.307,129,573.14433,Good,5573906,100.0
0.0,MLST.klebsiella.258,120,573.14434,Good,5560939,100.0
0.0,MLST.klebsiella.307,100,573.14442,Good,5516039,100.0
0.0,MLST.klebsiella.307,92,573.14458,Good,5417389,100.0
0.0,MLST.klebsiella.16,78,573.14461,Good,5504640,100.0
0.0,MLST.klebsiella.307,71,573.14488,Good,5521955,100.0
0.0,MLST.klebsiella.307,89,573.14520,Good,5492018,100.0
0.5,MLST.klebsiella.258,141,573.14542,Good,5564550,100.0
0.0,MLST.klebsiella.37,3,573.15372,Good,5519452,100.0
0.0,MLST.klebsiella.1787,70,573.15443,Good,5445811,99.7
0.0,MLST.klebsiella.307,64,573.15455,Good,5375982,100.0
0.0,MLST.klebsiella.14,65,573.15459,Good,5427390,100.0
0.0,MLST.klebsiella.15,129,573.15486,Good,5950909,100.0
0.0,MLST.klebsiella.15,119,573.15489,Good,5868415,100.0
0.0,MLST.klebsiella.29,68,573.15500,Good,5440885,100.0
0.0,MLST.klebsiella.3395,83,573.15505,Good,5374868,100.0
0.0,MLST.klebsiella.441,58,573.15506,Good,5450662,100.0
0.0,MLST.klebsiella.229,30,573.15512,Good,5107323,99.0
0.7,MLST.klebsiella.27,160,573.15514,Good,5453292,100.0
0.0,MLST.klebsiella.323,58,573.15580,Good,5447201,100.0
1.0,MLST.klebsiella.231,69,573.15592,Good,6053674,100.0
0.0,MLST.klebsiella.323,56,573.15602,Good,5519680,100.0
0.3,MLST.klebsiella.681,116,573.15624,Good,5566271,98.3
0.0,,162,573.24314,Good,5616463,99.78
0.3,MLST.klebsiella.147,6,573.12781,Good,5782129,100.0
0.1,MLST.klebsiella.258,278,573.12920,Good,5525085,100.0
0.3,MLST.klebsiella.1686,314,573.12960,Good,5499877,100.0
0.0,MLST.klebsiella.17,997,573.12962,Good,5707913,100.0
0.3,MLST.klebsiella.29,234,573.12977,Good,5266521,100.0
1.7,MLST.klebsiella.6071,267,573.13004,Good,5023610,98.0
1.3,MLST.klebsiella.392,476,573.13016,Good,6056657,100.0
0.0,MLST.klebsiella.307,82,573.66175,Good,5434374,100.0
0.0,MLST.klebsiella.307,82,573.66195,Good,5400241,100.0
0.0,MLST.klebsiella.86,48,573.66591,Good,5356989,100.0
0.0,MLST.klebsiella.1114,99,573.66610,Good,5489539,100.0
0.1,MLST.klebsiella.774,95,573.66620,Good,5502091,100.0
0.1,MLST.klebsiella.14,126,573.66627,Good,5476357,100.0
0.0,MLST.klebsiella.2445,90,573.66630,Good,5400540,100.0
0.0,MLST.klebsiella.15,99,573.66649,Good,5496483,100.0
0.0,MLST.klebsiella.1646,76,573.66670,Good,5133812,99.0
0.1,MLST.klebsiella.60,49,573.66720,Good,5143146,100.0
0.0,MLST.klebsiella.1411,77,573.66731,Good,5172154,100.0
0.0,MLST.klebsiella.134,73,573.66733,Good,5312856,99.9
0.0,MLST.klebsiella.461,50,573.66745,Good,5518194,100.0
0.2,MLST.klebsiella.26,109,573.66753,Good,5357157,100.0
0.2,MLST.klebsiella.4254,71,573.66791,Good,5242751,100.0
0.0,MLST.klebsiella.336,69,573.66850,Good,5453828,100.0
0.1,MLST.klebsiella.70,68,573.66868,Good,5492923,100.0
0.0,MLST.klebsiella.37,62,573.66879,Good,5214420,100.0
0.0,MLST.klebsiella.37,74,573.66881,Good,5305211,100.0
0.0,MLST.klebsiella.904,53,573.66917,Good,5344510,100.0
0.0,MLST.klebsiella.870,68,573.66964,Good,5336654,99.7
0.0,MLST.klebsiella.25,85,573.66975,Good,5458917,100.0
0.0,MLST.klebsiella.14,61,573.66998,Good,5377408,100.0
0.1,MLST.klebsiella.27,144,573.67046,Good,5442427,100.0
0.0,MLST.klebsiella.23,56,573.67116,Good,5597523,100.0
0.0,MLST.klebsiella.2947,61,573.67151,Good,5496155,100.0
7.5,,693,573.13202,Good,5277699,98.6
0.0,MLST.klebsiella.147,80,573.46837,Good,5792887,99.78
0.3,MLST.klebsiella.323,27,573.5705,Good,5557785,100.0
0.1,MLST.klebsiella.3172,48,573.5712,Good,5616469,100.0
0.0,MLST.klebsiella.29,34,573.5801,Good,5446212,100.0
0.7,MLST.klebsiella.2097,29,573.5813,Good,5538646,100.0
0.2,MLST.klebsiella.336,46,573.66163,Good,5503509,100.0
0.0,MLST.klebsiella.11,107,573.66219,Good,5802243,100.0
0.0,MLST.klebsiella.16,69,573.66237,Good,5690575,100.0
0.0,MLST.klebsiella.16,71,573.66254,Good,5572382,100.0
0.0,MLST.klebsiella.15,85,573.66262,Good,5619481,100.0
0.0,MLST.klebsiella.11,112,573.66266,Good,5751858,100.0
0.0,MLST.klebsiella.15,90,573.66292,Good,5603100,100.0
0.0,MLST.klebsiella.16,64,573.66304,Good,5624414,100.0
0.0,MLST.klebsiella.16,78,573.66313,Good,5547750,100.0
0.3,MLST.klebsiella.15,107,573.66329,Good,5661077,100.0
0.0,MLST.klebsiella.16,86,573.66354,Good,5646517,100.0
0.0,MLST.klebsiella.16,77,573.66389,Good,5662351,100.0
0.2,MLST.klebsiella.15,136,573.66432,Good,5787980,100.0
0.1,MLST.klebsiella.11,85,573.66449,Good,5522316,100.0
0.0,MLST.klebsiella.307,62,573.66457,Good,5351879,100.0
0.0,MLST.klebsiella.15,93,573.66468,Good,5601995,100.0
0.0,MLST.klebsiella.15,137,573.66474,Good,5658955,100.0
0.0,MLST.klebsiella.15,132,573.66485,Good,5655740,100.0
0.0,MLST.klebsiella.15,87,573.66498,Good,5604140,100.0
0.0,MLST.klebsiella.147,104,573.66520,Good,5737571,99.9
0.0,MLST.klebsiella.327,112,573.66523,Good,5596862,100.0
0.2,MLST.klebsiella.359,193,573.66546,Good,5744454,100.0
0.0,MLST.klebsiella.307,109,573.67182,Good,5608418,100.0
0.2,MLST.klebsiella.26,239,573.67224,Good,5653094,99.9
0.3,MLST.klebsiella.11,93,573.67231,Good,5470558,100.0
0.1,MLST.klebsiella.111,113,573.67234,Good,5683997,100.0
0.0,MLST.klebsiella.323,132,573.67252,Good,5653057,100.0
0.2,MLST.klebsiella.14,67,573.67262,Good,5413783,100.0
0.0,MLST.klebsiella.258,106,573.67298,Good,5626268,100.0
0.2,MLST.klebsiella.922,260,573.67300,Good,5700434,100.0
0.0,MLST.klebsiella.258,87,573.67315,Good,5554824,100.0
0.0,MLST.klebsiella.3801,61,573.22559,Good,5391070,99.78
0.11,MLST.klebsiella.337,109,573.23198,Good,5484769,99.78
0.22,MLST.klebsiella.410,263,573.23202,Good,5835380,99.78
0.11,MLST.klebsiella.3742,86,573.23204,Good,5665869,99.78
0.22,MLST.klebsiella.584,71,573.23219,Good,5334378,99.78
0.0,MLST.klebsiella.147,100,573.24248,Good,5647640,99.78
0.22,MLST.klebsiella.43,200,573.24261,Good,5587957,99.11
0.11,MLST.klebsiella.37,123,573.24275,Good,5440852,99.78
0.11,MLST.klebsiella.628,73,573.24295,Good,5433310,99.78
0.11,MLST.klebsiella.405,75,573.24303,Good,5601221,99.78
0.11,MLST.klebsiella.476,246,573.24305,Good,6001746,99.78
0.22,MLST.klebsiella.834,161,573.24353,Good,5765923,99.78
0.0,MLST.klebsiella.258,163,573.24399,Good,5759160,99.78
0.22,MLST.klebsiella.258,176,573.24418,Good,5804127,99.78
0.22,MLST.klebsiella.258,134,573.24427,Good,5366437,99.78
0.0,MLST.klebsiella.307,128,573.24444,Good,5639474,99.78
0.0,MLST.klebsiella.258,126,573.24455,Good,5538256,99.78
0.0,MLST.klebsiella.11,95,573.26117,Good,5640759,99.78
0.0,MLST.klebsiella.1583,60,573.26118,Good,5784923,99.78
0.0,MLST.klebsiella.16,64,573.26120,Good,5477784,99.78
0.0,MLST.klebsiella.37,38,573.26146,Good,5454508,99.78
0.11,MLST.klebsiella.1427,101,573.26150,Good,5461789,99.78
0.11,MLST.klebsiella.244,104,573.26164,Good,5831075,99.78
0.22,MLST.klebsiella.70,42,573.26169,Good,5969614,99.78
0.0,MLST.klebsiella.1605,52,573.26183,Good,5549382,99.78
0.0,MLST.klebsiella.45,48,573.26202,Good,5561269,99.78
0.33,MLST.klebsiella.11,52,573.26229,Good,5506195,99.78
0.0,MLST.klebsiella.37,52,573.26233,Good,5477374,99.78
0.0,MLST.klebsiella.134,41,573.26282,Good,5430001,99.67
0.0,MLST.klebsiella.512,105,573.29944,Good,5658057,99.78
0.0,MLST.klebsiella.2975,117,573.29986,Good,5611567,99.78
0.0,MLST.klebsiella.307,75,573.30003,Good,5533509,99.78
0.11,MLST.klebsiella.29,113,573.46064,Good,5593028,99.78
0.0,MLST.klebsiella.1966,51,573.46099,Good,5430396,99.78
0.0,MLST.klebsiella.643,93,573.46113,Good,5530015,99.67
0.0,MLST.klebsiella.323,72,573.46114,Good,5473786,99.78
0.0,MLST.klebsiella.258,117,573.13105,Good,5518591,100.0
0.3,MLST.klebsiella.258,123,573.13138,Good,5437697,100.0
0.3,MLST.klebsiella.462,65,573.13170,Good,5447893,100.0
0.0,MLST.klebsiella.307,92,573.13185,Good,5519080,100.0
0.7,MLST.klebsiella.258,165,573.13205,Good,5549882,100.0
0.0,MLST.klebsiella.258,169,573.13206,Good,5553830,100.0
0.0,MLST.klebsiella.307,84,573.13226,Good,5396257,100.0
5.3,MLST.klebsiella.258,475,573.13233,Good,5512397,100.0
0.0,MLST.klebsiella.307,92,573.13246,Good,5574798,100.0
0.3,MLST.klebsiella.307,179,573.13274,Good,5432790,100.0
0.0,MLST.klebsiella.307,213,573.13290,Good,5526614,100.0
0.3,MLST.klebsiella.307,103,573.13336,Good,5465377,100.0
0.3,MLST.klebsiella.258,147,573.13342,Good,5659743,100.0
40.3,MLST.klebsiella.307,1209,573.13345,Poor,8862200,100.0
0.3,MLST.klebsiella.39,121,573.13366,Good,5361536,100.0
0.7,MLST.klebsiella.15,227,573.13397,Good,5740044,100.0
0.3,MLST.klebsiella.280,119,573.13414,Good,5473580,100.0
0.3,MLST.klebsiella.258,168,573.13429,Good,5266128,99.7
0.0,MLST.klebsiella.258,99,573.13494,Good,5618216,100.0
0.0,MLST.klebsiella.307,87,573.13513,Good,5384167,100.0
0.3,MLST.klebsiella.17,67,573.13555,Good,5359577,100.0
0.3,MLST.klebsiella.307,104,573.13564,Good,5498256,100.0
0.0,MLST.klebsiella.307,85,573.13610,Good,5446649,100.0
0.7,MLST.klebsiella.1887,57,573.13618,Good,5463006,99.0
0.8,MLST.klebsiella.1456,88,573.13647,Good,5794716,98.3
6.1,MLST.klebsiella.36,685,573.13662,Good,5249439,99.7
0.3,MLST.klebsiella.258,74,573.13775,Good,5216718,100.0
0.0,MLST.klebsiella.45,88,573.13825,Good,5635723,100.0
0.0,MLST.klebsiella.628,94,573.13863,Good,5542982,100.0
15.9,MLST.klebsiella.307,654,573.13885,Poor,6622743,100.0
0.3,MLST.klebsiella.392,111,573.13902,Good,5567128,100.0
0.0,MLST.klebsiella.258,135,573.13905,Good,5797382,100.0
0.3,MLST.klebsiella.147,108,573.13914,Good,5471525,100.0
0.0,MLST.klebsiella.258,143,573.13942,Good,5529002,100.0
0.0,MLST.klebsiella.258,108,573.13953,Good,5723049,100.0
0.0,MLST.klebsiella.42,147,573.13963,Good,5565430,100.0
1.0,MLST.klebsiella.273,117,573.13964,Good,5597545,100.0
0.0,MLST.klebsiella.307,80,573.13992,Good,5511835,100.0
0.0,MLST.klebsiella.258,143,573.14023,Good,5793334,100.0
0.0,MLST.klebsiella.1213,105,573.14070,Good,5433366,100.0
0.3,MLST.klebsiella.295,67,573.14086,Good,5534439,100.0
0.0,MLST.klebsiella.258,140,573.14097,Good,5571457,100.0
0.3,MLST.klebsiella.16,76,573.14103,Good,5483074,100.0
0.0,MLST.klebsiella.307,97,573.14112,Good,5367548,100.0
0.0,MLST.klebsiella.307,65,573.14129,Good,5317794,100.0
0.0,MLST.klebsiella.307,108,573.14138,Good,5487286,100.0
0.7,MLST.klebsiella.13,138,573.14151,Good,5675972,99.7
0.0,MLST.klebsiella.307,122,573.14154,Good,5579215,100.0
0.0,MLST.klebsiella.258,141,573.14184,Good,5792939,100.0
0.3,MLST.klebsiella.3792,188,573.14223,Good,6004416,100.0
1.0,MLST.klebsiella.13,123,573.14271,Good,5557809,99.7
0.0,MLST.klebsiella.307,92,573.14303,Good,5399957,100.0
0.0,MLST.klebsiella.628,66,573.14309,Good,5483959,100.0
0.7,MLST.klebsiella.36,72,573.14372,Good,5595775,100.0
0.0,MLST.klebsiella.307,138,573.14453,Good,5485867,100.0
0.0,MLST.klebsiella.716,52,573.14454,Good,5423482,100.0
0.0,MLST.klebsiella.307,129,573.14455,Good,5563655,100.0
0.0,MLST.klebsiella.307,91,573.14486,Good,5429079,100.0
0.0,MLST.klebsiella.307,67,573.14487,Good,5518891,100.0
0.3,MLST.klebsiella.258,114,573.14536,Good,5626289,100.0
0.3,MLST.klebsiella.280,67,573.14539,Good,5450574,100.0
0.3,MLST.klebsiella.307,79,573.14548,Good,5493405,100.0
0.0,MLST.klebsiella.323,3,573.15362,Good,5448674,100.0
0.0,MLST.klebsiella.323,5,573.15377,Good,5698065,100.0
0.7,MLST.klebsiella.20,76,573.15465,Good,5415188,100.0
0.0,MLST.klebsiella.3395,83,573.15501,Good,5397461,100.0
0.4,MLST.klebsiella.3085,41,573.15537,Good,5682264,98.0
0.0,MLST.klebsiella.35,51,573.15539,Good,5309541,100.0
0.3,MLST.klebsiella.230,68,573.15558,Good,5343992,100.0
0.0,MLST.klebsiella.39,73,573.15562,Good,5408151,100.0
0.3,MLST.klebsiella.310,33,573.15582,Good,5310451,100.0
0.3,MLST.klebsiella.5168,53,573.15615,Good,5159724,100.0
1.0,MLST.klebsiella.258,304,573.1722,Good,5637080,100.0
0.7,MLST.klebsiella.512,166,573.1733,Good,5790698,100.0
0.7,MLST.klebsiella.218,371,573.12883,Good,5558393,100.0
1.0,MLST.klebsiella.2975,481,573.12893,Good,5522467,100.0
0.5,MLST.klebsiella.25,323,573.12914,Good,5620738,100.0
0.7,MLST.klebsiella.5056,244,573.12979,Good,5854733,100.0
0.0,MLST.klebsiella.37,330,573.12996,Good,5485597,100.0
2.3,MLST.klebsiella.133,458,573.13021,Good,5622996,100.0
0.0,MLST.klebsiella.11,4,573.15043,Good,5746129,100.0
0.3,MLST.klebsiella.258,6,573.15107,Good,5835823,99.7
0.0,MLST.klebsiella.14,5,573.15108,Good,5989257,100.0
0.0,MLST.klebsiella.307,88,573.66188,Good,5431125,100.0
0.0,MLST.klebsiella.307,65,573.66200,Good,5373679,100.0
0.0,MLST.klebsiella.307,74,573.66203,Good,5366741,100.0
1.3,MLST.Klebsiella_pneumoniae.1114,259,573.66583,Good,5509156,99.9
0.0,MLST.klebsiella.20,71,573.66595,Good,5421343,100.0
0.2,MLST.klebsiella.26,132,573.66646,Good,5510734,100.0
0.0,MLST.klebsiella.4283,50,573.66714,Good,5165249,100.0
0.1,MLST.klebsiella.187,51,573.66723,Good,5333697,100.0
0.0,MLST.klebsiella.14,59,573.66821,Good,5309320,100.0
0.0,MLST.klebsiella.35,60,573.66847,Good,5670569,100.0
0.0,MLST.klebsiella.474,106,573.66892,Good,5491656,100.0
0.1,MLST.klebsiella.70,43,573.66896,Good,5439647,100.0
0.1,MLST.klebsiella.45,74,573.66910,Good,5483333,100.0
0.1,MLST.klebsiella.147,78,573.66923,Good,5515750,100.0
0.0,MLST.klebsiella.627,65,573.66933,Good,5433173,100.0
0.0,MLST.klebsiella.661,66,573.66943,Good,5302999,100.0
0.0,MLST.klebsiella.252,133,573.66957,Good,5550253,100.0
0.0,MLST.klebsiella.1777,82,573.66965,Good,5489554,100.0
0.0,MLST.klebsiella.134,108,573.66967,Good,5551144,99.9
0.0,MLST.klebsiella.45,59,573.66974,Good,5380336,100.0
0.3,MLST.klebsiella.253,62,573.66982,Good,5167635,100.0
0.0,MLST.klebsiella.501,99,573.67016,Good,5413285,100.0
0.0,MLST.klebsiella.14,46,573.67019,Good,5324765,100.0
0.0,MLST.klebsiella.20,56,573.67064,Good,5409626,100.0
0.0,MLST.klebsiella.3147,68,573.67066,Good,5383468,100.0
0.0,MLST.klebsiella.105,55,573.67077,Good,5297509,100.0
0.2,MLST.klebsiella.4340,62,573.67082,Good,5428581,100.0
0.0,MLST.klebsiella.359,115,573.67085,Good,5262329,100.0
0.0,MLST.klebsiella.26,135,573.67105,Good,5371785,100.0
0.0,MLST.klebsiella.261,63,573.67135,Good,5506741,100.0
0.44,,160,573.24250,Good,5282904,99.78
0.3,,85,573.13656,Good,5501565,99.7
0.0,,173,573.24337,Good,6019683,99.78
0.0,MLST.Klebsiella_pneumoniae.307,78,573.13807,Good,5383145,100.0
0.0,,79,573.13817,Good,5559565,100.0
0.8,,54,573.14170,Good,5523578,98.0
0.11,MLST.klebsiella.16,123,573.24254,Good,5890164,99.78
0.0,MLST.klebsiella.147,95,573.46845,Good,5863131,99.78
0.0,MLST.klebsiella.147,91,573.46847,Good,5830310,99.78
0.0,MLST.klebsiella.147,93,573.46863,Good,5834312,99.78
0.0,MLST.klebsiella.147,86,573.46865,Good,5848107,99.78
0.0,MLST.klebsiella.147,89,573.46866,Good,5848108,99.78
0.0,MLST.klebsiella.11,98,573.5638,Good,5860872,100.0
0.3,MLST.klebsiella.1966,33,573.5804,Good,5351360,100.0
0.0,MLST.klebsiella.37,82,573.5828,Good,5525738,100.0
0.3,MLST.klebsiella.133,106,573.66103,Good,5540853,100.0
0.0,MLST.klebsiella.36,41,573.66113,Good,5334879,100.0
0.2,MLST.klebsiella.27,155,573.66123,Good,5397927,100.0
0.0,MLST.klebsiella.512,98,573.66153,Good,5565625,100.0
0.2,MLST.klebsiella.3521,109,573.66162,Good,5625102,100.0
0.2,MLST.klebsiella.528,102,573.66170,Good,5717731,100.0
0.0,MLST.klebsiella.15,58,573.66227,Good,5477168,100.0
0.0,MLST.klebsiella.15,86,573.66232,Good,5594084,100.0
0.0,MLST.klebsiella.15,95,573.66246,Good,5493507,100.0
0.0,MLST.klebsiella.11,110,573.66274,Good,5800251,100.0
0.2,MLST.klebsiella.15,57,573.66281,Good,5630612,100.0
0.0,MLST.klebsiella.16,67,573.66302,Good,5625109,100.0
0.0,MLST.klebsiella.15,94,573.66317,Good,5495306,100.0
0.0,MLST.klebsiella.11,109,573.66327,Good,5787462,100.0
0.0,MLST.klebsiella.15,163,573.66333,Good,5617609,100.0
0.0,MLST.klebsiella.11,113,573.66336,Good,5800091,100.0
0.0,MLST.klebsiella.15,156,573.66339,Good,5614177,100.0
0.0,MLST.klebsiella.15,147,573.66392,Good,5636570,100.0
0.0,MLST.klebsiella.16,63,573.66404,Good,5632291,100.0
0.0,MLST.klebsiella.656,72,573.66407,Good,5500802,100.0
0.0,MLST.klebsiella.656,78,573.66415,Good,5498871,100.0
0.2,MLST.klebsiella.15,131,573.66431,Good,5779693,100.0
0.0,MLST.klebsiella.37,64,573.66436,Good,5385337,100.0
0.0,MLST.klebsiella.15,85,573.66470,Good,5603716,100.0
0.0,MLST.klebsiella.16,79,573.66490,Good,5661288,100.0
0.0,MLST.klebsiella.11,89,573.66514,Good,5599316,100.0
0.0,MLST.klebsiella.327,105,573.66517,Good,5594273,100.0
0.3,MLST.klebsiella.45,43,573.67232,Good,5606396,100.0
0.1,MLST.klebsiella.111,124,573.67235,Good,5681977,100.0
0.2,MLST.klebsiella.14,124,573.67261,Good,5885221,100.0
0.2,MLST.klebsiella.3514,108,573.67263,Good,5536458,100.0
0.0,MLST.klebsiella.512,124,573.67288,Good,5626971,100.0
0.0,MLST.klebsiella.258,125,573.67299,Good,5656811,100.0
0.0,MLST.klebsiella.258,134,573.67316,Good,5653608,100.0
0.0,MLST.klebsiella.39,47,573.7096,Good,5532082,100.0
0.11,MLST.klebsiella.231,86,573.23201,Good,5495800,99.78
0.0,MLST.klebsiella.617,109,573.23210,Good,5572942,99.78
0.11,MLST.klebsiella.147,89,573.23228,Good,5662506,99.78
0.0,MLST.klebsiella.14,162,573.24247,Good,5730788,99.78
0.11,MLST.klebsiella.873,82,573.24266,Good,5563330,99.78
0.11,MLST.klebsiella.307,113,573.24289,Good,5506620,99.78
0.0,MLST.klebsiella.33,239,573.24299,Good,5406340,99.78
0.11,MLST.klebsiella.30,161,573.24307,Good,5909080,99.78
0.0,MLST.klebsiella.340,179,573.24328,Good,5597425,99.0
0.44,MLST.klebsiella.258,134,573.24375,Good,5647688,99.78
0.33,MLST.klebsiella.258,177,573.24390,Good,5908867,99.78
0.0,MLST.klebsiella.258,137,573.24454,Good,5592315,99.78
0.11,MLST.klebsiella.1308,56,573.26093,Good,5365696,99.78
0.0,MLST.klebsiella.443,34,573.26116,Good,5238056,99.78
0.0,MLST.klebsiella.133,40,573.26119,Good,5479423,99.78
0.11,MLST.klebsiella.1548,42,573.26145,Good,5387834,99.78
0.0,MLST.klebsiella.20,38,573.26155,Good,5320778,99.78
0.0,MLST.klebsiella.3639,39,573.26161,Good,5373861,99.78
0.33,MLST.klebsiella.299,185,573.26181,Good,5930730,99.78
0.0,MLST.klebsiella.35,103,573.26198,Good,5435805,99.78
0.0,MLST.klebsiella.268,93,573.26203,Good,5370203,99.78
0.0,MLST.klebsiella.2055,92,573.26228,Good,5264941,99.78
0.0,MLST.klebsiella.39,67,573.26238,Good,5607621,99.78
0.0,MLST.klebsiella.392,46,573.26256,Good,5439550,99.78
0.11,MLST.klebsiella.11,59,573.26268,Good,5616123,99.78
0.11,MLST.klebsiella.11,52,573.26317,Good,5570033,99.78
0.0,MLST.klebsiella.1822,125,573.26318,Good,5609309,99.78
0.11,MLST.klebsiella.101,65,573.29863,Good,5585231,99.78
39.12,MLST.klebsiella.258,118,573.29887,Good,8827887,99.78
0.0,MLST.klebsiella.512,98,573.29910,Good,5632636,99.78
0.11,MLST.klebsiella.307,108,573.29962,Good,5693253,99.78
0.0,MLST.klebsiella.101,79,573.29973,Good,5705106,99.78
0.0,MLST.klebsiella.512,108,573.29998,Good,5738099,99.78
0.0,MLST.klebsiella.101,58,573.30008,Good,5578464,99.78
0.0,MLST.klebsiella.15,149,573.33394,Good,5858378,99.78
0.0,MLST.klebsiella.15,147,573.33420,Good,5861310,99.78
0.0,MLST.klebsiella.29,114,573.46070,Good,5586877,99.78
0.0,MLST.klebsiella.348,56,573.13047,Good,5345039,100.0
4.2,MLST.klebsiella.307,331,573.13049,Good,5464120,100.0
0.0,MLST.klebsiella.258,138,573.13070,Good,5523134,100.0
0.0,MLST.klebsiella.258,149,573.13071,Good,5511136,100.0
0.5,MLST.klebsiella.628,80,573.13074,Good,5405006,100.0
0.0,MLST.klebsiella.307,90,573.13087,Good,5443191,100.0
4.8,MLST.klebsiella.2975,385,573.13122,Good,5342682,100.0
0.0,MLST.klebsiella.37,132,573.13143,Good,5779268,100.0
0.0,MLST.klebsiella.258,148,573.13163,Good,5564443,100.0
0.3,MLST.klebsiella.462,59,573.13166,Good,5449103,100.0
0.0,MLST.klebsiella.258,98,573.13169,Good,5352328,100.0
0.3,MLST.klebsiella.42,90,573.13199,Good,5639320,100.0
0.0,MLST.klebsiella.1808,140,573.13253,Good,5489809,100.0
0.0,MLST.klebsiella.307,119,573.13259,Good,5507334,100.0
0.0,MLST.klebsiella.258,112,573.13287,Good,5407084,100.0
0.0,MLST.klebsiella.258,131,573.13324,Good,5614923,100.0
0.0,MLST.klebsiella.307,78,573.13328,Good,5402508,100.0
0.3,MLST.klebsiella.258,183,573.13394,Good,5587990,100.0
0.3,MLST.klebsiella.258,180,573.13450,Good,5348004,99.7
0.0,MLST.klebsiella.258,103,573.13510,Good,5622436,100.0
0.0,MLST.klebsiella.258,154,573.13531,Good,5640972,100.0
0.0,MLST.klebsiella.258,138,573.13543,Good,5563259,100.0
0.0,MLST.klebsiella.307,107,573.13601,Good,5464855,100.0
0.0,MLST.klebsiella.258,136,573.13603,Good,5501388,100.0
0.0,MLST.klebsiella.307,130,573.13604,Good,5714567,100.0
0.0,MLST.klebsiella.307,85,573.13620,Good,5431130,100.0
0.0,MLST.klebsiella.258,111,573.13629,Good,5683959,100.0
0.0,MLST.klebsiella.15,78,573.13636,Good,5459007,100.0
0.0,MLST.klebsiella.307,101,573.13645,Good,5515948,100.0
0.0,MLST.klebsiella.258,111,573.13653,Good,5371070,100.0
0.0,MLST.klebsiella.307,130,573.13683,Good,5662734,100.0
0.0,MLST.klebsiella.16,75,573.13695,Good,5344668,100.0
0.0,MLST.klebsiella.17,99,573.13701,Good,5403409,100.0
0.0,MLST.klebsiella.307,67,573.13702,Good,5355487,100.0
0.7,MLST.klebsiella.258,175,573.13715,Good,5551783,100.0
0.1,MLST.klebsiella.258,133,573.13737,Good,5522252,100.0
0.3,MLST.klebsiella.13,124,573.13742,Good,5543107,99.7
0.0,MLST.klebsiella.2202,81,573.13745,Good,5393781,100.0
0.0,MLST.klebsiella.307,85,573.13750,Good,5407605,100.0
0.0,MLST.klebsiella.258,139,573.13781,Good,5604415,100.0
0.0,MLST.klebsiella.45,100,573.13794,Good,5653813,100.0
0.0,MLST.klebsiella.258,104,573.13838,Good,5423589,98.3
0.0,MLST.klebsiella.15,76,573.13839,Good,5463662,100.0
0.0,MLST.klebsiella.258,121,573.13850,Good,5512195,100.0
0.0,MLST.klebsiella.258,107,573.13877,Good,5647599,100.0
0.0,MLST.klebsiella.258,127,573.13878,Good,5691015,100.0
0.0,MLST.klebsiella.258,113,573.13881,Good,5518696,100.0
0.3,MLST.klebsiella.16,79,573.13884,Good,5515338,100.0
0.0,MLST.klebsiella.307,91,573.13954,Good,5461695,100.0
0.0,MLST.klebsiella.2975,102,573.13961,Good,5534641,100.0
0.1,MLST.klebsiella.258,120,573.13998,Good,5718404,100.0
0.0,MLST.klebsiella.258,126,573.14050,Good,5511578,100.0
0.0,MLST.klebsiella.258,140,573.14066,Good,5528171,100.0
0.0,MLST.klebsiella.307,98,573.14123,Good,5425684,100.0
0.0,MLST.klebsiella.307,96,573.14147,Good,5409009,100.0
0.0,MLST.klebsiella.258,138,573.14158,Good,5555230,100.0
0.0,MLST.klebsiella.307,104,573.14167,Good,5519518,100.0
0.0,MLST.klebsiella.258,141,573.14206,Good,5604874,100.0
0.0,MLST.klebsiella.307,97,573.14238,Good,5525365,100.0
0.0,MLST.klebsiella.258,123,573.14242,Good,5521939,100.0
0.0,MLST.klebsiella.3792,129,573.14260,Good,5559020,100.0
0.3,MLST.klebsiella.147,97,573.14267,Good,5716087,100.0
0.0,MLST.klebsiella.258,116,573.14293,Good,5763869,100.0
0.0,MLST.klebsiella.307,116,573.14296,Good,5560038,100.0
0.0,MLST.klebsiella.14,68,573.14305,Good,5438844,100.0
0.0,MLST.klebsiella.307,117,573.14349,Good,5552689,100.0
0.1,MLST.klebsiella.35,50,573.14376,Good,5349611,100.0
0.0,MLST.klebsiella.258,108,573.14409,Good,5540982,100.0
0.0,MLST.klebsiella.151,90,573.14411,Good,5572477,100.0
1.0,MLST.klebsiella.4097,117,573.14431,Good,6023218,100.0
0.0,MLST.klebsiella.307,95,573.14448,Good,5337309,100.0
0.0,MLST.klebsiella.307,88,573.14478,Good,5413254,100.0
0.0,MLST.klebsiella.258,124,573.14498,Good,5568849,100.0
0.0,MLST.klebsiella.16,58,573.14511,Good,5423544,100.0
0.0,MLST.klebsiella.340,7,573.15364,Good,5731216,99.7
31.4,MLST.klebsiella.307,165,573.15437,Poor,8747506,100.0
0.3,MLST.klebsiella.15,66,573.15447,Good,5538052,100.0
0.0,MLST.klebsiella.15,120,573.15461,Good,5870429,100.0
0.3,MLST.klebsiella.711,47,573.15477,Good,5270222,100.0
0.3,MLST.klebsiella.716,65,573.15481,Good,5302932,100.0
0.0,MLST.klebsiella.3395,81,573.15484,Good,5397050,100.0
0.1,MLST.klebsiella.253,114,573.15526,Good,5462514,99.3
0.0,MLST.klebsiella.35,44,573.15588,Good,5391858,100.0
0.0,MLST.klebsiella.340,121,573.15629,Good,5640192,100.0
0.4,MLST.klebsiella.17,351,573.12890,Good,5395328,100.0
0.3,MLST.klebsiella.1373,399,573.12916,Good,5645248,100.0
0.0,MLST.klebsiella.17,332,573.12925,Good,5315047,100.0
0.0,MLST.klebsiella.774,225,573.12926,Good,5068350,98.3
0.0,MLST.klebsiella.258,405,573.12931,Good,5838725,100.0
0.3,MLST.Klebsiella_pneumoniae.1662,332,573.12944,Good,5449165,100.0
0.0,MLST.klebsiella.307,300,573.12953,Good,5512748,100.0
0.1,MLST.klebsiella.16,293,573.12976,Good,5492732,100.0
0.0,MLST.klebsiella.15,416,573.12982,Good,5571628,100.0
48.7,,3848,573.12987,Poor,8354191,100.0
0.6,MLST.klebsiella.35,491,573.13015,Good,5522305,100.0
0.7,MLST.klebsiella.307,1283,573.13024,Poor,6096198,100.0
0.0,MLST.klebsiella.11,7,573.18088,Good,6131952,100.0
0.3,MLST.klebsiella.34,3,573.18543,Good,5586205,99.7
0.0,MLST.klebsiella.307,81,573.66184,Good,5368625,100.0
0.0,MLST.klebsiella.1035,93,573.66567,Good,5192295,100.0
0.0,MLST.klebsiella.111,51,573.66600,Good,5325422,100.0
0.0,MLST.klebsiella.461,83,573.66618,Good,5515824,100.0
0.1,MLST.klebsiella.3067,96,573.66622,Good,5536819,100.0
0.0,MLST.klebsiella.20,73,573.66650,Good,5406140,100.0
0.0,MLST.klebsiella.215,77,573.66656,Good,5449992,100.0
0.0,MLST.klebsiella.198,78,573.66696,Good,5401081,100.0
0.0,MLST.klebsiella.268,83,573.66712,Good,5327860,100.0
0.0,MLST.klebsiella.359,122,573.66719,Good,5473647,100.0
0.0,MLST.klebsiella.636,53,573.66747,Good,5340216,100.0
0.0,MLST.klebsiella.23,71,573.66802,Good,5631812,100.0
0.0,MLST.klebsiella.37,59,573.66836,Good,5425178,100.0
0.1,MLST.klebsiella.2344,29,573.66838,Good,5155544,100.0
0.0,MLST.klebsiella.20,113,573.66839,Good,5384096,100.0
0.0,MLST.klebsiella.2945,202,573.66845,Good,5375382,100.0
0.0,MLST.klebsiella.874,98,573.66848,Good,5374791,100.0
0.1,MLST.klebsiella.950,98,573.66916,Good,5505814,100.0
0.0,MLST.klebsiella.101,83,573.66921,Good,5400691,100.0
0.0,MLST.klebsiella.26,121,573.66951,Good,5391542,100.0
0.0,MLST.klebsiella.2264,68,573.67007,Good,5435674,100.0
0.0,MLST.klebsiella.37,100,573.67056,Good,5487428,100.0
0.0,MLST.klebsiella.359,154,573.67071,Good,5320623,100.0
0.0,MLST.klebsiella.941,77,573.67087,Good,5361034,100.0
0.0,MLST.klebsiella.147,42,573.67091,Good,5206384,100.0
0.0,MLST.klebsiella.189,68,573.67094,Good,5242590,100.0
0.2,MLST.klebsiella.417,91,573.67108,Good,5651524,100.0
0.1,MLST.klebsiella.896,73,573.67139,Good,5571573,100.0
0.3,MLST.klebsiella.392,100,573.67170,Good,5429907,100.0
47.5,661,593,573.15450,Poor,10834068,99.8
0.0,MLST.Klebsiella_pneumoniae.307,86,573.13918,Good,5379307,100.0
0.0,MLST.Klebsiella_pneumoniae.307,45,573.26276,Good,5634734,99.78
2.2,,199,573.13799,Good,5529992,100.0
0.55,MLST.klebsiella.101,148,573.24278,Good,5798137,99.78
0.0,MLST.klebsiella.14,185,573.24316,Good,5836706,99.78
0.0,MLST.klebsiella.147,91,573.46842,Good,5917605,99.78
0.0,MLST.klebsiella.147,91,573.46862,Good,5847637,99.78
0.0,MLST.klebsiella.147,91,573.46871,Good,5813810,99.78
0.0,MLST.klebsiella.147,86,573.46873,Good,5838321,99.78
0.7,MLST.klebsiella.34,3,573.5649,Good,5558458,99.7
0.3,MLST.klebsiella.1318,101,573.5698,Good,5886678,99.0
0.0,MLST.klebsiella.15,35,573.5706,Good,5386643,100.0
0.0,MLST.klebsiella.258,134,573.5777,Good,5657496,99.7
0.4,MLST.klebsiella.20,86,573.66105,Good,5645076,100.0
0.0,MLST.klebsiella.36,56,573.66133,Good,5533920,100.0
0.0,MLST.klebsiella.323,199,573.66167,Good,5621065,100.0
0.0,MLST.klebsiella.16,66,573.66270,Good,5507240,100.0
0.0,MLST.klebsiella.15,101,573.66295,Good,5600054,100.0
0.4,MLST.klebsiella.147,111,573.66328,Good,6075990,100.0
0.2,MLST.klebsiella.395,98,573.66359,Good,5670243,100.0
0.0,MLST.klebsiella.147,112,573.66373,Good,5645870,100.0
0.0,MLST.klebsiella.16,66,573.66419,Good,5489051,100.0
0.0,MLST.klebsiella.15,90,573.66420,Good,5767063,100.0
0.0,MLST.klebsiella.15,102,573.66443,Good,5598113,100.0
0.0,MLST.klebsiella.16,63,573.66445,Good,5507533,100.0
0.1,MLST.klebsiella.11,67,573.66456,Good,5336332,100.0
0.0,MLST.klebsiella.11,93,573.66467,Good,5597360,100.0
0.2,MLST.klebsiella.11,90,573.66479,Good,5516176,100.0
0.0,MLST.klebsiella.15,89,573.66489,Good,5582804,100.0
0.0,MLST.klebsiella.15,91,573.66505,Good,5604474,100.0
0.0,MLST.klebsiella.656,83,573.66547,Good,5493047,100.0
0.0,MLST.klebsiella.15,59,573.66561,Good,5476721,100.0
0.0,MLST.klebsiella.258,83,573.67178,Good,5542437,99.9
0.3,MLST.klebsiella.3516,77,573.67200,Good,5480307,99.9
0.2,MLST.klebsiella.556,77,573.67245,Good,5454854,100.0
0.22,MLST.klebsiella.16,142,573.24251,Good,5708324,99.78
0.11,MLST.klebsiella.2158,100,573.24296,Good,5444282,99.78
0.33,MLST.klebsiella.45,122,573.24309,Good,5659307,99.78
0.11,MLST.klebsiella.16,141,573.24323,Good,5807116,99.78
0.11,MLST.klebsiella.258,150,573.24336,Good,5735458,99.67
0.33,MLST.klebsiella.258,158,573.24341,Good,5578252,99.78
0.0,MLST.klebsiella.16,76,573.24351,Good,5535249,99.78
0.0,MLST.klebsiella.258,128,573.24357,Good,5633946,99.78
0.0,MLST.klebsiella.258,119,573.24380,Good,5647819,99.78
0.11,MLST.klebsiella.258,168,573.24385,Good,5760187,99.78
0.0,MLST.klebsiella.258,119,573.24393,Good,5566688,99.78
0.0,MLST.klebsiella.147,152,573.24402,Good,5691972,99.78
0.11,MLST.klebsiella.258,281,573.25568,Good,5810514,99.78
0.0,MLST.klebsiella.37,101,573.26141,Good,5265471,99.78
0.11,MLST.klebsiella.12,80,573.26158,Good,5826441,99.78
0.0,MLST.klebsiella.14,57,573.26176,Good,5495926,99.78
0.0,MLST.klebsiella.258,145,573.26196,Good,5651750,99.78
0.0,MLST.klebsiella.2674,34,573.26205,Good,5354642,99.78
0.11,MLST.klebsiella.2607,20,573.26223,Good,5400408,99.78
0.0,MLST.klebsiella.414,34,573.26242,Good,5477274,99.78
0.0,MLST.klebsiella.11,92,573.26258,Good,5473659,99.78
0.11,MLST.klebsiella.13,73,573.26275,Good,5481258,99.78
0.0,MLST.klebsiella.307,45,573.26281,Good,5542924,99.78
0.0,MLST.klebsiella.307,40,573.26304,Good,5564102,99.78
0.0,MLST.klebsiella.512,80,573.29897,Good,5589869,99.78
0.0,MLST.klebsiella.1507,59,573.29900,Good,5657785,99.78
0.0,MLST.klebsiella.512,117,573.29903,Good,5702528,99.78
0.0,MLST.klebsiella.1519,110,573.29913,Good,5684273,99.78
0.0,MLST.klebsiella.512,103,573.29931,Good,5685290,99.78
0.0,MLST.klebsiella.512,82,573.29933,Good,5654477,99.78
0.0,MLST.klebsiella.512,90,573.29935,Good,5683739,99.78
0.0,MLST.klebsiella.101,100,573.29936,Good,5714727,99.78
0.11,MLST.klebsiella.253,110,573.29956,Good,5528909,99.78
0.0,MLST.klebsiella.15,143,573.30002,Good,5671905,99.78
0.0,MLST.klebsiella.15,143,573.33415,Good,5862908,99.78
0.0,MLST.klebsiella.323,97,573.46074,Good,5746112,99.78
0.11,MLST.klebsiella.20,101,573.46077,Good,5553863,99.78
0.0,MLST.klebsiella.258,140,573.13079,Good,5563295,100.0
0.2,MLST.klebsiella.307,109,573.13148,Good,5426633,100.0
0.0,MLST.klebsiella.307,79,573.13174,Good,5435344,100.0
6.5,MLST.klebsiella.258,593,573.13234,Good,5396088,99.7
0.0,MLST.klebsiella.307,86,573.13268,Good,5347642,100.0
0.0,MLST.klebsiella.307,90,573.13305,Good,5358191,100.0
0.0,MLST.klebsiella.3811,79,573.13306,Good,5557235,100.0
0.0,MLST.klebsiella.307,147,573.13377,Good,5398716,100.0
0.0,MLST.klebsiella.15,89,573.13507,Good,5438756,100.0
0.0,MLST.klebsiella.1440,73,573.13514,Good,5379254,100.0
0.0,MLST.klebsiella.307,88,573.13544,Good,5396056,100.0
0.0,MLST.klebsiella.25,91,573.13568,Good,5561615,100.0
0.0,MLST.klebsiella.2703,94,573.13570,Good,5521207,100.0
0.0,MLST.klebsiella.25,84,573.13589,Good,5556192,100.0
0.0,MLST.klebsiella.307,85,573.13638,Good,5383414,100.0
0.0,MLST.klebsiella.16,80,573.13667,Good,5395220,100.0
0.0,MLST.klebsiella.307,76,573.13678,Good,5592317,100.0
0.3,MLST.klebsiella.147,104,573.13679,Good,5464698,100.0
0.3,MLST.klebsiella.147,172,573.13697,Good,5469890,100.0
0.0,MLST.klebsiella.307,82,573.13747,Good,5446812,100.0
0.0,MLST.klebsiella.258,143,573.13773,Good,5566236,100.0
0.0,MLST.klebsiella.307,129,573.13811,Good,5580908,100.0
0.0,MLST.klebsiella.307,108,573.13819,Good,5518700,100.0
0.0,MLST.klebsiella.17,86,573.13844,Good,5471249,100.0
0.0,MLST.klebsiella.15,70,573.13860,Good,5198880,100.0
0.0,MLST.klebsiella.307,102,573.13906,Good,5486261,100.0
0.0,MLST.klebsiella.307,97,573.13956,Good,5457098,100.0
0.0,MLST.klebsiella.258,138,573.13981,Good,5563397,100.0
0.7,MLST.klebsiella.15,124,573.13996,Good,5564069,100.0
0.0,MLST.klebsiella.14,85,573.14013,Good,5527230,100.0
0.0,MLST.klebsiella.307,96,573.14017,Good,5420262,100.0
0.3,MLST.klebsiella.280,77,573.14026,Good,5451046,100.0
0.0,MLST.klebsiella.307,152,573.14028,Good,5531843,100.0
0.0,MLST.klebsiella.307,85,573.14038,Good,5411742,100.0
0.3,MLST.klebsiella.884,115,573.14043,Good,5503201,100.0
0.0,MLST.klebsiella.307,85,573.14062,Good,5404229,100.0
0.0,MLST.klebsiella.307,93,573.14067,Good,5395014,100.0
0.0,MLST.klebsiella.307,105,573.14089,Good,5538915,100.0
0.0,MLST.klebsiella.307,95,573.14174,Good,5423771,100.0
0.0,MLST.klebsiella.307,89,573.14209,Good,5426685,100.0
0.0,MLST.klebsiella.307,73,573.14232,Good,5335353,100.0
0.0,MLST.klebsiella.16,59,573.14257,Good,5368037,100.0
0.0,MLST.klebsiella.16,57,573.14259,Good,5368609,100.0
0.0,MLST.klebsiella.16,84,573.14298,Good,5514599,100.0
0.3,MLST.klebsiella.307,64,573.14300,Good,5522438,100.0
0.0,MLST.klebsiella.307,93,573.14362,Good,5511792,100.0
0.0,MLST.klebsiella.307,92,573.14367,Good,5513355,100.0
0.0,MLST.klebsiella.307,89,573.14426,Good,5490327,100.0
0.0,MLST.klebsiella.307,76,573.14482,Good,5517123,100.0
0.3,MLST.klebsiella.307,93,573.14492,Good,5481993,100.0
0.0,MLST.klebsiella.258,120,573.14507,Good,5578459,100.0
0.0,MLST.klebsiella.258,102,573.14524,Good,5740845,100.0
0.0,MLST.klebsiella.323,11,573.15367,Good,6025713,100.0
0.0,MLST.klebsiella.15,129,573.15488,Good,5949319,100.0
0.0,MLST.klebsiella.3395,82,573.15507,Good,5406023,100.0
0.0,MLST.klebsiella.176,45,573.15517,Good,5251061,100.0
0.7,MLST.klebsiella.3198,62,573.15543,Good,5639466,98.0
0.7,MLST.klebsiella.461,100,573.15552,Good,5642337,100.0
1.4,MLST.klebsiella.925,97,573.15559,Good,5852344,98.3
0.0,MLST.klebsiella.37,40,573.15583,Good,5271890,100.0
0.0,,163,573.31059,Good,1989615,25.0
0.0,MLST.klebsiella.412,245,573.12872,Good,5504607,100.0
0.0,MLST.klebsiella.15,355,573.12876,Good,5448241,100.0
0.7,MLST.klebsiella.45,302,573.12937,Good,5567975,100.0
0.3,MLST.klebsiella.188,489,573.12940,Good,5825984,100.0
0.7,MLST.klebsiella.147,283,573.12967,Good,5309737,100.0
0.3,MLST.klebsiella.258,473,573.12981,Good,5871568,100.0
0.3,MLST.klebsiella.258,446,573.13011,Good,5830137,100.0
1.0,MLST.klebsiella.2599,309,573.13013,Good,5563123,100.0
0.3,MLST.klebsiella.492,444,573.13014,Good,5561321,100.0
0.0,MLST.klebsiella.258,328,573.13023,Good,5799123,100.0
0.0,MLST.klebsiella.2938,6,573.20059,Good,5595201,100.0
0.0,MLST.klebsiella.14,148,573.24318,Good,5735452,99.78
0.0,MLST.klebsiella.307,65,573.66176,Good,5421812,100.0
0.0,MLST.klebsiella.15,64,573.66207,Good,5473702,100.0
0.3,MLST.klebsiella.3191,174,573.66566,Good,5631038,100.0
0.2,MLST.klebsiella.26,145,573.66582,Good,5516809,99.9
0.0,MLST.klebsiella.133,46,573.66640,Good,5427064,100.0
0.1,MLST.klebsiella.4319,79,573.66644,Good,5313212,100.0
0.0,MLST.klebsiella.20,69,573.66666,Good,5241466,100.0
0.0,MLST.klebsiella.10,258,573.66669,Good,5459475,99.9
0.2,MLST.klebsiella.4285,35,573.66684,Good,5168117,100.0
0.0,MLST.klebsiella.45,45,573.66685,Good,5202683,100.0
0.1,MLST.klebsiella.4252,79,573.66703,Good,5262695,100.0
0.1,MLST.klebsiella.4234,74,573.66757,Good,5279624,100.0
0.2,MLST.klebsiella.4228,57,573.66790,Good,5339576,100.0
0.1,MLST.klebsiella.27,143,573.66797,Good,5402768,100.0
0.0,MLST.klebsiella.10,137,573.66837,Good,5480249,100.0
0.0,MLST.klebsiella.716,64,573.66851,Good,5241781,100.0
0.0,MLST.klebsiella.14,47,573.66860,Good,5314842,100.0
0.0,MLST.klebsiella.14,80,573.66899,Good,5552322,100.0
0.0,MLST.klebsiella.904,49,573.66907,Good,5312892,100.0
0.0,MLST.klebsiella.307,85,573.66920,Good,5636751,100.0
0.0,MLST.klebsiella.10,134,573.66956,Good,5536539,100.0
0.0,MLST.klebsiella.20,63,573.66968,Good,5438806,100.0
0.0,MLST.klebsiella.37,66,573.66990,Good,5519393,100.0
0.2,MLST.klebsiella.163,190,573.66991,Good,5682192,100.0
0.0,MLST.klebsiella.26,161,573.66999,Good,5571760,100.0
0.0,MLST.klebsiella.25,91,573.67017,Good,5454997,100.0
0.0,MLST.klebsiella.776,68,573.67034,Good,5359960,100.0
0.0,MLST.klebsiella.876,141,573.67044,Good,5525247,100.0
0.1,MLST.klebsiella.4250,63,573.67059,Good,5214941,100.0
0.0,MLST.klebsiella.1189,44,573.67080,Good,5145628,100.0
0.2,MLST.klebsiella.35,89,573.67102,Good,5480036,100.0
0.0,MLST.klebsiella.422,96,573.67106,Good,5550441,100.0
0.0,MLST.klebsiella.1109,38,573.67112,Good,5310683,97.7
0.6,MLST.klebsiella.592,228,573.67121,Good,5170312,99.8
0.0,MLST.klebsiella.273,104,573.67150,Good,5450460,100.0
0.7,MLST.klebsiella.1296,77,573.67157,Good,5307660,99.9
0.0,MLST.klebsiella.437,89,573.67164,Good,5543071,100.0
0.3,MLST.klebsiella.70,68,573.67177,Good,5438382,100.0
10.0,MLST.klebsiella.258,48,573.7029,Good,6426925,100.0
0.11,,28,573.26108,Good,5461921,99.78
0.1,MLST.Klebsiella_pneumoniae.831,36,573.15557,Good,5154612,100.0
46.07,MLST.Klebsiella_pneumoniae.549,141,573.46106,Good,11112536,99.78
0.0,,131,573.24431,Good,5624982,99.44
0.0,MLST.Klebsiella_pneumoniae.1662,41,573.26295,Good,5370178,99.78
0.11,,37,573.26302,Good,5536635,99.78
0.3,,93,573.13760,Good,5395957,100.0
0.0,,102,573.13411,Good,5212882,100.0
0.0,MLST.Klebsiella_pneumoniae.42,98,573.14221,Good,5598419,100.0
0.0,MLST.Klebsiella_pneumoniae.307,100,573.14331,Good,5497330,100.0
0.0,MLST.klebsiella.147,79,573.46854,Good,5805652,99.78
0.0,MLST.klebsiella.147,86,573.46872,Good,5838817,99.78
0.3,MLST.klebsiella.23,61,573.5673,Good,5754622,100.0
0.3,MLST.klebsiella.37,38,573.5683,Good,5388608,100.0
0.0,MLST.klebsiella.258,129,573.5780,Good,5665141,100.0
0.0,MLST.klebsiella.895,43,573.5826,Good,5494020,100.0
0.4,MLST.klebsiella.20,83,573.66107,Good,5647517,100.0
0.0,MLST.klebsiella.11,94,573.66114,Good,5619749,100.0
0.0,MLST.klebsiella.48,65,573.66160,Good,5369433,100.0
0.0,MLST.klebsiella.147,72,573.66234,Good,5576979,99.9
0.0,MLST.klebsiella.16,68,573.66376,Good,5621382,100.0
0.0,MLST.klebsiella.11,113,573.66388,Good,5804340,100.0
0.0,MLST.klebsiella.15,89,573.66401,Good,5591064,100.0
0.0,MLST.klebsiella.656,84,573.66414,Good,5486142,100.0
0.0,MLST.klebsiella.147,68,573.66435,Good,5576281,99.9
0.0,MLST.klebsiella.20,69,573.66455,Good,5408434,100.0
0.0,MLST.klebsiella.15,132,573.66465,Good,5653810,100.0
0.0,MLST.klebsiella.15,138,573.66477,Good,5656968,100.0
0.0,MLST.klebsiella.656,76,573.66528,Good,5496297,100.0
0.0,MLST.klebsiella.15,88,573.66531,Good,5604328,100.0
0.0,MLST.klebsiella.15,78,573.66538,Good,5549483,100.0
0.0,MLST.klebsiella.15,138,573.66559,Good,5673987,100.0
0.0,MLST.klebsiella.307,115,573.67187,Good,5653931,100.0
0.2,MLST.klebsiella.133,76,573.67228,Good,5614528,100.0
0.2,MLST.klebsiella.336,41,573.67264,Good,5540024,100.0
0.2,MLST.klebsiella.29,76,573.67267,Good,5699357,100.0
0.2,MLST.klebsiella.13,66,573.67292,Good,5429724,100.0
0.2,MLST.klebsiella.133,81,573.67308,Good,5641732,100.0
0.0,MLST.klebsiella.250,75,573.67340,Good,5660344,100.0
0.0,MLST.klebsiella.15,135,573.22563,Good,5390889,99.78
0.0,MLST.klebsiella.1738,82,573.22567,Good,5538313,99.78
0.44,MLST.klebsiella.101,141,573.24276,Good,5795953,99.78
0.22,MLST.klebsiella.307,135,573.24292,Good,5559814,99.78
0.0,MLST.klebsiella.258,181,573.24301,Good,5620105,99.78
0.0,MLST.klebsiella.11,79,573.24325,Good,5617674,99.78
0.11,MLST.klebsiella.258,168,573.24331,Good,5761794,99.78
0.22,MLST.klebsiella.258,147,573.24333,Good,5642730,99.78
0.0,MLST.klebsiella.258,128,573.24350,Good,5642430,99.78
0.55,MLST.klebsiella.258,147,573.24364,Good,5779998,99.78
0.11,MLST.klebsiella.512,215,573.24378,Good,5773309,99.78
0.0,MLST.klebsiella.258,136,573.24379,Good,5588625,99.78
0.11,MLST.klebsiella.2133,153,573.24384,Good,5712748,99.78
0.0,MLST.klebsiella.252,173,573.24395,Good,5661663,99.78
0.0,MLST.klebsiella.15,106,573.24408,Good,5685966,99.78
0.11,MLST.klebsiella.147,134,573.24411,Good,5599098,99.67
0.0,MLST.klebsiella.258,106,573.24412,Good,5550325,99.78
0.11,MLST.klebsiella.258,124,573.24425,Good,5341247,99.78
0.0,MLST.klebsiella.418,152,573.24428,Good,5671838,99.78
0.22,MLST.klebsiella.258,149,573.24452,Good,5558511,99.78
0.0,MLST.klebsiella.5889,75,573.26076,Good,5792318,99.78
0.0,MLST.klebsiella.105,19,573.26082,Good,5247665,99.78
0.11,MLST.klebsiella.4221,96,573.26087,Good,5802166,99.78
0.11,MLST.klebsiella.405,58,573.26088,Good,5581564,99.78
0.11,MLST.klebsiella.15,77,573.26107,Good,5334677,99.78
0.11,MLST.klebsiella.2715,43,573.26129,Good,5459446,99.78
0.0,MLST.klebsiella.5083,16,573.26173,Good,5208028,99.78
0.0,MLST.klebsiella.1605,42,573.26187,Good,5550584,99.78
0.0,MLST.klebsiella.1605,53,573.26188,Good,5545689,99.78
0.0,MLST.klebsiella.189,145,573.26204,Good,5312167,99.78
0.0,MLST.klebsiella.391,36,573.26216,Good,5436201,99.78
0.11,MLST.klebsiella.392,62,573.26220,Good,5666720,99.78
0.0,MLST.klebsiella.491,72,573.26221,Good,5359839,99.78
0.0,MLST.klebsiella.2390,39,573.26250,Good,5398500,99.78
0.0,MLST.klebsiella.611,187,573.26269,Good,5441203,99.78
0.0,MLST.klebsiella.307,40,573.26270,Good,5539121,99.78
0.0,MLST.klebsiella.512,113,573.29899,Good,5733322,99.78
0.22,MLST.klebsiella.101,67,573.29907,Good,5687982,99.78
0.0,MLST.klebsiella.512,71,573.29917,Good,5555771,99.78
0.11,MLST.klebsiella.512,125,573.29943,Good,5652889,99.78
0.0,MLST.klebsiella.23,59,573.29960,Good,5669999,99.78
0.0,MLST.klebsiella.512,117,573.29979,Good,5721778,99.78
0.11,MLST.klebsiella.512,126,573.29980,Good,5765883,99.78
0.0,MLST.klebsiella.307,96,573.30000,Good,5612642,99.78
0.0,MLST.klebsiella.512,129,573.30006,Good,5730261,99.78
0.55,MLST.klebsiella.101,84,573.30007,Good,5580854,99.78
0.22,MLST.klebsiella.2388,151,573.46092,Good,5654539,99.78
0.0,MLST.klebsiella.2089,70,573.46101,Good,5511833,99.78
0.0,MLST.klebsiella.11,117,573.5636,Good,5788593,100.0
0.0,MLST.klebsiella.307,77,573.13033,Good,5374225,100.0
0.3,MLST.klebsiella.258,100,573.13041,Good,5469087,100.0
0.0,MLST.klebsiella.258,105,573.13076,Good,5722137,100.0
0.0,MLST.klebsiella.869,56,573.13103,Good,5377612,100.0
1.0,MLST.klebsiella.753,76,573.13104,Good,5469040,100.0
0.0,MLST.klebsiella.307,86,573.13167,Good,5457107,99.7
0.7,MLST.klebsiella.307,139,573.13173,Good,5359820,100.0
0.0,MLST.klebsiella.307,91,573.13178,Good,5398324,100.0
0.0,MLST.klebsiella.307,129,573.13192,Good,5606696,100.0
0.3,MLST.klebsiella.42,142,573.13198,Good,5637332,100.0
0.3,MLST.klebsiella.551,73,573.13229,Good,5284977,100.0
0.7,MLST.klebsiella.454,101,573.13245,Good,5719634,98.0
0.7,MLST.klebsiella.307,184,573.13247,Good,5483936,100.0
0.3,MLST.klebsiella.22,122,573.13258,Good,5493578,100.0
0.0,MLST.klebsiella.307,90,573.13261,Good,5392843,100.0
0.1,MLST.klebsiella.258,169,573.13281,Good,5442394,100.0
0.0,MLST.klebsiella.323,94,573.13288,Good,5461355,100.0
0.5,MLST.klebsiella.307,158,573.13293,Good,5724706,100.0
0.7,MLST.klebsiella.307,166,573.13388,Good,5716004,100.0
1.4,MLST.klebsiella.13,205,573.13391,Good,5588901,99.7
0.0,MLST.klebsiella.258,156,573.13400,Good,5538694,100.0
0.3,MLST.klebsiella.258,199,573.13431,Good,5478882,100.0
1.1,MLST.klebsiella.307,157,573.13447,Good,5551144,100.0
0.0,MLST.klebsiella.258,149,573.13448,Good,5438938,100.0
0.0,MLST.klebsiella.258,129,573.13490,Good,5522890,100.0
0.0,MLST.klebsiella.340,80,573.13492,Good,5442481,100.0
0.0,MLST.klebsiella.45,66,573.13511,Good,5527929,100.0
0.3,MLST.klebsiella.15,110,573.13588,Good,5590217,100.0
0.3,MLST.klebsiella.258,141,573.13595,Good,5636185,100.0
0.0,MLST.klebsiella.307,82,573.13640,Good,5413621,100.0
0.3,MLST.klebsiella.895,78,573.13641,Good,5318479,100.0
1.4,MLST.klebsiella.1456,188,573.13649,Good,5758699,98.3
0.7,MLST.klebsiella.3660,97,573.13651,Good,5686556,99.7
0.3,MLST.klebsiella.258,152,573.13691,Good,5815082,100.0
0.0,MLST.klebsiella.557,130,573.13748,Good,5660849,99.7
0.2,MLST.klebsiella.258,122,573.13765,Good,5741481,100.0
0.0,MLST.klebsiella.307,102,573.13783,Good,5448638,100.0
0.0,MLST.klebsiella.16,60,573.13823,Good,5368928,100.0
0.0,MLST.klebsiella.25,102,573.13833,Good,5633431,100.0
0.7,MLST.klebsiella.35,88,573.13843,Good,5451240,100.0
0.0,MLST.klebsiella.258,125,573.13847,Good,5589204,100.0
1.0,MLST.klebsiella.405,84,573.13858,Good,5669680,100.0
0.0,MLST.klebsiella.307,94,573.13880,Good,5421408,100.0
0.7,MLST.klebsiella.258,102,573.13895,Good,5750485,100.0
0.3,MLST.klebsiella.307,97,573.13907,Good,5415015,100.0
0.0,MLST.klebsiella.307,96,573.13955,Good,5478400,100.0
0.3,MLST.klebsiella.258,140,573.14003,Good,5677012,100.0
0.0,MLST.klebsiella.16,117,573.14004,Good,5501081,100.0
0.0,MLST.klebsiella.307,76,573.14016,Good,5437924,100.0
0.0,MLST.klebsiella.307,103,573.14020,Good,5420729,100.0
0.3,MLST.klebsiella.258,136,573.14049,Good,5699615,100.0
0.0,MLST.klebsiella.307,90,573.14068,Good,5368037,100.0
0.0,MLST.klebsiella.307,104,573.14069,Good,5455330,100.0
0.0,MLST.klebsiella.307,104,573.14109,Good,5521117,100.0
0.0,MLST.klebsiella.258,92,573.14114,Good,5432945,100.0
0.0,MLST.klebsiella.258,104,573.14122,Good,5505383,100.0
0.3,MLST.klebsiella.13,111,573.14141,Good,5541092,99.7
0.0,MLST.klebsiella.258,124,573.14148,Good,5509324,100.0
0.0,MLST.klebsiella.15,108,573.14189,Good,5611352,100.0
0.0,MLST.klebsiella.258,133,573.14193,Good,5745346,100.0
0.0,MLST.klebsiella.20,60,573.14198,Good,5458766,100.0
0.3,MLST.klebsiella.1777,60,573.14201,Good,5272740,100.0
0.3,MLST.klebsiella.16,74,573.14208,Good,5483356,100.0
0.0,MLST.klebsiella.258,244,573.14218,Good,5482522,100.0
0.3,MLST.klebsiella.15,130,573.14235,Good,5581200,100.0
0.0,MLST.klebsiella.1602,78,573.14237,Good,5669093,99.0
0.0,MLST.klebsiella.307,98,573.14273,Good,5495251,100.0
0.0,MLST.klebsiella.307,95,573.14278,Good,5498718,100.0
0.0,MLST.klebsiella.307,106,573.14325,Good,5434549,100.0
0.0,MLST.klebsiella.307,93,573.14339,Good,5480146,100.0
0.0,MLST.klebsiella.307,113,573.14355,Good,5493060,100.0
0.0,MLST.klebsiella.258,133,573.14368,Good,5490963,99.7
0.0,MLST.klebsiella.258,143,573.14384,Good,5531321,99.3
0.0,MLST.klebsiella.307,87,573.14419,Good,5486688,100.0
0.3,MLST.klebsiella.307,114,573.14447,Good,5468093,100.0
0.0,MLST.klebsiella.307,66,573.14467,Good,5498236,100.0
0.0,MLST.klebsiella.258,126,573.14483,Good,5547272,100.0
0.3,MLST.klebsiella.280,65,573.14546,Good,5491013,100.0
0.0,MLST.klebsiella.15,128,573.15436,Good,5952052,100.0
0.0,MLST.klebsiella.11,132,573.15485,Good,5573845,100.0
0.0,MLST.klebsiella.15,81,573.15487,Good,5590984,100.0
0.0,MLST.klebsiella.3395,84,573.15503,Good,5368591,100.0
0.3,MLST.klebsiella.111,65,573.15589,Good,5211412,100.0
1.3,MLST.klebsiella.512,211,573.1732,Good,5749195,100.0
0.7,MLST.klebsiella.983,2,573.18472,Good,5380271,100.0
1.0,MLST.klebsiella.20,284,573.12865,Good,5329701,100.0
0.0,MLST.klebsiella.218,371,573.12873,Good,5547134,99.7
0.3,,335,573.12902,Good,5301660,100.0
0.4,MLST.klebsiella.152,448,573.12903,Good,5393033,100.0
1.3,MLST.klebsiella.636,243,573.12984,Good,5125248,100.0
1.0,MLST.klebsiella.111,272,573.13005,Good,5474324,100.0
0.3,MLST.klebsiella.492,319,573.13012,Good,5535430,100.0
0.3,MLST.klebsiella.37,380,573.13019,Good,5442875,100.0
0.7,MLST.klebsiella.65,209,573.13026,Good,4985265,96.3
0.1,MLST.klebsiella.307,66,573.66180,Good,5418772,100.0
0.1,MLST.klebsiella.307,87,573.66194,Good,5293747,100.0
0.0,MLST.klebsiella.307,74,573.66205,Good,5433421,100.0
0.1,MLST.klebsiella.15,77,573.66206,Good,5486136,100.0
0.0,MLST.klebsiella.25,66,573.66597,Good,5498934,100.0
0.0,MLST.klebsiella.10,118,573.66606,Good,5481127,100.0
0.1,MLST.klebsiella.20,65,573.66615,Good,5344889,100.0
0.0,MLST.klebsiella.397,84,573.66632,Good,5590583,100.0
0.0,MLST.klebsiella.592,53,573.66654,Good,5203259,100.0
0.0,MLST.klebsiella.20,107,573.66668,Good,5617002,100.0
0.0,MLST.klebsiella.4024,70,573.66682,Good,5392814,100.0
0.0,MLST.klebsiella.628,67,573.66695,Good,5344359,100.0
0.0,MLST.klebsiella.465,79,573.66721,Good,5447738,100.0
0.0,MLST.klebsiella.273,80,573.66735,Good,5346512,100.0
0.0,MLST.klebsiella.35,82,573.66741,Good,5469480,100.0
0.2,MLST.klebsiella.240,171,573.66754,Good,5648888,100.0
0.0,MLST.klebsiella.1193,60,573.66777,Good,5442428,100.0
0.1,MLST.klebsiella.70,52,573.66872,Good,5395682,98.3
0.1,MLST.klebsiella.14,54,573.66897,Good,5152069,100.0
0.0,MLST.klebsiella.2947,75,573.66912,Good,5501430,100.0
0.0,MLST.klebsiella.2552,81,573.66915,Good,5518368,100.0
0.1,MLST.klebsiella.70,61,573.66928,Good,5493403,100.0
0.0,MLST.klebsiella.290,107,573.66931,Good,5441866,100.0
0.0,MLST.klebsiella.307,89,573.66936,Good,5430218,100.0
0.0,MLST.klebsiella.4238,68,573.66962,Good,5383076,100.0
0.0,MLST.klebsiella.15,62,573.66977,Good,5399620,100.0
0.0,MLST.klebsiella.1109,58,573.66979,Good,5371464,100.0
0.0,MLST.klebsiella.29,41,573.66994,Good,5072830,100.0
0.0,MLST.klebsiella.4334,68,573.67002,Good,5381942,100.0
0.3,MLST.klebsiella.3048,112,573.67006,Good,5252627,100.0
0.0,MLST.klebsiella.30,81,573.67041,Good,5257998,100.0
0.0,MLST.klebsiella.461,100,573.67051,Good,5623473,100.0
0.0,MLST.klebsiella.359,140,573.67069,Good,5217211,100.0
0.0,MLST.klebsiella.110,61,573.67079,Good,5380700,100.0
0.1,MLST.klebsiella.26,140,573.67097,Good,5466627,100.0
0.0,MLST.klebsiella.322,62,573.67114,Good,5415235,100.0
0.1,MLST.klebsiella.340,95,573.67175,Good,5387999,99.8
0.0,MLST.klebsiella.37,76,573.67180,Good,5421312,100.0
18.6,,1702,573.14412,Poor,3729293,87.7
0.88,MLST.Klebsiella_pneumoniae.659,249,573.22560,Good,5195956,93.76
0.0,MLST.Klebsiella_pneumoniae.323,31,573.26260,Good,5478831,99.78
0.0,,106,573.14014,Good,5641841,99.7
0.0,,139,573.14274,Good,5434741,100.0
0.0,,112,573.14234,Good,5560513,100.0
0.0,,82,573.13804,Good,5381060,100.0
0.55,MLST.klebsiella.101,152,573.24274,Good,5800779,99.78
0.0,MLST.klebsiella.14,146,573.24313,Good,5687473,99.78
0.22,MLST.klebsiella.5064,104,573.31071,Good,5194947,99.44
0.11,MLST.klebsiella.147,100,573.46852,Good,5819527,99.78
0.3,MLST.klebsiella.656,69,573.5663,Good,5894405,100.0
0.0,MLST.klebsiella.394,27,573.5707,Good,5624535,100.0
0.7,MLST.klebsiella.2355,19,573.5716,Good,5278449,99.0
0.0,MLST.klebsiella.258,128,573.5770,Good,5813542,100.0
0.0,MLST.klebsiella.11,55,573.5799,Good,5621785,100.0
0.7,MLST.klebsiella.323,44,573.5800,Good,5739576,100.0
0.0,MLST.klebsiella.48,65,573.66171,Good,5369552,100.0
0.0,MLST.klebsiella.307,108,573.66241,Good,5500911,100.0
0.0,MLST.klebsiella.11,102,573.66245,Good,5758983,100.0
0.0,MLST.klebsiella.656,88,573.66255,Good,5506788,100.0
0.0,MLST.klebsiella.15,65,573.66261,Good,5474841,100.0
0.0,MLST.klebsiella.15,59,573.66272,Good,5476297,100.0
0.1,MLST.klebsiella.11,99,573.66277,Good,5800611,100.0
0.0,MLST.klebsiella.15,88,573.66289,Good,5602821,100.0
0.0,MLST.klebsiella.323,142,573.66290,Good,5626042,100.0
0.0,MLST.klebsiella.15,139,573.66294,Good,5638939,100.0
0.0,MLST.klebsiella.16,79,573.66315,Good,5647212,100.0
0.2,MLST.klebsiella.15,144,573.66331,Good,5809624,100.0
0.0,MLST.klebsiella.16,85,573.66382,Good,5718825,100.0
0.0,MLST.klebsiella.15,143,573.66466,Good,5649951,100.0
0.0,MLST.klebsiella.11,93,573.66478,Good,5649084,100.0
0.0,MLST.klebsiella.11,88,573.66522,Good,5595806,100.0
0.0,MLST.klebsiella.15,87,573.66525,Good,5604334,100.0
0.0,MLST.klebsiella.15,107,573.66543,Good,5674972,100.0
0.1,MLST.klebsiella.11,111,573.67257,Good,5716184,100.0
0.11,MLST.klebsiella.967,74,573.22564,Good,5393526,98.0
0.0,MLST.klebsiella.617,105,573.23212,Good,5570335,99.78
1.64,MLST.klebsiella.337,302,573.23233,Good,5469128,99.78
1.43,MLST.klebsiella.163,479,573.24246,Good,5883887,99.67
0.0,MLST.klebsiella.14,89,573.24256,Good,5472189,99.78
0.0,MLST.klebsiella.258,113,573.24344,Good,5550596,99.78
0.0,MLST.klebsiella.16,150,573.24388,Good,5534020,99.78
0.22,MLST.klebsiella.340,186,573.24391,Good,5668380,99.78
0.0,MLST.klebsiella.258,107,573.24424,Good,5550292,99.78
0.44,MLST.klebsiella.1966,98,573.24449,Good,5552958,99.78
0.0,MLST.klebsiella.36,44,573.26084,Good,5491383,99.78
0.11,MLST.klebsiella.15,44,573.26091,Good,5531131,99.78
0.0,MLST.klebsiella.1605,47,573.26182,Good,5553812,99.78
0.0,MLST.klebsiella.1605,46,573.26190,Good,5549284,99.78
0.0,MLST.klebsiella.661,33,573.26212,Good,5415811,99.78
0.0,MLST.klebsiella.3214,65,573.26261,Good,5482134,99.78
0.0,MLST.klebsiella.836,122,573.26265,Good,5385837,99.78
0.0,MLST.klebsiella.37,42,573.26314,Good,5362521,99.78
0.0,MLST.klebsiella.512,93,573.29864,Good,5566767,99.78
0.0,MLST.klebsiella.101,63,573.29870,Good,5584100,99.78
0.0,MLST.klebsiella.512,62,573.29915,Good,5493629,99.78
0.0,MLST.klebsiella.3500,69,573.29921,Good,5601656,99.78
0.0,MLST.klebsiella.512,102,573.29926,Good,5679494,99.78
0.11,MLST.klebsiella.512,102,573.29955,Good,5652565,99.78
0.0,MLST.klebsiella.101,59,573.29961,Good,5689698,99.78
0.0,MLST.klebsiella.512,117,573.29984,Good,5728736,99.78
0.11,MLST.klebsiella.512,121,573.29990,Good,5760075,99.78
0.11,MLST.klebsiella.307,78,573.30014,Good,5483463,99.78
0.0,MLST.klebsiella.15,142,573.33407,Good,5867640,99.78
0.0,MLST.klebsiella.15,173,573.33413,Good,5850518,99.78
0.0,MLST.klebsiella.30,8,573.34234,Good,5434792,99.78
0.0,MLST.klebsiella.2136,194,573.46097,Good,5503179,99.78
0.3,MLST.klebsiella.258,130,573.13039,Good,5516398,100.0
0.7,MLST.klebsiella.22,79,573.13043,Good,5551571,100.0
0.7,MLST.klebsiella.258,169,573.13051,Good,5428935,100.0
0.3,MLST.klebsiella.307,166,573.13092,Good,5378579,100.0
0.0,MLST.klebsiella.307,142,573.13109,Good,5601363,100.0
0.0,MLST.klebsiella.307,82,573.13139,Good,5480649,100.0
0.7,MLST.klebsiella.258,188,573.13211,Good,5518415,100.0
0.0,MLST.klebsiella.307,74,573.13285,Good,5444746,100.0
0.3,MLST.klebsiella.896,75,573.13298,Good,5587472,100.0
0.0,MLST.klebsiella.3811,81,573.13314,Good,5472017,100.0
0.3,MLST.klebsiella.307,94,573.13315,Good,5388351,100.0
0.0,MLST.klebsiella.307,87,573.13317,Good,5497533,100.0
0.0,MLST.klebsiella.788,68,573.13335,Good,5481281,100.0
0.0,MLST.klebsiella.258,193,573.13378,Good,5531838,100.0
11.8,MLST.klebsiella.138,948,573.13408,Poor,6121275,99.7
0.3,MLST.klebsiella.258,212,573.13455,Good,5499955,100.0
0.0,MLST.klebsiella.37,83,573.13474,Good,5453634,99.7
0.0,MLST.klebsiella.258,133,573.13477,Good,5557386,100.0
0.3,MLST.klebsiella.2975,123,573.13517,Good,5734348,100.0
0.0,MLST.klebsiella.258,101,573.13552,Good,5323037,100.0
0.3,MLST.klebsiella.22,88,573.13567,Good,5529429,100.0
0.0,MLST.klebsiella.45,75,573.13576,Good,5487716,100.0
0.0,MLST.klebsiella.258,139,573.13584,Good,5773177,100.0
0.3,MLST.klebsiella.280,80,573.13633,Good,5482226,100.0
0.0,MLST.klebsiella.307,95,573.13658,Good,5393347,100.0
0.0,MLST.klebsiella.307,115,573.13685,Good,5504031,100.0
0.7,MLST.klebsiella.405,74,573.13717,Good,5618157,100.0
0.0,MLST.klebsiella.37,146,573.13736,Good,5653760,99.7
2.3,MLST.klebsiella.13,4,573.13763,Good,5705402,99.7
0.0,MLST.klebsiella.307,98,573.13771,Good,5289600,96.3
0.0,MLST.klebsiella.307,94,573.13810,Good,5410100,100.0
0.3,MLST.klebsiella.15,111,573.13828,Good,5754531,100.0
0.0,MLST.klebsiella.307,105,573.13830,Good,5490022,100.0
0.0,MLST.klebsiella.258,145,573.13840,Good,5567076,100.0
0.3,MLST.klebsiella.147,112,573.13871,Good,5505635,100.0
0.0,MLST.klebsiella.258,106,573.13876,Good,5650759,100.0
0.0,MLST.klebsiella.17,67,573.13883,Good,5409629,100.0
0.0,MLST.klebsiella.307,79,573.13901,Good,5753017,100.0
0.0,MLST.klebsiella.258,135,573.13913,Good,5793572,100.0
0.0,MLST.klebsiella.258,126,573.13991,Good,5510798,100.0
0.3,MLST.klebsiella.884,111,573.14027,Good,5508518,100.0
0.0,MLST.klebsiella.307,83,573.14035,Good,5410628,100.0
0.0,MLST.klebsiella.307,101,573.14065,Good,5533336,100.0
0.0,MLST.klebsiella.258,122,573.14084,Good,5508984,100.0
0.3,MLST.klebsiella.15,114,573.14094,Good,5425859,100.0
0.3,MLST.klebsiella.884,113,573.14104,Good,5504661,100.0
0.0,MLST.klebsiella.307,100,573.14110,Good,5439627,100.0
0.3,MLST.klebsiella.307,92,573.14134,Good,5755737,100.0
0.0,MLST.klebsiella.20,68,573.14150,Good,5450463,100.0
0.7,MLST.klebsiella.3113,92,573.14160,Good,5423048,100.0
0.0,MLST.klebsiella.16,68,573.14194,Good,5449542,100.0
0.0,MLST.klebsiella.3792,113,573.14277,Good,5521688,100.0
0.0,MLST.klebsiella.258,152,573.14288,Good,5745674,100.0
0.0,MLST.klebsiella.307,128,573.14290,Good,5568407,100.0
0.0,MLST.klebsiella.307,101,573.14311,Good,5465700,100.0
0.0,MLST.klebsiella.307,79,573.14316,Good,5435338,100.0
0.0,MLST.klebsiella.258,87,573.14329,Good,5412660,100.0
0.0,MLST.klebsiella.307,78,573.14333,Good,5511490,100.0
0.0,MLST.klebsiella.258,203,573.14354,Good,5475323,100.0
0.0,MLST.klebsiella.307,90,573.14356,Good,5421537,100.0
0.0,MLST.klebsiella.307,108,573.14399,Good,5464722,100.0
0.3,MLST.klebsiella.15,106,573.14415,Good,5728776,100.0
0.0,MLST.klebsiella.258,107,573.14425,Good,5443266,100.0
0.0,MLST.klebsiella.307,69,573.14489,Good,5504580,100.0
0.7,MLST.klebsiella.16,93,573.14490,Good,5580977,100.0
0.0,MLST.klebsiella.307,85,573.14519,Good,5607212,100.0
0.3,MLST.klebsiella.16,78,573.14538,Good,5488089,100.0
0.0,MLST.klebsiella.15,119,573.15440,Good,5866413,100.0
0.0,MLST.klebsiella.15,118,573.15441,Good,5876807,100.0
0.0,MLST.klebsiella.3395,83,573.15458,Good,5393892,100.0
0.0,MLST.klebsiella.628,80,573.15473,Good,5452383,100.0
0.0,MLST.klebsiella.15,54,573.15546,Good,5436255,100.0
0.3,MLST.klebsiella.681,105,573.15555,Good,5584995,98.3
0.7,MLST.klebsiella.4595,43,573.15566,Good,5624300,98.0
1.0,MLST.klebsiella.152,50,573.15569,Good,5469639,100.0
0.0,MLST.klebsiella.215,45,573.15576,Good,5378303,100.0
0.0,MLST.klebsiella.788,47,573.15586,Good,5287759,99.7
0.0,MLST.klebsiella.240,135,573.15608,Good,5615992,100.0
0.22,,132,573.31068,Good,5440907,99.78
0.0,MLST.klebsiella.258,6,573.12772,Good,5849839,100.0
0.3,MLST.klebsiella.492,336,573.12895,Good,5540986,100.0
0.0,,364,573.12941,Good,5386318,100.0
1.3,MLST.klebsiella.133,508,573.12948,Good,5525352,100.0
0.0,MLST.klebsiella.661,793,573.12950,Good,5578439,100.0
0.7,MLST.klebsiella.433,395,573.12963,Good,5468377,100.0
1.0,MLST.klebsiella.2599,301,573.12985,Good,5557990,100.0
1.0,MLST.klebsiella.429,359,573.12998,Good,5490642,100.0
0.7,MLST.Klebsiella_pneumoniae.1662,798,573.13001,Good,5519532,100.0
0.7,MLST.klebsiella.551,472,573.13017,Good,5391065,100.0
0.3,MLST.klebsiella.307,320,573.13018,Good,5264085,99.3
0.0,MLST.klebsiella.307,336,573.13028,Good,5554290,100.0
1.0,MLST.klebsiella.14,4,573.9722,Good,5884778,100.0
0.0,MLST.klebsiella.307,85,573.66201,Good,5362604,100.0
0.0,MLST.klebsiella.307,95,573.66204,Good,5548385,100.0
0.0,MLST.klebsiella.15,100,573.66211,Good,5349766,97.4
0.0,MLST.klebsiella.4331,124,573.66616,Good,5678160,100.0
0.0,MLST.klebsiella.20,103,573.66626,Good,5529223,100.0
0.1,MLST.klebsiella.10,146,573.66628,Good,5548463,100.0
0.1,MLST.klebsiella.4253,81,573.66643,Good,5542408,100.0
0.1,MLST.klebsiella.10,122,573.66648,Good,5421850,100.0
0.1,MLST.klebsiella.200,75,573.66672,Good,5099723,100.0
0.0,MLST.klebsiella.2791,124,573.66675,Good,5550947,99.9
0.0,MLST.klebsiella.515,74,573.66678,Good,5392993,100.0
0.0,MLST.klebsiella.664,63,573.66681,Good,5488977,100.0
0.0,MLST.klebsiella.273,47,573.66716,Good,5081895,97.7
0.1,MLST.klebsiella.643,121,573.66739,Good,5528817,100.0
0.0,MLST.klebsiella.15,61,573.66772,Good,5505717,100.0
0.1,MLST.klebsiella.22,59,573.66775,Good,5480406,100.0
0.0,MLST.klebsiella.20,78,573.66781,Good,5513051,100.0
0.0,MLST.klebsiella.2441,51,573.66810,Good,5193525,100.0
0.1,MLST.klebsiella.6,94,573.66811,Good,5543645,100.0
0.0,MLST.klebsiella.592,56,573.66819,Good,5543390,100.0
0.0,MLST.klebsiella.584,93,573.66822,Good,5340273,100.0
0.0,MLST.klebsiella.686,57,573.66883,Good,5530769,100.0
0.0,MLST.klebsiella.37,53,573.66927,Good,5423705,100.0
0.0,MLST.klebsiella.15,76,573.66930,Good,5531327,100.0
0.0,MLST.klebsiella.14,90,573.66939,Good,5556205,100.0
0.0,MLST.klebsiella.4230,55,573.66963,Good,5292691,100.0
0.0,MLST.klebsiella.23,67,573.67004,Good,5633013,100.0
0.2,MLST.klebsiella.4389,228,573.67037,Good,5494770,100.0
0.0,MLST.klebsiella.643,107,573.67053,Good,5463472,100.0
0.0,MLST.klebsiella.967,90,573.67089,Good,5363959,100.0
0.0,MLST.klebsiella.4231,77,573.67117,Good,5420701,100.0
0.2,MLST.klebsiella.48,80,573.67129,Good,5067928,100.0
0.0,MLST.klebsiella.416,85,573.67154,Good,5359168,100.0
0.0,MLST.klebsiella.37,73,573.67167,Good,5214689,100.0
0.0,MLST.Klebsiella_pneumoniae.628,33,573.13732,Poor,2750007,57.3
47.8,,2412,573.13835,Poor,8750302,90.8
0.0,MLST.Klebsiella_pneumoniae.1662,53,573.13714,Good,5413589,100.0
0.3,,91,573.13321,Good,5451173,99.7
1.0,,104,573.13183,Good,5588017,100.0
1.4,,447,573.13273,Good,5719208,100.0
1.64,MLST.klebsiella.11,682,573.31070,Good,5115665,97.22
0.0,MLST.klebsiella.147,81,573.46838,Good,5652605,99.78
0.0,MLST.klebsiella.147,86,573.46839,Good,5834413,99.78
0.0,MLST.klebsiella.336,84,573.5681,Good,6054570,100.0
0.0,MLST.klebsiella.336,56,573.5692,Good,5736847,100.0
0.9,MLST.klebsiella.761,124,573.5709,Good,5785480,98.3
0.0,MLST.klebsiella.258,142,573.5764,Good,5655647,99.7
0.0,MLST.klebsiella.11,169,573.5769,Good,5799250,100.0
0.0,MLST.klebsiella.1441,69,573.5797,Good,5911187,100.0
0.0,MLST.klebsiella.35,38,573.5820,Good,5411669,100.0
0.2,MLST.klebsiella.14,66,573.66152,Good,5510433,100.0
0.2,MLST.klebsiella.14,150,573.66169,Good,5572056,100.0
0.0,MLST.klebsiella.656,95,573.66212,Good,5451437,100.0
0.0,MLST.klebsiella.656,73,573.66213,Good,5464457,100.0
0.0,MLST.klebsiella.656,77,573.66216,Good,5504371,100.0
0.0,MLST.klebsiella.656,71,573.66296,Good,5336019,100.0
0.0,MLST.klebsiella.16,69,573.66301,Good,5624562,100.0
0.0,MLST.klebsiella.656,86,573.66306,Good,5505415,100.0
0.2,MLST.klebsiella.15,138,573.66332,Good,5791186,100.0
0.0,MLST.klebsiella.15,82,573.66358,Good,5618948,100.0
0.0,MLST.klebsiella.16,72,573.66372,Good,5625574,100.0
0.0,MLST.klebsiella.656,72,573.66403,Good,5485484,100.0
0.0,MLST.klebsiella.16,64,573.66422,Good,5526784,100.0
0.0,MLST.klebsiella.15,65,573.66446,Good,5476939,100.0
0.0,MLST.klebsiella.16,76,573.66454,Good,5579522,100.0
0.0,MLST.klebsiella.307,51,573.66481,Good,5290532,100.0
0.0,MLST.klebsiella.15,95,573.66540,Good,5681921,100.0
0.0,MLST.klebsiella.101,75,573.66550,Good,5570758,99.9
0.0,MLST.klebsiella.15,58,573.66558,Good,5477577,100.0
0.0,MLST.klebsiella.11,111,573.66564,Good,5800270,100.0
0.1,MLST.klebsiella.15,118,573.67186,Good,5729815,99.9
0.4,MLST.klebsiella.37,99,573.67194,Good,5579241,100.0
0.1,MLST.klebsiella.111,86,573.67253,Good,5600149,100.0
0.4,MLST.klebsiella.922,120,573.67274,Good,5427981,100.0
0.1,MLST.klebsiella.111,84,573.67275,Good,5597176,100.0
0.2,MLST.klebsiella.188,161,573.67282,Good,5653964,100.0
0.3,MLST.klebsiella.1322,72,573.67283,Good,5488865,100.0
0.0,MLST.klebsiella.11,33,573.22557,Good,5510064,99.78
0.0,MLST.klebsiella.101,83,573.22562,Good,5516459,99.78
0.0,MLST.klebsiella.999,84,573.22568,Good,5345184,99.78
0.11,MLST.klebsiella.337,119,573.23203,Good,5489697,99.78
0.0,MLST.klebsiella.14,102,573.23211,Good,5817696,99.78
0.11,MLST.klebsiella.34,178,573.24271,Good,5354283,99.78
0.11,MLST.klebsiella.20,93,573.24287,Good,5636598,99.78
0.22,MLST.klebsiella.258,187,573.24370,Good,5715929,99.78
0.0,MLST.klebsiella.258,113,573.24382,Good,5386792,99.78
0.22,MLST.klebsiella.258,157,573.24448,Good,5562751,99.78
0.33,MLST.klebsiella.1308,27,573.26078,Good,5403138,99.78
0.0,MLST.klebsiella.392,40,573.26085,Good,5440847,99.78
0.0,MLST.klebsiella.12,111,573.26124,Good,5974396,99.78
0.0,MLST.klebsiella.1605,47,573.26191,Good,5551017,99.78
0.0,MLST.klebsiella.414,33,573.26243,Good,5468357,99.78
0.0,MLST.klebsiella.40,53,573.26257,Good,5388753,99.78
0.0,MLST.klebsiella.152,78,573.26293,Good,5546724,99.78
0.0,MLST.klebsiella.39,63,573.26297,Good,5608830,99.78
0.0,MLST.klebsiella.309,43,573.26300,Good,5450742,99.78
0.22,MLST.klebsiella.512,160,573.29877,Good,5844114,99.78
0.0,MLST.klebsiella.307,60,573.29881,Good,5465805,99.78
0.0,MLST.klebsiella.512,66,573.29901,Good,5493575,99.78
0.0,MLST.klebsiella.512,75,573.29902,Good,5595499,99.78
0.11,MLST.klebsiella.307,69,573.29924,Good,5538577,99.78
0.0,MLST.klebsiella.17,77,573.29939,Good,5602157,99.78
0.0,MLST.klebsiella.512,126,573.29976,Good,5705045,99.78
0.11,MLST.klebsiella.512,108,573.29994,Good,5695763,99.55
0.0,MLST.klebsiella.15,140,573.33392,Good,5867614,99.78
0.0,MLST.klebsiella.29,7,573.34261,Good,5688260,99.78
0.0,MLST.klebsiella.661,64,573.46085,Good,5343803,99.78
0.11,MLST.klebsiella.13,34,573.46116,Good,5459202,99.78
0.3,MLST.klebsiella.280,79,573.13038,Good,5455688,100.0
0.3,MLST.klebsiella.258,144,573.13045,Good,5603404,100.0
2.6,MLST.klebsiella.307,269,573.13090,Good,5473111,100.0
0.0,MLST.klebsiella.2975,70,573.13126,Good,5351797,100.0
1.5,MLST.klebsiella.476,111,573.13146,Good,5506349,99.3
0.3,MLST.klebsiella.307,114,573.13152,Good,5743481,100.0
0.0,MLST.klebsiella.307,181,573.13180,Good,5635235,100.0
0.0,MLST.klebsiella.307,86,573.13194,Good,5455427,100.0
1.4,MLST.klebsiella.1427,162,573.13203,Good,5388730,100.0
0.0,MLST.klebsiella.307,90,573.13227,Good,5414914,100.0
0.0,MLST.klebsiella.37,66,573.13279,Good,5450694,99.0
0.0,MLST.klebsiella.462,87,573.13286,Good,5475406,100.0
0.7,MLST.klebsiella.323,131,573.13350,Good,5423856,100.0
1.8,MLST.klebsiella.25,195,573.13428,Good,5521690,100.0
0.0,MLST.klebsiella.258,185,573.13433,Good,5514311,100.0
1.0,MLST.klebsiella.20,129,573.13443,Good,5452575,99.7
0.7,MLST.klebsiella.258,154,573.13445,Good,5405135,100.0
0.0,MLST.klebsiella.307,161,573.13446,Good,5397468,100.0
0.0,MLST.klebsiella.307,70,573.13481,Good,5371374,100.0
0.0,MLST.klebsiella.307,105,573.13482,Good,5412862,100.0
0.0,MLST.klebsiella.258,125,573.13518,Good,5437200,100.0
0.2,MLST.klebsiella.2351,83,573.13556,Good,5647124,98.6
0.0,MLST.klebsiella.307,75,573.13594,Good,5370242,100.0
0.0,MLST.klebsiella.307,78,573.13609,Good,5360691,100.0
0.0,MLST.klebsiella.307,92,573.13652,Good,5406426,100.0
0.0,MLST.klebsiella.307,95,573.13731,Good,5388754,100.0
0.3,MLST.klebsiella.16,83,573.13744,Good,5523855,100.0
0.0,MLST.klebsiella.258,104,573.13749,Good,5381426,100.0
0.0,MLST.klebsiella.258,123,573.13756,Good,5756508,100.0
0.0,MLST.klebsiella.16,75,573.13772,Good,5426478,100.0
0.3,MLST.klebsiella.307,133,573.13800,Good,5542089,100.0
0.3,MLST.klebsiella.307,127,573.13812,Good,5574738,100.0
0.7,MLST.klebsiella.147,110,573.13814,Good,5489985,100.0
0.0,MLST.klebsiella.258,135,573.13842,Good,5558623,100.0
0.0,MLST.klebsiella.258,115,573.13862,Good,5649086,100.0
0.0,MLST.klebsiella.307,78,573.13903,Good,5346863,100.0
0.0,MLST.klebsiella.3792,143,573.13911,Good,5790271,100.0
0.3,MLST.klebsiella.258,130,573.13921,Good,5743262,100.0
0.0,MLST.klebsiella.307,83,573.13938,Good,5461475,100.0
0.0,MLST.klebsiella.258,174,573.14012,Good,5866652,100.0
0.0,MLST.klebsiella.307,101,573.14018,Good,5423665,100.0
0.0,MLST.klebsiella.258,136,573.14040,Good,5506826,100.0
0.0,MLST.klebsiella.307,98,573.14061,Good,5513469,100.0
0.0,MLST.klebsiella.258,127,573.14081,Good,5503863,100.0
0.0,MLST.klebsiella.258,141,573.14105,Good,5536042,100.0
0.0,MLST.klebsiella.307,80,573.14107,Good,5408531,100.0
0.0,MLST.klebsiella.258,112,573.14125,Good,5453323,100.0
0.0,MLST.klebsiella.307,86,573.14140,Good,5296186,99.7
0.7,MLST.klebsiella.13,133,573.14155,Good,5672784,99.7
0.0,MLST.klebsiella.258,141,573.14175,Good,5563078,100.0
0.0,MLST.klebsiella.42,93,573.14180,Good,5454461,100.0
0.0,MLST.klebsiella.15,129,573.14191,Good,5599484,100.0
0.0,MLST.klebsiella.3792,124,573.14263,Good,5530620,100.0
0.3,MLST.klebsiella.258,142,573.14269,Good,5655697,100.0
0.3,MLST.klebsiella.462,68,573.14276,Good,5525086,100.0
0.3,MLST.klebsiella.15,143,573.14294,Good,5606758,100.0
0.7,MLST.klebsiella.13,104,573.14295,Good,5621970,99.7
0.0,MLST.klebsiella.258,135,573.14317,Good,5561642,100.0
0.3,MLST.klebsiella.307,80,573.14319,Good,5520025,100.0
0.0,MLST.klebsiella.307,127,573.14351,Good,5372464,100.0
0.3,MLST.klebsiella.15,108,573.14381,Good,5596591,100.0
0.7,MLST.klebsiella.1962,83,573.14420,Good,5331338,97.3
1.3,MLST.klebsiella.36,89,573.14440,Good,5310756,100.0
0.0,MLST.klebsiella.307,78,573.14452,Good,5398738,100.0
0.2,MLST.klebsiella.307,84,573.14459,Good,5402909,100.0
0.0,MLST.klebsiella.16,55,573.14481,Good,5353267,100.0
0.0,MLST.klebsiella.307,89,573.14495,Good,5498338,100.0
0.0,MLST.klebsiella.258,91,573.14533,Good,5321529,100.0
0.0,MLST.klebsiella.37,3,573.15366,Good,5519452,100.0
0.0,MLST.klebsiella.15,121,573.15438,Good,5871309,100.0
0.0,MLST.klebsiella.15,118,573.15439,Good,5870682,100.0
0.0,MLST.klebsiella.15,68,573.15446,Good,5464373,100.0
0.3,MLST.klebsiella.147,69,573.15449,Good,5396855,100.0
1.0,MLST.klebsiella.231,74,573.15530,Good,6059292,100.0
0.0,MLST.klebsiella.792,79,573.15617,Good,5582102,100.0
0.8,MLST.klebsiella.133,316,573.12859,Good,5605408,100.0
0.0,MLST.klebsiella.258,369,573.12862,Good,5422754,100.0
3.3,MLST.klebsiella.15,965,573.12879,Good,5518458,100.0
0.2,MLST.klebsiella.258,347,573.12888,Good,5474772,100.0
0.5,MLST.klebsiella.37,329,573.12907,Good,5443803,100.0
0.3,MLST.klebsiella.492,344,573.12924,Good,5548763,100.0
0.0,MLST.klebsiella.133,282,573.12935,Good,5447659,100.0
1.7,MLST.klebsiella.2793,1721,573.12951,Poor,5765104,98.6
0.6,MLST.klebsiella.432,266,573.12955,Good,5184348,100.0
0.7,MLST.klebsiella.353,357,573.13006,Good,5465387,100.0
0.0,MLST.klebsiella.200,215,573.13022,Good,5113571,100.0
0.0,MLST.klebsiella.258,11,573.17914,Good,5892020,100.0
0.0,MLST.klebsiella.258,8,573.17915,Good,5597784,100.0
0.7,MLST.klebsiella.1224,2,573.17927,Good,5598970,99.0
0.0,MLST.klebsiella.512,5,573.18087,Good,5823933,100.0
0.0,MLST.klebsiella.340,7,573.20064,Good,5924827,100.0
0.22,MLST.klebsiella.36,82,573.24269,Good,5494836,99.78
0.0,MLST.klebsiella.15,74,573.66196,Good,5444908,100.0
0.0,MLST.klebsiella.15,58,573.66199,Good,5476465,100.0
0.0,MLST.klebsiella.15,75,573.66202,Good,5630078,100.0
0.0,MLST.klebsiella.420,84,573.66569,Good,5587393,100.0
0.0,MLST.klebsiella.20,81,573.66592,Good,5477186,100.0
0.0,MLST.klebsiella.20,73,573.66641,Good,5487769,100.0
0.1,MLST.klebsiella.4306,118,573.66653,Good,5501365,99.9
0.0,MLST.klebsiella.461,183,573.66661,Good,5510461,99.1
0.0,MLST.klebsiella.35,61,573.66689,Good,5593936,100.0
0.0,MLST.klebsiella.4290,76,573.66693,Good,5330396,100.0
0.0,MLST.klebsiella.35,58,573.66742,Good,5479645,100.0
0.0,MLST.klebsiella.290,56,573.66749,Good,5102446,100.0
0.0,MLST.klebsiella.2791,136,573.66752,Good,5660514,99.9
0.0,MLST.klebsiella.4233,43,573.66785,Good,5255870,100.0
0.0,MLST.klebsiella.4239,51,573.66814,Good,5515181,100.0
0.1,MLST.klebsiella.17,79,573.66859,Good,5508029,100.0
0.0,MLST.klebsiella.261,56,573.66861,Good,5387110,100.0
0.0,MLST.klebsiella.10,153,573.66959,Good,5441581,100.0
0.1,MLST.klebsiella.503,119,573.66961,Good,5345967,100.0
0.0,MLST.klebsiella.4230,46,573.66970,Good,5306960,100.0
0.0,MLST.klebsiella.10,114,573.66980,Good,5374239,100.0
0.1,MLST.klebsiella.15,75,573.66987,Good,5433373,100.0
0.0,MLST.klebsiella.309,77,573.67009,Good,5348022,100.0
0.0,MLST.klebsiella.20,50,573.67052,Good,5298107,100.0
0.1,MLST.klebsiella.4245,221,573.67055,Good,5392089,100.0
0.1,MLST.klebsiella.70,65,573.67140,Good,5512379,100.0
0.0,MLST.klebsiella.26,141,573.67141,Good,5648733,100.0
0.0,MLST.klebsiella.198,57,573.67166,Good,5324626,100.0
0.0,MLST.Klebsiella_pneumoniae.551,106,573.13081,Good,5389667,100.0
0.0,,117,573.26172,Good,5341411,99.78
0.7,,147,573.13793,Good,5607393,100.0
0.7,,76,573.13805,Good,5615728,100.0
0.0,,135,573.13990,Good,5558120,100.0
0.0,,111,573.14225,Good,5563756,100.0
0.11,MLST.klebsiella.11,167,573.31060,Good,5443739,99.78
0.55,MLST.klebsiella.253,245,573.31081,Good,5371032,98.89
0.11,MLST.klebsiella.147,93,573.46861,Good,5843301,99.78
0.0,MLST.klebsiella.147,84,573.46869,Good,5835852,99.78
0.0,MLST.klebsiella.336,74,573.5678,Good,5997388,100.0
0.0,MLST.klebsiella.234,48,573.5682,Good,5605133,100.0
0.3,MLST.klebsiella.147,119,573.5766,Good,5724427,100.0
0.3,MLST.klebsiella.3787,33,573.5805,Good,5607161,100.0
0.0,MLST.klebsiella.35,52,573.5816,Good,5636370,100.0
0.8,MLST.klebsiella.2981,112,573.66104,Good,5751325,100.0
0.2,MLST.klebsiella.610,83,573.66130,Good,5522351,100.0
0.1,MLST.klebsiella.111,98,573.66159,Good,5836330,100.0
0.0,MLST.klebsiella.147,66,573.66214,Good,5567437,99.9
0.0,MLST.klebsiella.656,71,573.66218,Good,5498142,100.0
0.0,MLST.klebsiella.11,106,573.66251,Good,5756138,100.0
0.0,MLST.klebsiella.16,69,573.66268,Good,5504410,100.0
0.0,MLST.klebsiella.307,71,573.66284,Good,5507404,100.0
0.0,MLST.klebsiella.15,126,573.66318,Good,5650582,100.0
0.0,MLST.klebsiella.16,80,573.66320,Good,5599784,100.0
0.0,MLST.klebsiella.16,66,573.66330,Good,5825558,100.0
0.0,MLST.klebsiella.11,118,573.66337,Good,5797533,100.0
0.2,MLST.klebsiella.147,149,573.66380,Good,5640404,100.0
0.0,MLST.klebsiella.15,99,573.66461,Good,5599469,100.0
0.0,MLST.klebsiella.7,64,573.66462,Good,5616713,100.0
0.0,MLST.klebsiella.15,114,573.66469,Good,5635706,100.0
0.1,MLST.klebsiella.11,86,573.66482,Good,5516620,100.0
0.0,MLST.klebsiella.15,76,573.66484,Good,5559184,100.0
0.1,MLST.klebsiella.11,90,573.66496,Good,5520616,100.0
0.0,MLST.klebsiella.15,132,573.66507,Good,5653151,100.0
0.0,MLST.klebsiella.15,80,573.66536,Good,5565127,100.0
0.0,MLST.klebsiella.15,60,573.66537,Good,5475774,100.0
0.0,MLST.klebsiella.656,77,573.66549,Good,5493555,100.0
0.0,MLST.klebsiella.392,148,573.66552,Good,5490470,100.0
0.2,MLST.klebsiella.268,86,573.67216,Good,5508375,100.0
0.0,MLST.klebsiella.258,92,573.67241,Good,5488702,100.0
0.0,MLST.klebsiella.258,140,573.67294,Good,5656568,100.0
0.2,MLST.klebsiella.147,142,573.67306,Good,5640563,100.0
0.1,MLST.klebsiella.258,135,573.67332,Good,5636651,100.0
0.2,MLST.klebsiella.13,52,573.67341,Good,5414459,100.0
0.0,MLST.klebsiella.314,67,573.22558,Good,5348175,98.66
0.0,MLST.klebsiella.391,109,573.23197,Good,5665463,99.78
0.33,MLST.klebsiella.231,149,573.23207,Good,5595275,99.78
0.0,MLST.klebsiella.147,90,573.23216,Good,5619081,99.78
0.11,MLST.klebsiella.14,164,573.24243,Good,5817498,99.78
0.0,MLST.klebsiella.258,251,573.24286,Good,5867805,99.67
0.11,MLST.klebsiella.340,140,573.24338,Good,5632618,99.78
0.0,MLST.klebsiella.340,167,573.24365,Good,5678319,99.55
0.0,MLST.klebsiella.258,125,573.24368,Good,5534033,99.78
0.22,MLST.klebsiella.258,137,573.24415,Good,5643659,99.78
0.0,MLST.klebsiella.258,109,573.24423,Good,5298038,99.78
0.0,MLST.klebsiella.309,124,573.26075,Good,5541490,99.78
0.0,MLST.klebsiella.299,30,573.26086,Good,5560151,99.78
0.0,MLST.klebsiella.391,51,573.26102,Good,5397174,99.78
0.0,MLST.klebsiella.29,59,573.26114,Good,5402159,99.78
0.11,MLST.klebsiella.29,46,573.26122,Good,5344303,99.78
0.11,MLST.klebsiella.140,61,573.26163,Good,5434664,99.78
0.11,MLST.klebsiella.502,72,573.26167,Good,5494021,99.78
0.0,MLST.klebsiella.1605,48,573.26179,Good,5552129,99.78
0.11,MLST.klebsiella.299,27,573.26224,Good,5477912,99.78
0.0,MLST.klebsiella.147,42,573.26248,Good,5427813,99.78
0.22,MLST.klebsiella.160,26,573.26289,Good,5170660,99.78
0.0,MLST.klebsiella.4090,136,573.26319,Good,5665496,99.78
0.0,MLST.klebsiella.37,42,573.26322,Good,5336615,99.78
0.33,MLST.klebsiella.395,142,573.29889,Good,6019398,99.78
0.0,MLST.klebsiella.395,130,573.29892,Good,6014998,99.78
0.0,MLST.klebsiella.307,104,573.29953,Good,5690508,99.78
0.0,MLST.klebsiella.512,102,573.29954,Good,5649667,99.78
0.11,MLST.klebsiella.101,64,573.29967,Good,5600975,99.78
0.22,MLST.klebsiella.101,61,573.29983,Good,5597759,99.78
0.0,MLST.klebsiella.512,118,573.29988,Good,5701017,99.78
0.0,MLST.klebsiella.512,108,573.29997,Good,5719739,99.78
0.0,MLST.klebsiella.15,154,573.33393,Good,5856388,99.78
0.0,MLST.klebsiella.15,140,573.33419,Good,5860255,99.78
0.0,MLST.klebsiella.323,102,573.46072,Good,5448190,99.78
0.7,MLST.klebsiella.14,146,573.13037,Good,5794588,100.0
0.0,MLST.klebsiella.869,48,573.13102,Good,5379049,100.0
0.0,MLST.klebsiella.258,148,573.13110,Good,5511305,100.0
1.4,MLST.klebsiella.476,91,573.13133,Good,5455946,99.3
0.0,MLST.klebsiella.17,95,573.13137,Good,5404474,100.0
0.3,MLST.klebsiella.258,170,573.13153,Good,5521088,100.0
0.7,MLST.klebsiella.405,95,573.13204,Good,5733106,100.0
0.0,MLST.klebsiella.258,150,573.13208,Good,5556976,100.0
0.0,MLST.klebsiella.307,93,573.13239,Good,5407650,100.0
0.7,MLST.klebsiella.13,111,573.13260,Good,5463993,99.7
0.8,MLST.klebsiella.307,183,573.13267,Good,5513106,100.0
0.0,MLST.klebsiella.307,82,573.13270,Good,5427776,100.0
0.2,MLST.klebsiella.307,137,573.13278,Good,5460802,100.0
0.0,MLST.klebsiella.784,77,573.13296,Good,5521453,100.0
1.2,MLST.klebsiella.307,186,573.13299,Good,5362100,100.0
0.0,MLST.klebsiella.1427,90,573.13302,Good,5386131,100.0
0.0,MLST.klebsiella.15,85,573.13309,Good,5451746,100.0
0.7,MLST.klebsiella.2133,86,573.13344,Good,5465186,99.0
1.3,MLST.klebsiella.37,253,573.13398,Good,5721763,100.0
0.3,MLST.klebsiella.258,191,573.13412,Good,5477554,100.0
0.3,MLST.klebsiella.551,105,573.13459,Good,5393473,100.0
0.3,MLST.klebsiella.258,187,573.13461,Good,5522555,100.0
0.3,MLST.klebsiella.16,81,573.13479,Good,5518481,100.0
0.3,MLST.klebsiella.307,85,573.13493,Good,5396856,100.0
0.3,MLST.klebsiella.1694,121,573.13498,Good,5916103,100.0
0.0,MLST.klebsiella.29,93,573.13509,Good,5457824,100.0
0.0,MLST.klebsiella.258,135,573.13550,Good,5509388,100.0
0.3,MLST.klebsiella.1017,64,573.13554,Good,5361711,100.0
0.0,MLST.klebsiella.307,108,573.13562,Good,5411892,100.0
0.0,MLST.klebsiella.307,139,573.13574,Good,5558373,100.0
0.0,MLST.klebsiella.307,93,573.13579,Good,5408430,100.0
0.0,MLST.klebsiella.258,111,573.13585,Good,5510014,100.0
0.0,MLST.klebsiella.25,88,573.13599,Good,5559699,100.0
0.0,MLST.klebsiella.258,141,573.13600,Good,5552683,100.0
0.0,MLST.klebsiella.307,84,573.13606,Good,5483063,100.0
0.3,MLST.klebsiella.1017,68,573.13611,Good,5362211,100.0
0.0,MLST.klebsiella.234,71,573.13642,Good,5556030,100.0
0.0,MLST.klebsiella.307,72,573.13643,Good,5250565,100.0
0.0,MLST.klebsiella.258,151,573.13655,Good,5552637,100.0
0.0,MLST.klebsiella.258,112,573.13690,Good,5382888,100.0
0.0,MLST.klebsiella.307,78,573.13700,Good,5388912,100.0
0.0,MLST.klebsiella.307,102,573.13751,Good,5499558,100.0
0.0,MLST.klebsiella.101,81,573.13774,Good,5527152,100.0
0.3,MLST.klebsiella.36,60,573.13801,Good,5269941,100.0
0.0,MLST.klebsiella.307,125,573.13816,Good,5567556,100.0
0.7,MLST.klebsiella.15,100,573.13826,Good,5516061,100.0
0.0,MLST.klebsiella.258,129,573.13846,Good,5543548,100.0
0.3,MLST.klebsiella.45,74,573.13848,Good,5542869,100.0
0.3,MLST.klebsiella.307,77,573.13909,Good,5351397,100.0
0.0,MLST.klebsiella.35,102,573.13925,Good,5670634,100.0
0.1,MLST.klebsiella.307,88,573.13982,Good,5423074,100.0
0.0,MLST.klebsiella.258,141,573.14058,Good,5527006,100.0
1.0,MLST.klebsiella.1174,64,573.14059,Good,5704684,98.0
0.0,MLST.klebsiella.307,93,573.14093,Good,5424100,100.0
0.0,MLST.klebsiella.307,97,573.14143,Good,5422036,100.0
0.0,MLST.klebsiella.258,107,573.14177,Good,5610647,100.0
0.0,MLST.klebsiella.307,120,573.14284,Good,5566779,100.0
0.0,MLST.klebsiella.307,75,573.14285,Good,5396339,100.0
0.0,MLST.klebsiella.1444,143,573.14297,Good,5673188,100.0
0.0,MLST.klebsiella.17,75,573.14302,Good,5438020,100.0
0.3,MLST.klebsiella.15,118,573.14348,Good,5588827,100.0
0.0,MLST.klebsiella.307,231,573.14352,Good,5981702,100.0
0.3,MLST.klebsiella.15,93,573.14379,Good,5664138,100.0
0.0,MLST.klebsiella.307,93,573.14438,Good,5490049,100.0
0.0,MLST.klebsiella.307,130,573.14456,Good,5565295,100.0
0.0,MLST.klebsiella.307,88,573.14513,Good,5472754,100.0
0.0,MLST.klebsiella.25,71,573.14514,Good,5516121,100.0
1.3,MLST.klebsiella.280,105,573.14550,Good,5442843,100.0
0.0,MLST.klebsiella.3395,80,573.15480,Good,5395034,100.0
0.0,MLST.klebsiella.15,109,573.15491,Good,5842634,100.0
0.0,MLST.klebsiella.4553,71,573.15553,Good,5510364,100.0
0.7,MLST.klebsiella.641,70,573.15573,Good,5925249,98.3
0.0,MLST.klebsiella.215,45,573.15579,Good,5381145,100.0
0.7,MLST.klebsiella.1464,67,573.15627,Good,5304292,100.0
0.4,MLST.klebsiella.512,366,573.1727,Good,5742139,100.0
1.1,MLST.klebsiella.512,150,573.1730,Good,5539795,100.0
0.11,,95,573.31069,Good,5301776,98.33
0.0,MLST.klebsiella.45,4,573.12771,Good,5598174,100.0
0.0,MLST.klebsiella.258,353,573.12864,Good,5680867,100.0
1.0,MLST.klebsiella.20,296,573.12980,Good,5628103,100.0
1.0,MLST.klebsiella.466,538,573.12989,Good,5723650,99.7
0.0,MLST.klebsiella.15,5,573.18086,Good,5675659,100.0
0.3,MLST.klebsiella.437,150,573.20953,Good,5378610,100.0
0.3,MLST.klebsiella.437,142,573.20958,Good,5756389,100.0
0.0,MLST.klebsiella.101,123,573.20960,Good,5757930,100.0
0.7,MLST.klebsiella.147,79,573.20964,Good,5467436,100.0
0.0,MLST.klebsiella.307,83,573.66174,Good,5434728,100.0
0.0,MLST.klebsiella.26,125,573.66570,Good,5402300,100.0
0.1,MLST.klebsiella.515,63,573.66593,Good,5397993,100.0
0.1,MLST.klebsiella.1454,112,573.66607,Good,5306940,99.3
0.0,MLST.klebsiella.25,73,573.66617,Good,5431273,100.0
0.0,MLST.klebsiella.727,44,573.66629,Good,5288182,100.0
0.0,MLST.klebsiella.469,39,573.66634,Good,4936999,98.8
0.2,MLST.klebsiella.187,47,573.66711,Good,5327980,100.0
0.0,MLST.klebsiella.25,82,573.66730,Good,5614385,100.0
0.0,MLST.klebsiella.25,63,573.66738,Good,5398756,100.0
0.1,MLST.klebsiella.27,143,573.66771,Good,5497200,100.0
0.0,MLST.klebsiella.322,52,573.66809,Good,5535223,100.0
0.2,MLST.klebsiella.416,154,573.66828,Good,5504965,100.0
0.0,MLST.klebsiella.134,67,573.66830,Good,5404194,99.9
0.0,MLST.klebsiella.461,142,573.66831,Good,5663479,100.0
0.0,MLST.klebsiella.14,53,573.66835,Good,5461457,99.9
0.0,MLST.klebsiella.251,73,573.66948,Good,5354195,100.0
0.0,MLST.klebsiella.4271,45,573.66989,Good,5225933,100.0
0.0,MLST.klebsiella.105,55,573.67023,Good,5280910,99.9
0.0,MLST.klebsiella.461,98,573.67030,Good,5685903,100.0
0.0,MLST.klebsiella.184,60,573.67042,Good,5461719,100.0
0.0,MLST.klebsiella.4269,61,573.67070,Good,5095631,97.3
0.0,MLST.klebsiella.896,54,573.67095,Good,5382421,100.0
0.2,MLST.klebsiella.1777,81,573.67123,Good,5300761,100.0
0.1,MLST.klebsiella.359,151,573.67711,Good,5208535,100.0
0.3,MLST.klebsiella.34,14,573.7026,Good,5628665,99.7
0.0,MLST.klebsiella.11,4,573.7362,Good,5779484,100.0
29.5,,1585,573.13946,Poor,8135480,100.0
0.0,MLST.Klebsiella_pneumoniae.1786,81,573.67681,Good,5395280,100.0
0.0,,231,573.22556,Good,5577490,95.43
0.0,,71,573.67350,Good,5043520,100.0
0.2,MLST.Klebsiella_pneumoniae.307,93,573.13787,Good,5770076,100.0
3.1,MLST.Klebsiella_pneumoniae.307,457,573.13040,Good,5885182,100.0
0.0,,99,573.14338,Good,5852372,98.6
0.0,MLST.klebsiella.11,186,573.31065,Good,5476000,99.78
0.44,MLST.klebsiella.11,245,573.31066,Good,5505884,99.78
0.88,MLST.klebsiella.268,180,573.31077,Good,5656721,99.78
0.0,MLST.klebsiella.147,94,573.46836,Good,5923388,99.78
0.3,MLST.klebsiella.48,39,573.5691,Good,5409861,100.0
0.0,MLST.klebsiella.11,107,573.5794,Good,5845239,100.0
0.7,MLST.klebsiella.2355,25,573.5823,Good,5280529,99.0
0.0,MLST.klebsiella.218,60,573.65939,Good,5479429,100.0
0.0,MLST.klebsiella.17,69,573.65965,Good,5448726,100.0
0.0,MLST.klebsiella.896,64,573.65979,Good,5224994,97.0
0.6,MLST.klebsiella.20,85,573.66101,Good,5641296,100.0
0.0,MLST.klebsiella.11,112,573.66263,Good,5757466,100.0
0.0,MLST.klebsiella.273,98,573.66282,Good,5662120,100.0
0.0,MLST.klebsiella.656,88,573.66300,Good,5505822,100.0
0.0,MLST.klebsiella.16,86,573.66309,Good,5649106,100.0
0.0,MLST.klebsiella.11,119,573.66321,Good,5803305,100.0
0.0,MLST.klebsiella.16,76,573.66324,Good,5594425,100.0
0.0,MLST.klebsiella.15,96,573.66345,Good,5601765,100.0
0.0,MLST.klebsiella.147,84,573.66355,Good,5500935,100.0
0.0,MLST.klebsiella.16,83,573.66360,Good,5644700,100.0
0.0,MLST.klebsiella.16,97,573.66366,Good,5719008,100.0
0.0,MLST.klebsiella.16,65,573.66370,Good,5623153,100.0
0.0,MLST.klebsiella.11,105,573.66397,Good,5611917,100.0
0.0,MLST.klebsiella.15,82,573.66473,Good,5670855,100.0
0.0,MLST.klebsiella.15,138,573.66500,Good,5651342,100.0
0.0,MLST.klebsiella.656,80,573.66513,Good,5495230,100.0
0.0,MLST.klebsiella.512,117,573.67188,Good,5631942,100.0
0.3,MLST.klebsiella.191,82,573.67289,Good,5537577,100.0
0.7,MLST.klebsiella.661,171,573.20491,Good,5619562,100.0
1.0,MLST.klebsiella.449,233,573.20772,Good,5591468,100.0
0.3,MLST.klebsiella.437,90,573.20874,Good,5383215,100.0
0.3,MLST.klebsiella.437,80,573.20995,Good,5441146,100.0
0.0,MLST.klebsiella.15,301,573.21001,Good,5698403,99.7
0.0,MLST.klebsiella.215,74,573.21049,Good,5615826,100.0
0.3,MLST.klebsiella.70,140,573.21080,Good,5699754,100.0
0.0,MLST.klebsiella.16,54,573.21114,Good,5482784,100.0
0.0,MLST.klebsiella.111,86,573.21209,Good,5454176,100.0
1.0,MLST.klebsiella.896,63,573.21233,Good,5347193,100.0
0.7,MLST.klebsiella.525,79,573.21253,Good,5650691,100.0
0.7,MLST.klebsiella.104,51,573.21311,Good,5397152,100.0
0.0,MLST.klebsiella.307,88,573.21505,Good,5516165,100.0
0.0,MLST.klebsiella.307,124,573.21508,Good,5770757,100.0
0.3,MLST.klebsiella.29,66,573.21557,Good,5382110,100.0
0.7,MLST.klebsiella.405,70,573.21601,Good,5706083,100.0
0.7,MLST.klebsiella.3656,88,573.21618,Good,5356888,100.0
0.3,MLST.klebsiella.104,90,573.21626,Good,5452516,100.0
0.0,MLST.klebsiella.512,85,573.21668,Good,5607282,100.0
0.3,MLST.klebsiella.512,85,573.21672,Good,5611966,100.0
0.0,MLST.klebsiella.15,108,573.21700,Good,5766412,100.0
0.0,MLST.klebsiella.512,143,573.21755,Good,5753878,100.0
2.0,MLST.klebsiella.3663,103,573.21863,Good,5475347,100.0
5.7,MLST.klebsiella.15,468,573.21983,Good,5725776,100.0
10.1,MLST.klebsiella.15,681,573.22011,Poor,5786632,100.0
0.0,MLST.klebsiella.231,91,573.23200,Good,5566290,99.78
0.11,MLST.klebsiella.231,107,573.23222,Good,5550855,99.78
0.11,MLST.klebsiella.1966,94,573.24257,Good,5166012,99.78
0.33,MLST.klebsiella.34,252,573.24277,Good,5499434,99.78
0.22,MLST.klebsiella.551,108,573.24285,Good,5403219,99.78
0.0,MLST.klebsiella.258,105,573.24346,Good,5353842,99.78
0.0,MLST.klebsiella.147,136,573.24373,Good,5670607,99.78
0.11,MLST.klebsiella.3635,343,573.24381,Good,5637941,99.78
0.0,MLST.klebsiella.340,175,573.24420,Good,5678101,99.78
0.11,MLST.klebsiella.258,142,573.24432,Good,5688309,99.78
0.0,MLST.klebsiella.258,128,573.24451,Good,5681148,99.78
0.0,MLST.klebsiella.294,28,573.26077,Good,5389747,99.78
0.11,MLST.klebsiella.36,92,573.26140,Good,5578326,99.78
0.0,MLST.klebsiella.784,41,573.26160,Good,5378661,99.78
0.0,MLST.klebsiella.1605,42,573.26193,Good,5554599,99.78
0.0,MLST.klebsiella.86,32,573.26277,Good,5365279,99.78
0.0,MLST.klebsiella.29,78,573.26296,Good,5365237,99.78
0.0,MLST.klebsiella.405,41,573.26311,Good,5640632,99.78
0.11,MLST.klebsiella.234,35,573.26316,Good,5363792,99.78
0.0,MLST.klebsiella.512,69,573.29949,Good,5536262,99.78
0.22,MLST.klebsiella.147,96,573.29971,Good,5644445,99.78
0.0,MLST.klebsiella.512,132,573.29987,Good,5768106,99.78
0.11,MLST.klebsiella.512,93,573.30011,Good,5680188,99.78
0.11,MLST.klebsiella.681,5,573.34252,Good,5723333,99.78
0.0,MLST.klebsiella.360,21,573.46090,Good,5445304,99.78
0.0,MLST.klebsiella.2990,67,573.46120,Good,5539120,99.78
0.0,MLST.klebsiella.34,88,573.46411,Good,5208231,99.67
0.0,MLST.Klebsiella_pneumoniae.11,106,573.67668,Good,5405204,100.0
0.0,MLST.klebsiella.307,100,573.14777,Good,5580191,100.0
0.0,MLST.klebsiella.258,189,573.14788,Good,5763447,100.0
1.7,MLST.klebsiella.512,226,573.14800,Good,6029592,100.0
0.0,MLST.klebsiella.512,156,573.14804,Good,5822347,100.0
0.3,MLST.klebsiella.512,134,573.14819,Good,5720512,100.0
0.0,MLST.klebsiella.512,182,573.15029,Good,5771481,100.0
0.3,MLST.klebsiella.101,107,573.20676,Good,5724943,100.0
0.0,MLST.klebsiella.101,231,573.20677,Good,6017025,100.0
1.7,MLST.klebsiella.461,272,573.20682,Good,6164964,100.0
0.0,MLST.klebsiella.307,94,573.20684,Good,5483429,100.0
0.0,MLST.klebsiella.343,66,573.20688,Good,5235410,100.0
0.0,MLST.klebsiella.873,77,573.20691,Good,5598882,100.0
0.3,MLST.klebsiella.502,101,573.20716,Good,5254410,99.7
0.3,MLST.klebsiella.437,50,573.20722,Good,5255809,100.0
0.3,MLST.klebsiella.101,103,573.20724,Good,5650439,100.0
0.3,MLST.klebsiella.101,177,573.20726,Good,5665440,100.0
0.0,MLST.klebsiella.101,181,573.20729,Good,5888936,100.0
0.1,MLST.klebsiella.353,142,573.20731,Good,5593915,100.0
0.0,MLST.klebsiella.427,116,573.20743,Good,5664477,100.0
0.3,MLST.klebsiella.35,49,573.20751,Good,5402142,100.0
0.3,MLST.klebsiella.37,134,573.20752,Good,5774150,100.0
0.0,MLST.klebsiella.882,81,573.20759,Good,5552652,100.0
2.7,MLST.klebsiella.873,208,573.20762,Good,5637213,100.0
4.6,MLST.klebsiella.915,541,573.20770,Good,6116114,100.0
1.0,MLST.klebsiella.147,96,573.20837,Good,5632737,100.0
0.0,MLST.klebsiella.25,83,573.20857,Good,5449025,100.0
1.0,MLST.klebsiella.147,130,573.20864,Good,5619616,100.0
0.0,MLST.klebsiella.37,93,573.20878,Good,5499982,100.0
0.7,MLST.klebsiella.101,68,573.20886,Good,5499345,99.7
0.3,MLST.klebsiella.437,94,573.20895,Good,5645870,100.0
0.0,MLST.klebsiella.101,286,573.20927,Good,5695337,100.0
0.7,MLST.klebsiella.3671,78,573.20928,Good,5720439,100.0
0.0,MLST.klebsiella.340,203,573.20935,Good,5517202,100.0
5.3,MLST.klebsiella.101,1078,573.20939,Poor,5981360,100.0
0.0,MLST.klebsiella.15,92,573.20969,Good,5568257,100.0
10.0,MLST.klebsiella.437,901,573.20973,Good,5813314,100.0
0.7,MLST.klebsiella.110,115,573.21150,Good,5583391,100.0
0.0,MLST.klebsiella.307,67,573.65875,Good,5438132,100.0
0.0,MLST.klebsiella.29,69,573.65882,Good,5505277,100.0
0.0,MLST.klebsiella.391,48,573.65883,Good,5477570,100.0
0.0,MLST.Klebsiella_pneumoniae.1933,71,573.67685,Good,5628102,100.0
0.11,MLST.klebsiella.11,162,573.27323,Good,5814761,99.78
0.11,MLST.klebsiella.11,161,573.27339,Good,5815050,99.78
0.1,MLST.klebsiella.45,44,573.65911,Good,5317342,100.0
0.0,MLST.klebsiella.2004,37,573.65917,Good,5348429,100.0
0.0,MLST.klebsiella.280,92,573.65932,Good,5472871,99.9
0.1,MLST.klebsiella.784,82,573.65947,Good,5580611,100.0
0.0,MLST.klebsiella.23,92,573.65953,Good,5731042,100.0
0.1,MLST.klebsiella.70,89,573.65973,Good,5417972,100.0
0.1,MLST.klebsiella.45,109,573.65981,Good,5513391,100.0
0.0,MLST.klebsiella.35,76,573.65990,Good,5375744,100.0
0.1,MLST.klebsiella.25,425,573.65993,Good,5346453,99.9
0.0,MLST.klebsiella.12,192,573.66001,Good,5539842,100.0
0.0,MLST.klebsiella.12,117,573.66003,Good,5527810,100.0
0.1,MLST.klebsiella.186,60,573.66004,Good,5097157,99.9
0.0,MLST.klebsiella.16,87,573.66014,Good,5543947,100.0
0.0,MLST.klebsiella.659,90,573.66020,Good,5442955,99.6
1.0,MLST.klebsiella.105,397,573.66021,Good,5462590,100.0
0.0,MLST.klebsiella.35,79,573.66032,Good,5289862,99.8
0.0,MLST.klebsiella.3409,93,573.66044,Good,5352323,100.0
0.0,MLST.klebsiella.1015,76,573.66072,Good,5358812,100.0
0.0,MLST.klebsiella.2264,129,573.66073,Good,5484520,100.0
0.0,MLST.klebsiella.45,83,573.66083,Good,5406248,100.0
0.0,MLST.klebsiella.33,101,573.67351,Good,5174078,100.0
0.0,MLST.klebsiella.391,47,573.67357,Good,5433227,100.0
0.0,MLST.klebsiella.147,63,573.67365,Good,5401776,100.0
0.1,MLST.klebsiella.147,102,573.67366,Good,5775065,100.0
0.0,MLST.klebsiella.834,135,573.67368,Good,5705949,100.0
0.0,MLST.klebsiella.76,92,573.67694,Good,5390685,99.9
0.3,MLST.klebsiella.20,125,573.20458,Good,5217315,100.0
5.1,MLST.klebsiella.605,517,573.20485,Good,5577460,98.3
9.8,MLST.klebsiella.15,782,573.20498,Good,5937922,100.0
7.6,MLST.klebsiella.45,883,573.20500,Good,5551356,100.0
0.0,MLST.klebsiella.258,90,573.20512,Good,5591638,100.0
0.0,MLST.klebsiella.258,136,573.20519,Good,5725908,100.0
0.5,MLST.klebsiella.1916,487,573.20520,Good,5769408,100.0
0.0,MLST.klebsiella.882,50,573.20522,Good,5413260,100.0
1.7,MLST.klebsiella.45,308,573.20528,Good,5877980,100.0
0.8,MLST.klebsiella.308,304,573.20549,Good,5638314,100.0
0.3,MLST.klebsiella.383,108,573.20610,Good,5771927,100.0
1.7,MLST.klebsiella.3652,264,573.20619,Good,5636871,100.0
1.1,MLST.klebsiella.258,179,573.20620,Good,5597429,99.7
0.0,MLST.klebsiella.258,137,573.20621,Good,5747904,100.0
0.3,MLST.klebsiella.915,225,573.20771,Good,5722736,100.0
0.2,MLST.klebsiella.15,127,573.20781,Good,5576538,100.0
13.1,MLST.klebsiella.101,1288,573.20790,Poor,6135304,100.0
9.1,MLST.klebsiella.42,622,573.20815,Good,5786500,100.0
2.8,MLST.klebsiella.101,640,573.20923,Good,5906228,100.0
0.3,MLST.klebsiella.437,81,573.20991,Good,5567685,100.0
0.0,MLST.klebsiella.45,118,573.21006,Good,5464187,100.0
0.0,MLST.klebsiella.1236,66,573.21023,Good,5464696,99.7
0.0,MLST.klebsiella.29,73,573.21031,Good,5549962,100.0
9.0,MLST.klebsiella.405,705,573.21033,Good,6031469,100.0
0.3,MLST.klebsiella.29,56,573.21038,Good,5331417,100.0
0.0,MLST.klebsiella.101,141,573.21052,Good,6107415,100.0
0.0,MLST.klebsiella.307,99,573.21060,Good,5584258,100.0
0.0,MLST.klebsiella.101,125,573.21090,Good,5846943,100.0
3.1,MLST.klebsiella.101,358,573.21097,Good,5702976,100.0
1.0,MLST.klebsiella.1487,125,573.21101,Good,5824936,100.0
0.3,MLST.klebsiella.17,88,573.21116,Good,5287266,100.0
0.0,MLST.klebsiella.35,39,573.21131,Good,5384974,100.0
0.3,MLST.klebsiella.309,132,573.21160,Good,5505465,100.0
0.0,MLST.klebsiella.101,80,573.21172,Good,5604242,100.0
0.3,MLST.klebsiella.3677,57,573.21179,Good,5286404,100.0
0.3,MLST.klebsiella.405,53,573.21183,Good,5446242,100.0
0.0,MLST.klebsiella.14,58,573.21194,Good,5401497,100.0
0.0,MLST.klebsiella.101,116,573.21197,Good,5694604,100.0
0.0,MLST.klebsiella.11,59,573.21213,Good,5529610,100.0
0.0,MLST.klebsiella.11,105,573.21215,Good,5620755,100.0
0.0,MLST.klebsiella.11,111,573.21238,Good,6074371,100.0
0.0,MLST.klebsiella.111,51,573.21257,Good,5447140,100.0
0.3,MLST.klebsiella.15,102,573.21259,Good,5519671,100.0
0.7,MLST.klebsiella.36,92,573.21260,Good,5501864,100.0
0.0,MLST.klebsiella.35,41,573.21265,Good,5350758,100.0
0.0,MLST.klebsiella.15,102,573.21282,Good,5757575,100.0
0.0,MLST.klebsiella.101,103,573.21295,Good,5632627,100.0
0.7,MLST.klebsiella.12,105,573.21303,Good,5490954,100.0
0.7,MLST.klebsiella.1801,35,573.21326,Good,5607654,100.0
0.0,MLST.klebsiella.307,94,573.21346,Good,5571813,100.0
0.0,MLST.klebsiella.15,80,573.21348,Good,5539739,100.0
0.0,MLST.klebsiella.512,133,573.21366,Good,5626209,100.0
0.3,MLST.klebsiella.11,100,573.21367,Good,5540335,99.7
0.0,MLST.klebsiella.37,39,573.21370,Good,5237042,100.0
0.0,MLST.klebsiella.11,77,573.21388,Good,5532219,100.0
0.0,MLST.klebsiella.11,69,573.21405,Good,5511712,100.0
0.0,MLST.klebsiella.11,89,573.21413,Good,5611306,100.0
0.0,MLST.klebsiella.6,55,573.21432,Good,5322946,100.0
0.1,MLST.klebsiella.3634,54,573.21434,Good,5374994,100.0
0.0,MLST.klebsiella.15,91,573.21437,Good,5658861,100.0
0.0,MLST.klebsiella.902,68,573.21470,Good,5438152,100.0
0.0,MLST.klebsiella.661,55,573.21471,Good,5342610,100.0
0.3,MLST.klebsiella.34,97,573.21472,Good,5529288,99.3
0.0,MLST.klebsiella.902,59,573.21477,Good,5383481,100.0
1.0,MLST.klebsiella.23,48,573.21483,Good,5524816,100.0
0.7,MLST.klebsiella.37,58,573.21493,Good,5506623,100.0
0.3,MLST.klebsiella.168,56,573.21531,Good,5418803,100.0
0.0,MLST.klebsiella.15,83,573.21536,Good,5596430,100.0
0.3,MLST.klebsiella.147,54,573.21544,Good,5716972,100.0
0.7,MLST.klebsiella.405,78,573.21547,Good,5699999,100.0
0.0,MLST.klebsiella.25,56,573.21565,Good,5454602,100.0
0.0,MLST.klebsiella.48,59,573.21585,Good,5411036,100.0
0.0,MLST.klebsiella.35,60,573.21587,Good,5654667,100.0
1.0,MLST.klebsiella.101,92,573.21590,Good,5755038,100.0
0.3,MLST.klebsiella.512,132,573.21597,Good,5714819,100.0
0.3,MLST.klebsiella.512,91,573.21602,Good,5539407,100.0
0.3,MLST.klebsiella.512,137,573.21608,Good,5682585,100.0
0.0,MLST.klebsiella.512,158,573.21614,Good,5705226,100.0
0.0,MLST.klebsiella.15,79,573.21615,Good,5566857,100.0
0.3,MLST.klebsiella.2791,224,573.21630,Good,5550581,100.0
0.0,MLST.klebsiella.512,131,573.21649,Good,5687197,100.0
0.0,MLST.klebsiella.512,75,573.21684,Good,5555345,100.0
0.3,MLST.klebsiella.920,76,573.21712,Good,5358822,100.0
0.0,MLST.klebsiella.512,125,573.21715,Good,5671526,100.0
0.0,MLST.klebsiella.512,136,573.21738,Good,5672755,100.0
0.0,MLST.klebsiella.512,242,573.21762,Good,5606592,99.7
0.7,MLST.klebsiella.1401,128,573.21772,Good,5275503,100.0
0.0,MLST.klebsiella.512,117,573.21776,Good,5627916,100.0
0.0,MLST.klebsiella.512,119,573.21778,Good,5652668,100.0
0.7,MLST.klebsiella.881,82,573.21781,Good,5628966,100.0
0.0,MLST.klebsiella.512,82,573.21798,Good,5469481,100.0
0.3,MLST.klebsiella.512,75,573.21812,Good,5499650,100.0
0.7,MLST.klebsiella.380,87,573.21830,Good,5475431,100.0
0.0,MLST.klebsiella.512,149,573.21841,Good,5720332,99.3
1.7,MLST.klebsiella.512,284,573.21847,Good,5777178,100.0
0.0,MLST.klebsiella.416,151,573.21856,Good,5574881,99.3
0.1,MLST.klebsiella.15,80,573.21873,Good,5349695,100.0
0.3,MLST.klebsiella.512,84,573.21875,Good,5504118,99.7
0.0,MLST.klebsiella.512,145,573.21904,Good,5640966,100.0
0.0,MLST.klebsiella.512,159,573.21909,Good,5679802,100.0
0.0,MLST.klebsiella.512,115,573.21914,Good,5651850,100.0
1.1,MLST.klebsiella.1471,116,573.21918,Good,5505793,100.0
0.0,MLST.klebsiella.15,92,573.21943,Good,5599246,100.0
0.0,MLST.klebsiella.11,97,573.21957,Good,5657472,100.0
0.0,MLST.klebsiella.15,244,573.21963,Good,5710413,100.0
0.0,MLST.klebsiella.15,87,573.21985,Good,5696062,100.0
27.8,MLST.klebsiella.16,1904,573.21992,Poor,6204955,100.0
0.0,MLST.klebsiella.15,102,573.22026,Good,5611462,100.0
0.3,MLST.klebsiella.163,160,573.22031,Good,5713059,100.0
0.0,MLST.klebsiella.15,120,573.22050,Good,5357735,100.0
0.0,MLST.klebsiella.14,128,573.22055,Good,5483499,100.0
0.0,MLST.klebsiella.134,66,573.22074,Good,5300391,100.0
0.0,MLST.klebsiella.258,96,573.22084,Good,5642574,100.0
0.0,MLST.klebsiella.258,102,573.22095,Good,5740595,100.0
0.0,MLST.klebsiella.36,48,573.22610,Good,5463380,99.78
0.22,MLST.klebsiella.29,158,573.26067,Good,5631122,99.78
0.0,MLST.klebsiella.512,111,573.31599,Good,5838710,99.78
0.11,MLST.klebsiella.512,115,573.31604,Good,5840272,99.78
0.0,MLST.klebsiella.512,152,573.31606,Good,5696299,99.78
0.0,MLST.klebsiella.512,126,573.31610,Good,5834320,99.78
0.0,MLST.klebsiella.512,117,573.31620,Good,5838095,99.78
0.0,MLST.klebsiella.512,168,573.31622,Good,5864330,99.78
0.0,MLST.klebsiella.512,208,573.31623,Good,5900410,99.78
0.0,MLST.klebsiella.307,121,573.46327,Good,5559517,99.78
0.11,MLST.klebsiella.11,161,573.46334,Good,5567058,99.78
0.0,MLST.klebsiella.11,148,573.46336,Good,5499217,99.78
0.0,MLST.klebsiella.11,158,573.46361,Good,5525096,99.78
0.0,MLST.klebsiella.11,153,573.46373,Good,5515043,99.78
0.0,MLST.klebsiella.11,162,573.46396,Good,5655217,99.44
0.0,MLST.klebsiella.11,167,573.46407,Good,5551790,99.78
0.0,MLST.klebsiella.745,140,573.14775,Good,5705417,100.0
0.0,MLST.klebsiella.258,166,573.14783,Good,5669513,100.0
0.0,MLST.klebsiella.512,154,573.14787,Good,5863335,100.0
0.0,MLST.klebsiella.512,157,573.14789,Good,5789363,100.0
0.0,MLST.klebsiella.1519,164,573.14805,Good,5897253,100.0
0.0,MLST.klebsiella.11,84,573.20690,Good,5505798,100.0
0.0,MLST.klebsiella.17,120,573.20698,Good,5582488,100.0
0.0,MLST.klebsiella.101,111,573.20713,Good,5758088,100.0
0.0,MLST.klebsiella.258,136,573.20714,Good,5557820,100.0
1.7,MLST.klebsiella.340,733,573.20727,Good,5810047,99.0
1.0,MLST.klebsiella.101,209,573.20733,Good,5816563,100.0
0.3,MLST.klebsiella.3664,48,573.20740,Good,5267808,100.0
0.0,MLST.klebsiella.45,72,573.20748,Good,5432164,100.0
0.0,MLST.klebsiella.258,117,573.20760,Good,5774050,100.0
0.3,MLST.klebsiella.915,265,573.20769,Good,5966898,100.0
0.0,MLST.klebsiella.101,133,573.20836,Good,5682965,100.0
12.4,MLST.klebsiella.15,1060,573.20839,Poor,6098645,100.0
0.3,MLST.klebsiella.15,100,573.20841,Good,5666125,100.0
1.7,MLST.klebsiella.13,100,573.20856,Good,5406784,99.7
0.0,MLST.klebsiella.101,110,573.20867,Good,5755910,100.0
0.0,MLST.klebsiella.11,113,573.20869,Good,5674278,100.0
0.0,MLST.klebsiella.340,145,573.20883,Good,5616017,100.0
1.3,MLST.klebsiella.101,225,573.20926,Good,5791865,100.0
0.7,MLST.klebsiella.3671,69,573.20930,Good,5715946,100.0
0.3,MLST.klebsiella.437,90,573.20945,Good,5452508,100.0
0.0,MLST.klebsiella.11,90,573.20951,Good,5574965,100.0
0.3,MLST.klebsiella.437,73,573.20972,Good,5450893,100.0
0.0,MLST.klebsiella.629,37,573.20978,Good,5175772,100.0
0.3,MLST.klebsiella.437,67,573.20983,Good,5419114,100.0
0.0,MLST.klebsiella.11,100,573.21014,Good,5740071,100.0
0.7,MLST.klebsiella.405,118,573.21034,Good,5993487,100.0
0.0,MLST.klebsiella.3069,47,573.65888,Good,5273543,100.0
0.0,MLST.klebsiella.412,65,573.65894,Good,5384770,100.0
0.0,MLST.Klebsiella_pneumoniae.70,74,573.66076,Good,5521320,100.0
0.1,,66,573.65913,Good,5024088,97.7
2.0,MLST.klebsiella.395,44,573.9636,Good,5146169,100.0
0.44,MLST.klebsiella.34,346,573.24032,Good,5486187,99.78
0.1,MLST.klebsiella.469,71,573.65905,Good,5013320,99.9
0.0,MLST.klebsiella.307,98,573.65922,Good,5497796,100.0
0.0,MLST.klebsiella.11,260,573.65937,Good,5816702,100.0
0.4,MLST.klebsiella.876,297,573.65943,Good,5892786,99.9
0.0,MLST.klebsiella.101,56,573.65948,Good,5355713,100.0
0.0,MLST.klebsiella.716,90,573.65974,Good,5483524,100.0
0.1,MLST.klebsiella.25,85,573.65987,Good,5462205,100.0
0.1,MLST.klebsiella.307,83,573.65997,Good,5383846,100.0
0.1,MLST.klebsiella.5576,125,573.66009,Good,5468610,96.4
0.1,MLST.klebsiella.17,217,573.66011,Good,5315474,97.2
0.1,MLST.klebsiella.15,123,573.66026,Good,5398923,99.2
0.0,MLST.klebsiella.716,52,573.66033,Good,5264456,100.0
0.0,MLST.klebsiella.23,62,573.66060,Good,5398980,99.8
0.1,MLST.klebsiella.1691,216,573.66078,Good,5621833,100.0
0.2,MLST.klebsiella.827,57,573.67345,Good,5296609,100.0
0.0,MLST.klebsiella.16,83,573.67358,Good,5528082,100.0
0.1,MLST.klebsiella.45,84,573.67364,Good,5537361,99.7
4.8,MLST.klebsiella.278,279,573.7220,Good,5576435,100.0
0.3,MLST.klebsiella.11,227,573.20453,Good,5688444,100.0
0.3,MLST.klebsiella.323,246,573.20475,Good,5855807,100.0
23.5,MLST.klebsiella.2449,1876,573.20488,Poor,6136763,100.0
0.0,MLST.klebsiella.15,133,573.20495,Good,5549645,100.0
0.0,MLST.klebsiella.11,275,573.20499,Good,5629422,100.0
0.3,MLST.klebsiella.15,93,573.20501,Good,5602780,100.0
0.0,MLST.klebsiella.17,88,573.20502,Good,5381273,100.0
0.1,MLST.klebsiella.258,408,573.20518,Good,5792509,100.0
0.0,MLST.klebsiella.29,62,573.20542,Good,5664606,100.0
0.1,MLST.klebsiella.1486,295,573.20567,Good,5507011,100.0
0.0,MLST.klebsiella.774,65,573.20616,Good,5462874,98.3
1.3,MLST.klebsiella.45,243,573.20657,Good,5635805,100.0
0.0,MLST.klebsiella.307,82,573.20675,Good,5469807,100.0
0.0,MLST.klebsiella.11,105,573.20779,Good,5597890,100.0
0.0,MLST.klebsiella.101,131,573.20788,Good,5760258,100.0
1.0,MLST.klebsiella.147,182,573.20801,Good,5668846,100.0
0.3,MLST.klebsiella.336,134,573.20802,Good,5880699,100.0
0.3,MLST.klebsiella.189,240,573.20805,Good,5504703,100.0
0.2,MLST.klebsiella.15,132,573.20809,Good,5718561,100.0
0.0,MLST.klebsiella.101,110,573.20811,Good,5755045,100.0
0.0,MLST.klebsiella.101,101,573.20820,Good,5747489,100.0
1.0,MLST.klebsiella.405,422,573.20992,Good,5575637,100.0
0.0,MLST.klebsiella.416,188,573.21012,Good,5786419,99.3
0.0,MLST.klebsiella.1236,66,573.21015,Good,5382461,99.7
0.5,MLST.klebsiella.86,48,573.21093,Good,5363588,100.0
0.3,MLST.klebsiella.37,58,573.21104,Good,5367114,100.0
22.0,MLST.klebsiella.14,1427,573.21119,Poor,5942318,100.0
9.6,MLST.klebsiella.882,525,573.21120,Good,5636382,100.0
0.3,MLST.klebsiella.405,119,573.21124,Good,5792880,100.0
0.3,MLST.klebsiella.392,90,573.21133,Good,5718558,100.0
1.3,MLST.klebsiella.147,108,573.21135,Good,5793710,100.0
0.3,MLST.klebsiella.3676,57,573.21157,Good,5334518,100.0
0.7,MLST.klebsiella.395,178,573.21191,Good,5762163,100.0
0.7,MLST.klebsiella.147,311,573.21202,Good,5543750,100.0
0.0,MLST.klebsiella.11,72,573.21221,Good,5549678,100.0
0.0,MLST.klebsiella.17,77,573.21243,Good,5448321,100.0
0.0,MLST.klebsiella.1228,43,573.21245,Good,5215198,100.0
0.0,MLST.klebsiella.15,126,573.21249,Good,5795716,100.0
4.0,MLST.klebsiella.504,475,573.21258,Good,5664105,100.0
0.0,MLST.klebsiella.15,110,573.21277,Good,5563023,100.0
0.0,MLST.klebsiella.15,66,573.21289,Good,5411170,100.0
0.0,MLST.klebsiella.258,59,573.21300,Good,5458586,100.0
0.0,MLST.klebsiella.11,102,573.21325,Good,5505133,100.0
0.3,MLST.klebsiella.11,73,573.21327,Good,5570459,100.0
0.0,MLST.klebsiella.11,95,573.21328,Good,5562546,100.0
0.7,MLST.klebsiella.3649,67,573.21350,Good,5501236,100.0
0.3,MLST.klebsiella.147,38,573.21354,Good,5402545,100.0
0.0,MLST.klebsiella.307,93,573.21359,Good,5602628,100.0
0.3,MLST.klebsiella.11,101,573.21369,Good,5580027,99.7
0.0,MLST.klebsiella.11,58,573.21376,Good,5487834,100.0
0.0,MLST.klebsiella.11,104,573.21382,Good,5615400,100.0
0.3,MLST.klebsiella.340,116,573.21406,Good,5326374,100.0
0.3,MLST.klebsiella.1333,48,573.21409,Good,5449490,100.0
0.0,MLST.klebsiella.17,121,573.21416,Good,5514514,99.7
0.0,MLST.klebsiella.11,57,573.21420,Good,5456464,100.0
0.0,MLST.klebsiella.11,68,573.21422,Good,5574095,100.0
1.0,MLST.klebsiella.661,259,573.21424,Good,5687576,100.0
0.0,MLST.klebsiella.3650,151,573.21436,Good,5459861,100.0
0.0,MLST.klebsiella.309,62,573.21441,Good,5414553,99.7
0.0,MLST.klebsiella.152,119,573.21453,Good,5636968,99.7
0.3,MLST.klebsiella.392,72,573.21455,Good,5514379,100.0
0.0,MLST.klebsiella.101,48,573.21465,Good,5301349,100.0
0.0,MLST.klebsiella.16,52,573.21468,Good,5403672,100.0
0.0,MLST.klebsiella.258,110,573.21469,Good,5449640,100.0
0.3,MLST.klebsiella.405,65,573.21478,Good,5789296,100.0
0.3,MLST.klebsiella.3640,94,573.21498,Good,5511545,100.0
0.3,MLST.klebsiella.307,84,573.21499,Good,5479685,100.0
0.0,MLST.klebsiella.512,88,573.21521,Good,5550782,100.0
0.0,MLST.klebsiella.258,72,573.21526,Good,5574775,100.0
0.0,MLST.klebsiella.133,77,573.21530,Good,5464158,100.0
1.4,MLST.klebsiella.377,105,573.21560,Good,5650344,100.0
0.0,MLST.klebsiella.3642,86,573.21568,Good,5515585,100.0
0.0,MLST.klebsiella.258,111,573.21575,Good,5602567,100.0
0.0,MLST.klebsiella.15,82,573.21582,Good,5506225,100.0
0.3,MLST.klebsiella.831,42,573.21583,Good,5519375,100.0
0.0,MLST.klebsiella.512,153,573.21592,Good,5856598,100.0
0.3,MLST.klebsiella.15,94,573.21598,Good,5620403,100.0
0.0,MLST.klebsiella.512,117,573.21599,Good,5663188,100.0
0.0,MLST.klebsiella.512,115,573.21603,Good,5665722,100.0
0.7,MLST.klebsiella.280,62,573.21605,Good,5441691,100.0
0.0,MLST.klebsiella.45,53,573.21610,Good,5343771,100.0
0.0,MLST.klebsiella.337,87,573.21611,Good,5314862,100.0
0.0,MLST.klebsiella.39,65,573.21616,Good,5512070,100.0
0.0,MLST.klebsiella.258,107,573.21631,Good,5681294,100.0
0.0,MLST.klebsiella.36,34,573.21634,Good,5356849,100.0
0.0,MLST.klebsiella.15,99,573.21640,Good,5872571,100.0
0.3,MLST.klebsiella.147,58,573.21664,Good,5458422,100.0
0.7,MLST.klebsiella.1412,72,573.21666,Good,5373695,100.0
0.0,MLST.klebsiella.274,101,573.21693,Good,5837008,100.0
0.0,MLST.klebsiella.274,93,573.21704,Good,5840247,100.0
0.0,MLST.klebsiella.15,112,573.21706,Good,5767741,100.0
0.0,MLST.klebsiella.20,106,573.21716,Good,5446591,100.0
0.0,MLST.klebsiella.512,139,573.21725,Good,5711094,100.0
0.3,MLST.klebsiella.512,113,573.21729,Good,5661847,100.0
13.7,MLST.klebsiella.512,978,573.21741,Poor,6005791,100.0
1.0,MLST.klebsiella.14,400,573.21748,Good,5622584,100.0
0.0,MLST.klebsiella.512,133,573.21756,Good,5685225,100.0
0.0,MLST.klebsiella.512,140,573.21758,Good,5714326,100.0
1.0,MLST.klebsiella.461,216,573.21759,Good,5878763,100.0
0.3,MLST.klebsiella.36,62,573.21763,Good,5555168,100.0
0.7,MLST.klebsiella.3660,107,573.21770,Good,5556608,100.0
0.0,MLST.klebsiella.512,155,573.21779,Good,5727907,100.0
0.3,MLST.klebsiella.20,251,573.21792,Good,5460671,100.0
0.0,MLST.klebsiella.512,143,573.21796,Good,5707743,100.0
0.0,MLST.klebsiella.512,144,573.21803,Good,5703339,100.0
0.0,MLST.klebsiella.258,93,573.21814,Good,5511644,100.0
0.7,MLST.klebsiella.133,99,573.21818,Good,5546666,100.0
0.3,MLST.klebsiella.23,49,573.21822,Good,5603340,100.0
0.0,MLST.klebsiella.1013,47,573.21827,Good,5427787,100.0
0.0,MLST.klebsiella.17,42,573.21828,Good,5553180,100.0
0.0,MLST.klebsiella.902,65,573.21834,Good,5511745,100.0
0.0,MLST.klebsiella.512,117,573.21837,Good,5532202,100.0
0.0,MLST.klebsiella.512,155,573.21840,Good,5720223,100.0
0.7,MLST.klebsiella.512,336,573.21851,Good,5816888,100.0
7.9,MLST.klebsiella.512,564,573.21867,Good,5754541,100.0
0.3,MLST.klebsiella.11,152,573.21877,Good,5687942,100.0
0.0,MLST.klebsiella.512,332,573.21884,Good,5788883,100.0
0.3,MLST.klebsiella.512,135,573.21903,Good,5723357,100.0
0.7,MLST.klebsiella.512,181,573.21905,Good,5724999,100.0
0.0,MLST.klebsiella.512,76,573.21912,Good,5503679,100.0
9.4,MLST.klebsiella.512,784,573.21913,Good,5887647,100.0
3.9,MLST.klebsiella.258,335,573.21924,Good,5748714,100.0
0.0,MLST.klebsiella.17,67,573.21928,Good,5469114,100.0
2.0,MLST.klebsiella.10,153,573.21929,Good,5685577,100.0
0.0,MLST.klebsiella.11,105,573.21948,Good,5556268,100.0
0.0,MLST.klebsiella.15,102,573.21960,Good,5650498,100.0
0.3,MLST.klebsiella.11,322,573.21964,Good,5640500,100.0
16.9,MLST.klebsiella.15,1263,573.22018,Poor,6078623,100.0
0.0,MLST.klebsiella.15,99,573.22020,Good,5670532,100.0
0.3,MLST.klebsiella.15,130,573.22024,Good,5658312,100.0
0.0,MLST.klebsiella.45,66,573.22044,Good,5513573,100.0
0.7,MLST.klebsiella.65,77,573.22045,Good,5369612,100.0
0.0,MLST.klebsiella.37,122,573.22056,Good,5691636,99.9
0.0,MLST.klebsiella.35,67,573.22064,Good,5534411,100.0
0.3,MLST.klebsiella.104,74,573.22066,Good,5550092,100.0
0.0,MLST.klebsiella.512,121,573.31602,Good,5736203,99.78
0.22,MLST.klebsiella.512,78,573.31607,Good,5741799,99.78
0.0,MLST.klebsiella.512,128,573.31608,Good,5835755,99.78
0.0,MLST.klebsiella.11,149,573.46330,Good,5545793,99.78
0.0,MLST.klebsiella.11,164,573.46366,Good,5520851,99.78
0.0,MLST.klebsiella.11,168,573.46367,Good,5511211,99.78
0.0,MLST.klebsiella.11,159,573.46372,Good,5514619,99.78
0.0,MLST.klebsiella.11,168,573.46376,Good,5515944,99.78
0.0,MLST.klebsiella.11,153,573.46387,Good,5540672,99.78
0.0,MLST.klebsiella.11,158,573.46399,Good,5712770,99.78
0.0,MLST.klebsiella.512,170,573.14773,Good,5777279,100.0
0.3,MLST.klebsiella.258,161,573.14780,Good,5547773,100.0
0.0,MLST.klebsiella.258,148,573.14781,Good,5645599,100.0
0.0,MLST.klebsiella.258,141,573.14784,Good,5466048,100.0
0.0,MLST.klebsiella.512,229,573.14791,Good,5873115,100.0
0.7,MLST.klebsiella.11,276,573.15223,Good,5769886,100.0
6.7,MLST.Klebsiella_pneumoniae.512,163,573.15059,Good,6127188,100.0
13.5,MLST.klebsiella.37,1084,573.20674,Poor,5915366,100.0
1.7,MLST.klebsiella.5,148,573.20679,Good,5542413,100.0
1.1,MLST.klebsiella.968,95,573.20702,Good,5202213,100.0
3.3,MLST.klebsiella.13,277,573.20758,Good,5445120,99.7
1.0,MLST.klebsiella.101,187,573.20795,Good,5707159,100.0
0.0,MLST.klebsiella.101,177,573.20887,Good,5781356,100.0
0.0,MLST.klebsiella.340,128,573.20908,Good,5619247,100.0
0.3,MLST.klebsiella.437,95,573.20947,Good,5839931,100.0
0.0,MLST.klebsiella.35,47,573.20957,Good,5514632,100.0
0.0,MLST.klebsiella.15,91,573.20970,Good,5721833,100.0
0.0,MLST.klebsiella.340,112,573.20976,Good,5611454,100.0
0.0,MLST.klebsiella.485,60,573.20981,Good,5254413,99.7
0.7,MLST.klebsiella.437,75,573.20985,Good,5508613,100.0
0.7,MLST.klebsiella.485,52,573.21022,Good,5351298,100.0
0.0,MLST.klebsiella.37,57,573.65890,Good,5394192,100.0
0.0,,77,573.65891,Good,5514187,100.0
0.0,,66,573.66056,Good,5231162,95.8
0.11,MLST.klebsiella.14,192,573.23965,Good,5825188,99.78
0.22,MLST.klebsiella.307,105,573.28627,Good,5481253,99.78
0.0,MLST.klebsiella.394,74,573.65928,Good,5507788,99.8
0.2,MLST.klebsiella.685,75,573.65935,Good,5499012,100.0
0.1,MLST.klebsiella.461,258,573.65972,Good,5766651,100.0
0.0,MLST.klebsiella.25,82,573.65988,Good,5442204,100.0
0.0,MLST.klebsiella.25,109,573.65999,Good,5534372,99.7
0.0,MLST.klebsiella.22,77,573.66013,Good,5590188,100.0
0.1,MLST.klebsiella.896,82,573.66031,Good,5491345,100.0
0.0,MLST.klebsiella.20,90,573.66074,Good,5466290,99.8
0.0,MLST.klebsiella.4733,59,573.66092,Good,5283103,100.0
1.2,MLST.klebsiella.4733,344,573.66096,Good,5312559,98.8
0.0,MLST.klebsiella.23,59,573.67346,Good,5496272,100.0
0.0,MLST.klebsiella.20,63,573.67349,Good,5317583,100.0
0.2,MLST.klebsiella.101,101,573.67354,Good,5658157,100.0
0.0,MLST.klebsiella.11,99,573.67356,Good,5604676,100.0
0.0,MLST.klebsiella.16,115,573.67360,Good,5592542,100.0
0.0,MLST.klebsiella.11,89,573.67363,Good,5437459,100.0
0.0,MLST.klebsiella.20,136,573.67692,Good,5538141,100.0
0.3,MLST.klebsiella.278,117,573.7219,Good,5575333,100.0
0.3,MLST.klebsiella.11,163,573.20452,Good,5684652,100.0
0.0,MLST.klebsiella.307,117,573.20460,Good,5580730,100.0
0.0,MLST.klebsiella.258,134,573.20463,Good,5637183,100.0
0.3,MLST.klebsiella.383,124,573.20472,Good,5870608,100.0
0.3,MLST.klebsiella.437,82,573.20476,Good,5457428,100.0
0.0,MLST.klebsiella.30,73,573.20477,Good,5393962,100.0
0.7,MLST.klebsiella.617,76,573.20484,Good,5336958,100.0
0.0,MLST.klebsiella.307,72,573.20496,Good,5269351,100.0
0.0,MLST.klebsiella.258,121,573.20516,Good,5671879,100.0
0.1,MLST.klebsiella.258,135,573.20603,Good,5679805,100.0
1.7,MLST.klebsiella.870,73,573.20614,Good,5262793,100.0
1.3,MLST.klebsiella.101,102,573.20628,Good,5634018,100.0
0.0,MLST.klebsiella.11,108,573.20671,Good,5623900,100.0
0.2,MLST.klebsiella.15,151,573.20784,Good,5763076,100.0
0.2,MLST.klebsiella.15,118,573.20796,Good,5728773,100.0
0.0,MLST.klebsiella.101,127,573.20798,Good,5749603,100.0
0.0,MLST.klebsiella.11,158,573.20808,Good,5294343,100.0
0.3,MLST.klebsiella.101,114,573.20917,Good,5788773,100.0
0.3,MLST.klebsiella.437,85,573.21003,Good,5407005,100.0
0.0,MLST.klebsiella.307,76,573.21024,Good,5424766,100.0
1.1,MLST.klebsiella.15,242,573.21030,Good,5657460,100.0
0.3,MLST.klebsiella.405,68,573.21036,Good,5682609,100.0
0.3,MLST.klebsiella.405,66,573.21043,Good,5646803,100.0
0.0,MLST.klebsiella.101,60,573.21048,Good,5481968,100.0
0.0,MLST.klebsiella.3639,67,573.21051,Good,5464200,100.0
0.3,MLST.klebsiella.101,121,573.21056,Good,5634473,100.0
0.7,MLST.klebsiella.512,179,573.21061,Good,5703831,100.0
0.0,MLST.klebsiella.512,137,573.21062,Good,5693904,100.0
0.3,MLST.klebsiella.405,81,573.21070,Good,5785317,100.0
0.3,MLST.klebsiella.101,92,573.21072,Good,5623007,100.0
0.3,MLST.klebsiella.147,89,573.21084,Good,5732289,100.0
0.0,MLST.klebsiella.340,129,573.21087,Good,5602647,100.0
0.4,MLST.klebsiella.48,134,573.21105,Good,5419488,100.0
0.0,MLST.klebsiella.160,82,573.21134,Good,5432228,100.0
1.7,MLST.klebsiella.383,247,573.21138,Good,5884844,100.0
2.3,MLST.klebsiella.14,238,573.21142,Good,5784903,100.0
0.0,MLST.klebsiella.1942,81,573.21154,Good,5743551,100.0
0.3,MLST.klebsiella.3680,78,573.21190,Good,5488232,100.0
0.0,MLST.klebsiella.420,67,573.21192,Good,5572945,99.7
0.3,MLST.klebsiella.101,63,573.21203,Good,5507754,100.0
0.1,MLST.klebsiella.14,112,573.21223,Good,5794128,100.0
0.0,MLST.klebsiella.11,370,573.21224,Good,5623066,100.0
0.2,MLST.klebsiella.1243,65,573.21225,Good,5501330,99.7
1.0,MLST.klebsiella.86,81,573.21227,Good,5606062,100.0
0.0,MLST.klebsiella.530,68,573.21242,Good,5460809,100.0
1.0,MLST.klebsiella.525,295,573.21251,Good,5811165,100.0
0.0,MLST.klebsiella.101,99,573.21255,Good,5547809,100.0
0.0,MLST.klebsiella.101,104,573.21267,Good,5632830,100.0
0.0,MLST.klebsiella.15,112,573.21268,Good,5764372,100.0
0.0,MLST.klebsiella.1207,64,573.21278,Good,5398678,100.0
1.0,MLST.klebsiella.45,208,573.21287,Good,5577419,100.0
0.3,MLST.klebsiella.294,30,573.21298,Good,5214926,100.0
0.0,MLST.klebsiella.11,47,573.21308,Good,5538183,100.0
0.0,MLST.klebsiella.17,69,573.21312,Good,5469256,100.0
0.7,MLST.klebsiella.11,115,573.21321,Good,5559170,100.0
0.0,MLST.klebsiella.11,104,573.21331,Good,5568533,100.0
0.0,MLST.klebsiella.11,86,573.21339,Good,5548304,100.0
0.0,MLST.klebsiella.11,118,573.21342,Good,5669112,100.0
0.3,MLST.klebsiella.45,70,573.21368,Good,5433161,99.3
0.0,MLST.klebsiella.11,73,573.21371,Good,5517647,99.7
0.7,MLST.klebsiella.3674,57,573.21377,Good,5517061,100.0
0.0,MLST.klebsiella.258,137,573.21381,Good,5681455,100.0
0.0,MLST.klebsiella.11,69,573.21387,Good,5475842,100.0
0.0,MLST.klebsiella.11,66,573.21412,Good,5478195,100.0
0.0,MLST.klebsiella.152,70,573.21446,Good,5464883,99.7
0.3,MLST.klebsiella.147,50,573.21448,Good,5499346,100.0
0.0,MLST.klebsiella.16,64,573.21463,Good,5497563,100.0
0.0,MLST.klebsiella.101,100,573.21467,Good,5710070,100.0
0.0,MLST.klebsiella.307,92,573.21487,Good,5574356,100.0
0.0,MLST.klebsiella.1082,99,573.21504,Good,5445503,100.0
0.3,MLST.klebsiella.437,84,573.21513,Good,5410348,100.0
0.0,MLST.klebsiella.292,61,573.21515,Good,5335847,100.0
1.0,MLST.klebsiella.147,148,573.21525,Good,5631983,100.0
0.0,MLST.klebsiella.299,106,573.21529,Good,5194144,99.3
0.0,MLST.klebsiella.512,112,573.21532,Good,5609382,100.0
0.3,MLST.klebsiella.3654,52,573.21533,Good,5288354,100.0
0.0,MLST.klebsiella.512,108,573.21534,Good,5609121,100.0
0.0,MLST.klebsiella.15,92,573.21538,Good,5520407,100.0
0.0,MLST.klebsiella.258,137,573.21548,Good,5800959,100.0
0.0,MLST.klebsiella.258,114,573.21564,Good,5682239,100.0
0.7,MLST.klebsiella.11,88,573.21569,Good,5636338,100.0
0.0,MLST.klebsiella.11,68,573.21570,Good,5630723,100.0
0.0,MLST.klebsiella.530,98,573.21574,Good,5616746,100.0
0.3,MLST.klebsiella.3643,68,573.21580,Good,5510292,100.0
0.3,MLST.klebsiella.512,138,573.21604,Good,5716033,100.0
0.1,MLST.klebsiella.512,181,573.21620,Good,5677433,100.0
0.3,MLST.klebsiella.1418,317,573.21623,Good,5605258,100.0
0.0,MLST.klebsiella.107,142,573.21625,Good,5244222,100.0
0.0,MLST.klebsiella.11,78,573.21629,Good,5672226,100.0
0.0,MLST.klebsiella.307,91,573.21638,Good,5459803,100.0
0.7,MLST.klebsiella.258,130,573.21653,Good,5674888,100.0
0.0,MLST.klebsiella.512,132,573.21655,Good,5711342,100.0
0.0,MLST.klebsiella.39,85,573.21656,Good,5543662,100.0
0.0,MLST.klebsiella.307,95,573.21657,Good,5645443,100.0
0.0,MLST.klebsiella.307,64,573.21665,Good,5424515,100.0
0.0,MLST.klebsiella.336,57,573.21674,Good,5421387,100.0
0.0,MLST.klebsiella.395,85,573.21677,Good,5558041,100.0
0.0,MLST.klebsiella.348,64,573.21683,Good,5352042,100.0
0.0,MLST.klebsiella.512,113,573.21697,Good,5652188,100.0
0.0,MLST.klebsiella.274,97,573.21708,Good,5834959,100.0
0.0,MLST.klebsiella.512,94,573.21718,Good,5655304,100.0
0.0,MLST.klebsiella.512,112,573.21723,Good,5629631,100.0
0.0,MLST.klebsiella.512,119,573.21724,Good,5817333,100.0
0.0,MLST.klebsiella.628,78,573.21740,Good,5473787,100.0
0.0,MLST.klebsiella.45,53,573.21761,Good,5453828,100.0
0.0,MLST.klebsiella.471,84,573.21777,Good,5538361,100.0
0.3,MLST.klebsiella.514,84,573.21784,Good,5671068,100.0
0.0,MLST.klebsiella.512,141,573.21785,Good,5728093,100.0
0.0,MLST.klebsiella.512,120,573.21791,Good,5670551,100.0
0.0,MLST.klebsiella.258,110,573.21813,Good,5627222,99.7
0.0,MLST.klebsiella.258,154,573.21819,Good,5533554,100.0
2.0,MLST.klebsiella.512,209,573.21836,Good,5705375,100.0
0.0,MLST.klebsiella.512,233,573.21843,Good,5830784,100.0
0.0,MLST.klebsiella.512,108,573.21862,Good,5685742,100.0
0.0,MLST.klebsiella.512,167,573.21864,Good,5712309,100.0
0.0,MLST.klebsiella.258,100,573.21874,Good,5517797,100.0
1.0,MLST.klebsiella.35,243,573.21878,Good,5671108,100.0
0.0,MLST.klebsiella.512,249,573.21881,Good,5730077,100.0
22.7,MLST.klebsiella.512,1677,573.21882,Poor,6218866,100.0
1.0,MLST.klebsiella.86,58,573.21886,Good,5371754,100.0
0.0,MLST.klebsiella.258,112,573.21889,Good,5644808,100.0
0.0,MLST.klebsiella.512,162,573.21890,Good,5743021,100.0
19.9,MLST.klebsiella.512,1267,573.21891,Poor,6068804,100.0
0.0,MLST.klebsiella.466,45,573.21897,Good,5531762,100.0
0.0,MLST.klebsiella.45,71,573.21906,Good,5321235,100.0
0.0,MLST.klebsiella.512,134,573.21920,Good,5681422,100.0
0.0,MLST.klebsiella.15,75,573.21949,Good,5574227,100.0
0.0,MLST.klebsiella.45,60,573.21961,Good,5536886,100.0
0.0,MLST.klebsiella.11,82,573.21967,Good,5572864,100.0
0.3,MLST.klebsiella.405,74,573.21980,Good,5783396,100.0
0.0,MLST.klebsiella.11,106,573.21997,Good,5383266,100.0
0.0,MLST.klebsiella.15,83,573.21999,Good,5611283,100.0
0.3,MLST.klebsiella.405,70,573.22034,Good,5638849,100.0
0.7,MLST.klebsiella.65,102,573.22040,Good,5408767,100.0
0.3,MLST.klebsiella.392,111,573.22047,Good,5475608,100.0
0.0,MLST.klebsiella.33,104,573.22054,Good,5512759,99.7
0.0,MLST.klebsiella.326,136,573.22061,Good,5687226,100.0
0.0,MLST.klebsiella.215,63,573.22079,Good,5660633,100.0
1.0,MLST.klebsiella.13,54,573.22082,Good,5385722,99.7
0.0,MLST.klebsiella.258,118,573.22083,Good,5654169,100.0
0.3,MLST.klebsiella.104,135,573.22086,Good,5523336,100.0
0.0,MLST.klebsiella.45,113,573.22088,Good,5440623,100.0
0.0,MLST.klebsiella.101,342,573.22094,Good,5792313,100.0
0.22,MLST.klebsiella.258,216,573.31601,Good,5811404,99.78
0.66,MLST.klebsiella.512,148,573.31605,Good,5761125,99.78
0.0,MLST.klebsiella.512,118,573.31611,Good,5838580,99.78
0.0,MLST.klebsiella.11,126,573.46325,Good,5414410,99.78
0.0,MLST.klebsiella.11,180,573.46347,Good,5701151,99.78
0.0,MLST.klebsiella.11,166,573.46357,Good,5519650,99.78
0.0,MLST.klebsiella.11,168,573.46380,Good,5662944,99.78
0.0,MLST.klebsiella.11,157,573.46381,Good,5533649,99.78
0.0,MLST.klebsiella.11,170,573.46383,Good,5515870,99.78
0.0,MLST.klebsiella.11,152,573.46384,Good,5547137,99.78
0.0,MLST.klebsiella.11,157,573.46385,Good,5542503,99.78
0.0,MLST.klebsiella.11,147,573.46394,Good,5504069,99.78
0.0,MLST.klebsiella.11,160,573.46415,Good,5539315,99.78
0.3,MLST.klebsiella.278,5,573.1922,Good,5690900,100.0
0.3,MLST.klebsiella.1,98,573.20672,Good,5744056,100.0
0.3,MLST.klebsiella.45,220,573.20673,Good,5485641,100.0
0.3,MLST.klebsiella.3683,127,573.20686,Good,5539813,100.0
11.1,MLST.klebsiella.37,621,573.20703,Poor,5628259,100.0
15.3,MLST.klebsiella.15,1112,573.20708,Poor,5734759,100.0
0.4,MLST.klebsiella.3132,195,573.20715,Good,5466913,96.6
0.3,MLST.klebsiella.101,57,573.20720,Good,5544051,100.0
0.3,MLST.klebsiella.147,119,573.20744,Good,5675016,100.0
3.9,MLST.klebsiella.258,393,573.20761,Good,5852819,100.0
0.0,MLST.klebsiella.101,143,573.20834,Good,5760027,100.0
7.0,MLST.klebsiella.336,510,573.20838,Good,5990132,100.0
0.2,MLST.klebsiella.15,146,573.20842,Good,5763345,100.0
0.3,MLST.klebsiella.73,155,573.20847,Good,5649617,99.7
1.0,MLST.klebsiella.147,150,573.20848,Good,5654744,100.0
1.7,MLST.klebsiella.3393,154,573.20862,Good,5450091,100.0
1.4,MLST.klebsiella.3681,239,573.20868,Good,5627856,100.0
0.3,MLST.klebsiella.437,97,573.20875,Good,5615340,100.0
0.0,MLST.klebsiella.14,50,573.20879,Good,5370136,100.0
24.4,MLST.klebsiella.4062,1814,573.20918,Poor,6353542,100.0
0.7,MLST.klebsiella.101,197,573.20922,Good,5871241,100.0
1.3,MLST.klebsiella.340,306,573.20933,Good,5715526,100.0
0.0,MLST.klebsiella.15,160,573.20942,Good,5692935,100.0
0.0,MLST.klebsiella.322,369,573.20949,Good,5426785,100.0
0.3,MLST.klebsiella.437,97,573.20956,Good,5840357,100.0
0.0,MLST.klebsiella.1574,96,573.20965,Good,5578244,100.0
0.0,MLST.klebsiella.101,98,573.20993,Good,5752363,100.0
0.0,MLST.klebsiella.3681,105,573.65876,Good,5461299,100.0
0.0,MLST.klebsiella.25,102,573.65892,Good,5471077,99.4
0.0,MLST.klebsiella.200,49,573.67672,Good,5107595,100.0
3.44,,1026,573.46388,Poor,6339233,99.78
0.0,,170,573.65950,Good,5730086,99.8
1.75,MLST.klebsiella.147,232,573.23970,Good,5700441,99.78
0.11,MLST.klebsiella.11,165,573.27324,Good,5729339,99.67
0.11,MLST.klebsiella.11,156,573.27328,Good,5790605,99.78
0.0,MLST.klebsiella.101,63,573.65902,Good,5344569,100.0
0.1,MLST.klebsiella.4007,66,573.65906,Good,5382809,99.7
0.0,MLST.klebsiella.211,188,573.65915,Good,5288525,99.8
0.0,MLST.klebsiella.966,113,573.65921,Good,5439181,99.8
0.0,MLST.klebsiella.896,87,573.65923,Good,5522179,99.7
0.0,MLST.klebsiella.412,160,573.65924,Good,5449915,100.0
0.0,MLST.klebsiella.37,77,573.65925,Good,5345086,100.0
0.0,MLST.klebsiella.101,55,573.65933,Good,5360828,100.0
0.0,MLST.klebsiella.896,110,573.65936,Good,5309099,99.7
0.0,MLST.klebsiella.12,118,573.65951,Good,5865221,100.0
0.1,MLST.klebsiella.15,95,573.65955,Good,5416303,100.0
0.0,MLST.klebsiella.268,92,573.65969,Good,5659659,100.0
0.0,MLST.klebsiella.584,75,573.65980,Good,5330737,99.9
0.3,MLST.klebsiella.25,218,573.65992,Good,5403266,99.9
0.0,MLST.klebsiella.25,95,573.66000,Good,5557451,100.0
0.0,MLST.klebsiella.15,83,573.66006,Good,5271529,100.0
0.1,MLST.klebsiella.20,81,573.66018,Good,5433330,100.0
0.0,MLST.klebsiella.5112,100,573.66023,Good,5506183,100.0
0.1,MLST.klebsiella.15,122,573.66025,Good,5475977,99.2
0.0,MLST.klebsiella.466,131,573.66042,Good,5575947,100.0
0.0,MLST.klebsiella.29,68,573.66052,Good,5512456,100.0
0.0,MLST.klebsiella.17,75,573.66094,Good,5762803,100.0
0.0,MLST.klebsiella.997,37,573.67344,Good,5179375,100.0
0.0,MLST.klebsiella.11,91,573.67361,Good,5443075,100.0
0.0,MLST.klebsiella.247,77,573.67682,Good,5332629,100.0
0.3,MLST.klebsiella.35,98,573.20449,Good,5488605,100.0
0.3,MLST.klebsiella.104,64,573.20455,Good,5483203,100.0
0.0,MLST.klebsiella.258,155,573.20459,Good,5691243,100.0
0.0,MLST.klebsiella.258,94,573.20461,Good,5554858,100.0
0.3,MLST.klebsiella.11,94,573.20470,Good,5645017,100.0
0.0,MLST.klebsiella.307,121,573.20479,Good,5531104,100.0
2.7,MLST.klebsiella.45,129,573.20487,Good,5579880,100.0
20.5,MLST.klebsiella.45,1561,573.20497,Poor,6092815,99.3
0.0,MLST.klebsiella.2451,59,573.20508,Good,5379760,100.0
0.0,MLST.klebsiella.14,76,573.20523,Good,5611112,100.0
0.3,MLST.klebsiella.37,46,573.20526,Good,5385304,100.0
0.0,MLST.klebsiella.45,85,573.20529,Good,5534239,99.7
0.3,MLST.klebsiella.231,67,573.20541,Good,5391334,100.0
0.7,MLST.klebsiella.101,105,573.20544,Good,5683989,100.0
0.3,MLST.klebsiella.405,81,573.20545,Good,5781805,100.0
2.3,MLST.klebsiella.461,273,573.20604,Good,6134563,100.0
0.3,MLST.klebsiella.11,89,573.20611,Good,5644337,100.0
0.0,MLST.klebsiella.258,132,573.20613,Good,5678089,100.0
0.3,MLST.klebsiella.307,104,573.20670,Good,5597983,100.0
0.0,MLST.klebsiella.3682,54,573.20775,Good,5306650,100.0
0.0,MLST.klebsiella.15,106,573.20799,Good,5585155,99.7
0.3,MLST.klebsiella.147,383,573.20810,Good,5586555,100.0
0.0,MLST.klebsiella.101,97,573.20816,Good,5746218,100.0
0.0,MLST.klebsiella.15,90,573.20994,Good,5678573,100.0
0.0,MLST.klebsiella.307,75,573.21007,Good,5399658,100.0
0.7,MLST.klebsiella.14,135,573.21017,Good,5481009,100.0
0.0,MLST.klebsiella.258,73,573.21018,Good,5561602,100.0
0.0,MLST.klebsiella.15,77,573.21020,Good,5474447,100.0
0.3,MLST.klebsiella.405,71,573.21035,Good,5727523,100.0
0.3,MLST.klebsiella.15,86,573.21039,Good,5433499,100.0
0.3,MLST.klebsiella.1145,38,573.21045,Good,5415768,100.0
0.0,MLST.klebsiella.25,89,573.21053,Good,5588132,100.0
0.0,MLST.klebsiella.512,136,573.21076,Good,5694571,100.0
0.3,MLST.klebsiella.405,67,573.21091,Good,5637980,100.0
6.1,MLST.klebsiella.340,759,573.21096,Good,5801656,100.0
0.0,MLST.klebsiella.45,229,573.21111,Good,5856081,100.0
16.5,MLST.klebsiella.873,1092,573.21113,Poor,5925849,100.0
0.7,MLST.klebsiella.200,40,573.21123,Good,5058919,100.0
0.0,MLST.klebsiella.985,100,573.21126,Good,5548897,100.0
0.0,MLST.klebsiella.101,243,573.21136,Good,5763615,100.0
0.0,MLST.klebsiella.14,143,573.21140,Good,5747252,100.0
0.0,MLST.klebsiella.101,141,573.21143,Good,5702095,100.0
0.0,MLST.klebsiella.345,91,573.21156,Good,5409486,100.0
0.3,MLST.klebsiella.294,59,573.21169,Good,5511716,100.0
0.3,MLST.klebsiella.392,87,573.21170,Good,5485304,100.0
0.3,MLST.klebsiella.294,69,573.21177,Good,5524743,100.0
0.7,MLST.klebsiella.395,158,573.21184,Good,5814559,100.0
0.0,MLST.klebsiella.25,109,573.21199,Good,5615482,99.7
0.0,MLST.klebsiella.512,75,573.21231,Good,5576163,100.0
0.0,MLST.klebsiella.17,48,573.21240,Good,5538392,100.0
0.4,MLST.klebsiella.29,235,573.21244,Good,5638428,100.0
0.3,MLST.klebsiella.525,44,573.21252,Good,5634271,100.0
0.7,MLST.klebsiella.107,100,573.21256,Good,5656530,100.0
0.3,MLST.klebsiella.23,82,573.21269,Good,5773799,100.0
0.3,MLST.klebsiella.23,60,573.21270,Good,5607003,100.0
0.3,MLST.klebsiella.299,146,573.21284,Good,5715882,100.0
0.0,MLST.klebsiella.25,60,573.21318,Good,5498115,100.0
0.7,MLST.klebsiella.42,67,573.21323,Good,5590268,100.0
0.0,MLST.klebsiella.11,99,573.21329,Good,5554239,100.0
0.0,MLST.klebsiella.11,101,573.21338,Good,5567552,100.0
0.3,MLST.klebsiella.3648,70,573.21351,Good,5563918,100.0
0.0,MLST.klebsiella.11,74,573.21352,Good,5452600,100.0
0.0,MLST.klebsiella.512,137,573.21362,Good,5729222,100.0
0.0,MLST.klebsiella.15,69,573.21374,Good,5472055,100.0
0.1,MLST.klebsiella.11,102,573.21378,Good,5560208,100.0
0.0,MLST.klebsiella.11,102,573.21391,Good,5608613,100.0
0.0,MLST.klebsiella.323,92,573.21398,Good,5580562,100.0
0.0,MLST.klebsiella.152,112,573.21449,Good,5517173,99.7
0.0,MLST.klebsiella.15,118,573.21462,Good,5732243,100.0
0.0,MLST.klebsiella.11,84,573.21466,Good,5663811,100.0
0.0,MLST.klebsiella.11,72,573.21480,Good,5607105,100.0
0.0,MLST.klebsiella.11,85,573.21484,Good,5545773,100.0
0.0,MLST.klebsiella.307,85,573.21492,Good,5643246,100.0
0.0,MLST.klebsiella.395,104,573.21494,Good,5645284,100.0
0.3,MLST.klebsiella.39,78,573.21496,Good,5492171,100.0
0.0,MLST.klebsiella.17,76,573.21502,Good,5628437,100.0
0.3,MLST.klebsiella.1626,78,573.21518,Good,5459232,100.0
0.0,MLST.klebsiella.873,79,573.21519,Good,5618917,100.0
0.3,MLST.klebsiella.290,69,573.21537,Good,5466458,100.0
0.0,MLST.klebsiella.14,91,573.21542,Good,5690993,97.6
0.0,MLST.klebsiella.25,87,573.21566,Good,5563374,99.0
0.0,MLST.klebsiella.1486,113,573.21579,Good,5266110,100.0
0.0,MLST.klebsiella.395,73,573.21596,Good,5383766,100.0
0.0,MLST.klebsiella.512,137,573.21619,Good,5723026,100.0
0.0,MLST.klebsiella.512,127,573.21643,Good,5627575,100.0
0.3,MLST.klebsiella.111,88,573.21678,Good,5587455,100.0
0.0,MLST.klebsiella.512,117,573.21688,Good,5660764,100.0
0.0,MLST.klebsiella.101,176,573.21691,Good,5850139,100.0
0.0,MLST.klebsiella.274,97,573.21696,Good,5833351,100.0
0.3,MLST.klebsiella.101,56,573.21701,Good,5563960,100.0
0.0,MLST.klebsiella.274,103,573.21702,Good,5837503,100.0
0.0,MLST.klebsiella.274,95,573.21707,Good,5777759,100.0
0.0,MLST.klebsiella.274,97,573.21714,Good,5838982,100.0
0.0,MLST.klebsiella.37,78,573.21719,Good,5524416,100.0
0.0,MLST.klebsiella.15,191,573.21742,Good,5640383,100.0
0.0,MLST.klebsiella.101,193,573.21746,Good,5701219,100.0
0.0,MLST.klebsiella.45,76,573.21751,Good,5580894,100.0
2.7,MLST.klebsiella.1536,208,573.21767,Good,5466544,100.0
0.0,MLST.klebsiella.661,70,573.21793,Good,5369104,100.0
0.0,MLST.klebsiella.258,106,573.21824,Good,5673607,100.0
0.0,MLST.klebsiella.449,55,573.21832,Good,5470411,100.0
1.0,MLST.klebsiella.20,193,573.21838,Good,5809532,100.0
0.8,MLST.klebsiella.278,100,573.21839,Good,5344103,100.0
0.0,MLST.klebsiella.512,292,573.21849,Good,5690867,100.0
0.7,MLST.klebsiella.512,148,573.21850,Good,5675945,100.0
0.0,MLST.klebsiella.307,84,573.21857,Good,5465374,100.0
0.3,MLST.klebsiella.323,98,573.21859,Good,5456366,100.0
0.3,MLST.klebsiella.34,117,573.21861,Good,5313627,100.0
0.0,MLST.klebsiella.15,85,573.21868,Good,5479766,100.0
0.0,MLST.klebsiella.17,193,573.21870,Good,5613390,100.0
0.0,MLST.klebsiella.307,258,573.21872,Good,5684351,100.0
0.0,MLST.klebsiella.258,110,573.21888,Good,5664579,100.0
0.0,MLST.klebsiella.37,55,573.21892,Good,5242232,100.0
0.3,MLST.klebsiella.310,41,573.21895,Good,5218611,100.0
0.3,MLST.klebsiella.3661,76,573.21921,Good,5774524,100.0
0.3,MLST.klebsiella.512,125,573.21931,Good,5656296,100.0
0.3,MLST.klebsiella.163,139,573.21946,Good,5740720,100.0
0.0,MLST.klebsiella.17,53,573.21981,Good,5338859,100.0
0.0,MLST.klebsiella.11,101,573.22005,Good,5765116,100.0
1.0,MLST.klebsiella.253,194,573.22008,Good,5379639,100.0
0.0,MLST.klebsiella.230,133,573.22012,Good,5349513,100.0
0.1,MLST.klebsiella.542,109,573.22028,Good,5449293,100.0
0.0,MLST.klebsiella.3647,85,573.22059,Good,5629556,100.0
0.0,MLST.klebsiella.278,60,573.22070,Good,5461207,100.0
0.3,MLST.klebsiella.437,63,573.22093,Good,5407603,100.0
0.0,MLST.klebsiella.512,217,573.31618,Good,5797135,99.78
0.0,MLST.klebsiella.11,148,573.46329,Good,5522304,99.78
0.0,MLST.klebsiella.11,148,573.46333,Good,5548083,99.78
0.0,MLST.klebsiella.11,174,573.46339,Good,5702391,99.78
0.0,MLST.klebsiella.11,156,573.46341,Good,5517081,99.78
0.0,MLST.klebsiella.11,153,573.46343,Good,5534428,99.78
0.11,MLST.klebsiella.11,159,573.46344,Good,5566773,99.78
0.0,MLST.klebsiella.11,165,573.46358,Good,5521344,99.78
0.0,MLST.klebsiella.11,159,573.46363,Good,5516411,99.78
0.0,MLST.klebsiella.11,161,573.46365,Good,5511920,99.78
0.0,MLST.klebsiella.307,88,573.46369,Good,5443429,99.78
0.0,MLST.klebsiella.11,176,573.46370,Good,5695102,99.78
0.0,MLST.klebsiella.11,185,573.46371,Good,5699268,99.78
0.0,MLST.klebsiella.11,164,573.46403,Good,5514949,99.78
0.0,MLST.klebsiella.182,90,573.46405,Good,5487860,99.78
0.0,MLST.klebsiella.512,235,573.14786,Good,5868041,100.0
0.0,MLST.klebsiella.512,159,573.14795,Good,5879246,100.0
0.0,MLST.klebsiella.258,125,573.14812,Good,5444161,100.0
0.0,MLST.klebsiella.512,199,573.14822,Good,5862536,100.0
17.2,MLST.klebsiella.1380,1115,573.20697,Poor,5695636,100.0
0.0,MLST.klebsiella.922,98,573.20699,Good,5455497,100.0
0.0,MLST.klebsiella.101,94,573.20712,Good,5647898,100.0
1.0,MLST.klebsiella.101,89,573.20732,Good,5629485,100.0
0.3,MLST.klebsiella.101,196,573.20735,Good,5664362,100.0
0.3,MLST.klebsiella.37,154,573.20738,Good,5833410,100.0
0.0,MLST.klebsiella.37,50,573.20746,Good,5507534,100.0
0.0,MLST.klebsiella.395,104,573.20747,Good,5598307,99.7
1.0,MLST.klebsiella.502,66,573.20755,Good,5064247,99.7
3.6,MLST.klebsiella.1408,346,573.20803,Good,5289636,100.0
0.0,MLST.klebsiella.101,102,573.20814,Good,5670044,100.0
0.0,MLST.klebsiella.37,80,573.20831,Good,5482884,100.0
0.3,MLST.klebsiella.17,41,573.20835,Good,5218471,100.0
5.3,MLST.klebsiella.505,437,573.20840,Good,5523804,100.0
0.0,MLST.klebsiella.258,101,573.20858,Good,5764053,100.0
0.3,MLST.klebsiella.437,60,573.20881,Good,5306877,100.0
0.0,MLST.klebsiella.340,153,573.20889,Good,5626962,100.0
0.3,MLST.klebsiella.340,310,573.20890,Good,5697325,100.0
0.0,MLST.klebsiella.101,207,573.20891,Good,5954323,100.0
0.0,MLST.klebsiella.29,170,573.20900,Good,5749224,100.0
0.0,MLST.klebsiella.340,141,573.20901,Good,5573298,100.0
0.0,MLST.klebsiella.101,286,573.20931,Good,5724966,100.0
0.2,MLST.klebsiella.15,138,573.20974,Good,5737071,100.0
0.0,MLST.klebsiella.218,83,573.20975,Good,5206851,100.0
0.0,MLST.klebsiella.3669,143,573.20997,Good,5213517,100.0
1.0,MLST.klebsiella.3638,529,573.21098,Good,5447053,99.7
0.0,,84,573.65879,Good,5287289,100.0
0.0,MLST.klebsiella.200,36,573.65881,Good,5123529,100.0
0.0,MLST.klebsiella.464,87,573.65895,Good,5397934,100.0
0.1,MLST.klebsiella.391,87,573.67669,Good,5562805,100.0
0.0,MLST.Klebsiella_pneumoniae.896,63,573.67684,Good,5487090,100.0
0.1,,56,573.67676,Good,5480746,100.0
0.0,,147,573.66068,Good,5460342,100.0
0.0,MLST.klebsiella.45,76,573.65901,Good,5305945,100.0
0.1,MLST.klebsiella.530,395,573.65920,Good,5206858,99.9
0.0,MLST.klebsiella.12,271,573.65930,Good,5794686,99.9
0.6,MLST.klebsiella.412,167,573.65944,Good,5448965,99.9
0.0,MLST.klebsiella.661,94,573.65966,Good,5517271,100.0
0.1,MLST.klebsiella.278,96,573.65970,Good,5432332,100.0
0.0,MLST.klebsiella.1786,61,573.65976,Good,5335300,100.0
0.0,MLST.klebsiella.15,139,573.66027,Good,5525949,100.0
0.1,MLST.klebsiella.873,131,573.66065,Good,5641996,99.9
0.0,MLST.klebsiella.29,134,573.66069,Good,5329694,99.7
0.1,MLST.klebsiella.37,81,573.66091,Good,5565047,100.0
0.2,MLST.klebsiella.23,120,573.66093,Good,5788539,100.0
0.0,MLST.klebsiella.4733,52,573.66098,Good,5367015,100.0
0.1,MLST.klebsiella.443,67,573.66100,Good,5361397,100.0
0.1,MLST.klebsiella.628,50,573.67347,Good,5437055,100.0
0.0,MLST.klebsiella.16,83,573.67362,Good,5527033,100.0
0.0,MLST.klebsiella.967,72,573.67370,Good,5503038,100.0
0.3,MLST.klebsiella.278,125,573.7221,Good,5603554,100.0
1.0,MLST.klebsiella.278,154,573.7224,Good,5643345,100.0
0.0,MLST.klebsiella.258,161,573.20450,Good,5714727,100.0
2.4,MLST.klebsiella.258,401,573.20451,Good,5890787,100.0
0.0,MLST.klebsiella.11,105,573.20456,Good,5614057,100.0
0.0,MLST.klebsiella.258,267,573.20457,Good,6090454,100.0
0.0,MLST.klebsiella.610,57,573.20466,Good,5298962,100.0
0.0,MLST.klebsiella.234,60,573.20482,Good,5366817,100.0
0.0,MLST.klebsiella.15,96,573.20483,Good,5522143,100.0
0.0,MLST.klebsiella.258,339,573.20503,Good,5844120,100.0
0.0,MLST.klebsiella.258,142,573.20524,Good,5727451,100.0
1.0,MLST.klebsiella.147,368,573.20547,Good,5850460,100.0
0.3,MLST.klebsiella.29,76,573.20550,Good,5391736,100.0
0.3,MLST.klebsiella.258,335,573.20615,Good,5780990,100.0
0.3,MLST.klebsiella.11,81,573.20617,Good,5632895,100.0
0.1,MLST.klebsiella.258,129,573.20625,Good,5679101,100.0
0.3,MLST.klebsiella.29,59,573.20629,Good,5383735,100.0
0.0,MLST.klebsiella.3668,84,573.20774,Good,5458835,100.0
0.3,MLST.klebsiella.525,68,573.20792,Good,5657736,100.0
0.3,MLST.klebsiella.1527,133,573.20800,Good,5513055,100.0
0.2,MLST.klebsiella.15,120,573.20807,Good,5735933,100.0
1.0,MLST.klebsiella.437,122,573.20913,Good,5510878,100.0
0.3,MLST.klebsiella.147,151,573.20914,Good,5731612,99.0
0.5,MLST.klebsiella.643,134,573.21009,Good,5482779,100.0
1.0,MLST.klebsiella.5,92,573.21010,Good,5453127,99.3
0.3,MLST.klebsiella.405,73,573.21032,Good,5682807,100.0
0.7,MLST.klebsiella.405,112,573.21037,Good,5992377,100.0
0.0,MLST.klebsiella.20,97,573.21042,Good,5591808,100.0
2.7,MLST.klebsiella.29,245,573.21102,Good,5722356,100.0
21.8,MLST.klebsiella.405,1523,573.21128,Poor,6346702,100.0
1.0,MLST.klebsiella.17,140,573.21132,Good,5765422,100.0
0.0,MLST.klebsiella.20,58,573.21159,Good,5436811,100.0
0.7,MLST.klebsiella.101,412,573.21164,Good,5771477,100.0
0.0,MLST.klebsiella.395,96,573.21176,Good,5645148,100.0
0.0,MLST.klebsiella.48,57,573.21195,Good,5431762,100.0
0.0,MLST.klebsiella.14,76,573.21208,Good,5479399,100.0
0.0,MLST.klebsiella.11,122,573.21210,Good,5556795,100.0
0.7,MLST.klebsiella.13,63,573.21218,Good,5534747,99.7
0.3,MLST.klebsiella.512,99,573.21228,Good,5748274,100.0
0.0,MLST.klebsiella.101,125,573.21237,Good,5701695,100.0
0.0,MLST.klebsiella.17,76,573.21239,Good,5447479,100.0
0.5,MLST.klebsiella.831,96,573.21241,Good,5624855,100.0
0.0,MLST.klebsiella.940,37,573.21248,Good,5244875,100.0
0.3,MLST.klebsiella.525,41,573.21254,Good,5633982,100.0
0.0,MLST.klebsiella.3003,43,573.21271,Good,5228448,100.0
0.0,MLST.klebsiella.307,126,573.21294,Good,5715527,100.0
0.3,MLST.klebsiella.11,124,573.21320,Good,5590108,100.0
0.0,MLST.klebsiella.2447,76,573.21322,Good,5391661,100.0
0.0,MLST.klebsiella.11,108,573.21334,Good,5655107,100.0
0.0,MLST.klebsiella.258,83,573.21340,Good,5694083,100.0
0.3,MLST.klebsiella.3147,119,573.21355,Good,5425011,100.0
0.0,MLST.klebsiella.307,95,573.21361,Good,5607933,100.0
0.7,MLST.klebsiella.11,66,573.21386,Good,5253214,100.0
0.3,MLST.klebsiella.35,50,573.21397,Good,5542760,100.0
0.3,MLST.klebsiella.405,70,573.21418,Good,5641416,100.0
0.7,MLST.klebsiella.525,66,573.21419,Good,5692385,100.0
0.0,MLST.klebsiella.11,54,573.21423,Good,5504919,100.0
0.0,MLST.klebsiella.512,122,573.21429,Good,5628305,100.0
0.0,MLST.klebsiella.11,99,573.21447,Good,5450978,100.0
0.0,MLST.klebsiella.101,79,573.21451,Good,5579840,100.0
0.0,MLST.klebsiella.3665,46,573.21456,Good,5190980,100.0
0.3,MLST.klebsiella.218,132,573.21479,Good,6044406,100.0
0.0,MLST.klebsiella.395,73,573.21486,Good,5455065,100.0
0.0,MLST.klebsiella.628,52,573.21549,Good,5439310,100.0
0.0,MLST.klebsiella.20,71,573.21550,Good,5691236,100.0
0.0,MLST.klebsiella.45,82,573.21552,Good,5554611,100.0
0.1,MLST.klebsiella.6,70,573.21553,Good,5418329,100.0
0.0,MLST.klebsiella.11,78,573.21556,Good,5505792,100.0
0.0,MLST.klebsiella.221,42,573.21613,Good,5340255,100.0
0.0,MLST.klebsiella.512,132,573.21627,Good,5650345,100.0
0.0,MLST.klebsiella.512,75,573.21639,Good,5576430,100.0
0.0,MLST.klebsiella.512,128,573.21648,Good,5685908,100.0
0.7,MLST.klebsiella.4064,77,573.21652,Good,5514479,100.0
0.3,MLST.klebsiella.37,66,573.21661,Good,5577952,100.0
0.3,MLST.klebsiella.17,69,573.21673,Good,5388661,100.0
0.0,MLST.klebsiella.4,65,573.21676,Good,5491048,100.0
0.0,MLST.klebsiella.512,96,573.21679,Good,5660294,100.0
0.0,MLST.klebsiella.512,100,573.21680,Good,5619646,100.0
0.3,MLST.klebsiella.392,71,573.21690,Good,5437315,100.0
0.0,MLST.klebsiella.512,122,573.21692,Good,5710438,100.0
0.3,MLST.klebsiella.307,72,573.21695,Good,5398592,100.0
0.0,MLST.klebsiella.29,76,573.21703,Good,5811908,100.0
0.0,MLST.klebsiella.45,53,573.21711,Good,5189900,100.0
0.0,MLST.klebsiella.101,74,573.21722,Good,5544823,100.0
0.0,MLST.klebsiella.20,158,573.21730,Good,5844089,100.0
0.0,MLST.klebsiella.15,88,573.21731,Good,5485268,100.0
0.0,MLST.klebsiella.3658,62,573.21744,Good,5413032,100.0
0.0,MLST.klebsiella.432,33,573.21753,Good,5236186,100.0
0.0,MLST.klebsiella.512,137,573.21757,Good,5684744,100.0
0.0,MLST.klebsiella.512,144,573.21766,Good,5725974,100.0
0.0,MLST.klebsiella.512,87,573.21769,Good,5553746,99.7
0.0,MLST.klebsiella.512,128,573.21774,Good,5704423,100.0
0.0,MLST.klebsiella.512,150,573.21780,Good,5729379,100.0
0.0,MLST.klebsiella.512,141,573.21782,Good,5719467,100.0
0.4,MLST.klebsiella.15,428,573.21783,Good,5782019,100.0
0.0,MLST.klebsiella.512,143,573.21790,Good,5657622,100.0
0.0,MLST.klebsiella.512,140,573.21800,Good,5699068,100.0
0.0,MLST.klebsiella.1017,56,573.21801,Good,5326647,100.0
0.0,MLST.klebsiella.512,181,573.21804,Good,5716041,100.0
0.0,MLST.klebsiella.14,113,573.21816,Good,5600418,100.0
0.3,MLST.klebsiella.512,163,573.21829,Good,5662281,100.0
0.0,MLST.klebsiella.258,109,573.21833,Good,5673155,100.0
0.0,MLST.klebsiella.463,176,573.21835,Good,5685109,99.7
0.0,MLST.klebsiella.35,40,573.21846,Good,5407467,100.0
1.3,MLST.klebsiella.3662,81,573.21855,Good,5456345,100.0
0.0,MLST.klebsiella.512,87,573.21887,Good,5573965,100.0
0.7,MLST.klebsiella.881,41,573.21899,Good,5490025,100.0
0.0,MLST.klebsiella.512,96,573.21908,Good,5800988,100.0
0.7,MLST.klebsiella.433,55,573.21910,Good,5354825,100.0
0.3,MLST.klebsiella.37,89,573.21922,Good,5417800,100.0
0.0,MLST.klebsiella.512,122,573.21930,Good,5657836,100.0
9.9,MLST.klebsiella.1685,872,573.21934,Good,5959807,100.0
0.3,MLST.klebsiella.889,184,573.21935,Good,5451727,100.0
7.5,MLST.klebsiella.15,474,573.21938,Good,5650812,100.0
0.0,MLST.klebsiella.11,76,573.21939,Good,5534512,100.0
0.0,MLST.klebsiella.15,109,573.21941,Good,5650574,100.0
0.0,MLST.klebsiella.11,84,573.21965,Good,5607329,100.0
0.0,MLST.klebsiella.2176,105,573.21968,Good,5652251,100.0
0.0,MLST.klebsiella.4065,77,573.22006,Good,5441471,100.0
0.0,MLST.klebsiella.15,79,573.22013,Good,5481220,100.0
0.0,MLST.klebsiella.16,89,573.22017,Good,5590489,100.0
1.0,MLST.klebsiella.200,91,573.22021,Good,5096972,100.0
0.3,MLST.klebsiella.48,51,573.22025,Good,5467012,100.0
0.0,MLST.klebsiella.449,44,573.22035,Good,5330704,100.0
0.3,MLST.klebsiella.353,453,573.22038,Good,5729273,100.0
0.3,MLST.klebsiella.3646,73,573.22046,Good,5151957,100.0
0.0,MLST.klebsiella.35,78,573.22053,Good,5524294,100.0
0.3,MLST.klebsiella.104,68,573.22068,Good,5523222,100.0
0.3,MLST.klebsiella.453,122,573.22072,Good,5534259,100.0
1.0,MLST.klebsiella.433,314,573.22087,Good,5686504,100.0
0.3,MLST.klebsiella.6,128,573.22096,Good,5527235,100.0
0.11,MLST.klebsiella.3801,74,573.22555,Good,5359066,99.78
0.0,MLST.klebsiella.512,88,573.31603,Good,5738991,99.78
0.0,MLST.klebsiella.512,134,573.31612,Good,5839796,99.67
0.0,MLST.klebsiella.512,84,573.31613,Good,5634326,99.78
0.33,MLST.klebsiella.512,188,573.31619,Good,5820208,99.78
0.0,MLST.klebsiella.11,185,573.46332,Good,5701308,99.78
0.0,MLST.klebsiella.11,133,573.46337,Good,5513657,99.78
0.0,MLST.klebsiella.11,154,573.46340,Good,5543401,99.78
0.0,MLST.klebsiella.11,148,573.46346,Good,5541239,99.78
0.0,MLST.klebsiella.11,152,573.46364,Good,5524071,99.78
0.0,MLST.klebsiella.11,162,573.46379,Good,5521217,99.78
0.0,MLST.klebsiella.11,149,573.46386,Good,5546275,99.78
0.0,MLST.klebsiella.11,174,573.46395,Good,5700328,99.78
0.0,MLST.klebsiella.11,161,573.46401,Good,5519649,99.78
0.0,MLST.klebsiella.629,62,573.46414,Good,5512417,99.78
0.0,MLST.klebsiella.512,170,573.14771,Good,5856621,100.0
0.0,MLST.klebsiella.512,169,573.14807,Good,5867286,100.0
0.0,MLST.Klebsiella_pneumoniae.512,168,573.15057,Good,5859072,100.0
0.0,MLST.Klebsiella_pneumoniae.512,194,573.15050,Good,5782794,100.0
0.0,MLST.klebsiella.45,107,573.20696,Good,5437245,99.0
4.9,MLST.klebsiella.25,393,573.20705,Good,5572590,100.0
1.7,MLST.klebsiella.295,66,573.20717,Good,5708784,100.0
0.3,MLST.klebsiella.101,103,573.20718,Good,5726311,100.0
3.9,MLST.klebsiella.340,512,573.20736,Good,5765668,100.0
0.3,MLST.klebsiella.392,87,573.20742,Good,5616765,100.0
0.0,MLST.klebsiella.427,129,573.20750,Good,5620375,100.0
0.0,MLST.klebsiella.427,111,573.20754,Good,5663276,100.0
0.3,MLST.klebsiella.258,94,573.20756,Good,5581839,100.0
1.7,MLST.klebsiella.29,383,573.20763,Good,5500995,100.0
0.0,MLST.klebsiella.35,64,573.20765,Good,5517056,100.0
0.3,MLST.klebsiella.258,136,573.20767,Good,5674915,100.0
1.2,MLST.klebsiella.15,215,573.20832,Good,5765540,100.0
0.0,MLST.klebsiella.25,58,573.20873,Good,5507686,100.0
0.0,MLST.klebsiella.101,132,573.20885,Good,5854920,100.0
0.0,MLST.klebsiella.101,132,573.20892,Good,5853981,100.0
0.0,MLST.klebsiella.101,149,573.20893,Good,5837784,100.0
0.3,MLST.klebsiella.437,144,573.20954,Good,5603231,100.0
0.3,MLST.klebsiella.437,407,573.20955,Good,5719201,100.0
0.0,MLST.klebsiella.25,69,573.20961,Good,5511532,100.0
0.0,MLST.klebsiella.37,90,573.20963,Good,5501804,100.0
0.0,MLST.klebsiella.186,44,573.21230,Good,5417736,100.0
0.0,MLST.klebsiella.35,51,573.65884,Good,5439453,100.0
0.0,MLST.klebsiella.37,105,573.67670,Good,5536922,100.0
0.0,MLST.Klebsiella_pneumoniae.36,104,573.67677,Good,5250491,100.0
0.0,MLST.Klebsiella_pneumoniae.23,73,573.67686,Good,5391734,100.0
0.0,MLST.Klebsiella_pneumoniae.3003,78,573.22561,Good,5426116,98.0
0.1,MLST.Klebsiella_pneumoniae.273,125,573.66037,Good,5218631,97.3
0.66,MLST.klebsiella.36,237,573.23991,Good,5557891,99.78
0.0,MLST.klebsiella.34,173,573.24272,Good,5333606,99.44
0.44,MLST.klebsiella.17,336,573.28631,Good,5478638,99.78
0.1,MLST.klebsiella.147,139,573.65914,Good,5466664,100.0
0.0,MLST.klebsiella.896,65,573.65916,Good,5406572,100.0
0.0,MLST.klebsiella.12,221,573.65931,Good,5791754,99.9
0.1,MLST.klebsiella.15,86,573.65934,Good,5393469,100.0
0.0,MLST.klebsiella.37,121,573.65941,Good,5423899,100.0
0.0,MLST.klebsiella.36,136,573.65954,Good,5226789,100.0
0.0,MLST.klebsiella.716,43,573.65962,Good,5183801,100.0
0.0,MLST.klebsiella.392,73,573.65982,Good,5501640,100.0
0.0,MLST.klebsiella.1119,53,573.65985,Good,5349256,100.0
0.0,MLST.klebsiella.399,102,573.65994,Good,5456522,100.0
0.1,MLST.klebsiella.789,70,573.66005,Good,5499345,100.0
0.2,MLST.klebsiella.65,60,573.66029,Good,5571135,100.0
0.0,MLST.klebsiella.280,71,573.66030,Good,5426681,100.0
1.2,MLST.klebsiella.12,479,573.66047,Good,5363833,100.0
0.0,MLST.klebsiella.309,102,573.66057,Good,5488014,98.9
0.0,MLST.klebsiella.461,278,573.66070,Good,5829713,100.0
0.1,MLST.klebsiella.1564,92,573.66082,Good,5380973,100.0
0.0,MLST.klebsiella.39,103,573.67343,Good,5544586,100.0
0.0,MLST.klebsiella.14,93,573.67359,Good,5408326,100.0
0.3,MLST.klebsiella.278,128,573.7217,Good,5604347,100.0
0.7,MLST.klebsiella.278,167,573.7218,Good,5634950,100.0
0.0,MLST.klebsiella.6,85,573.20462,Good,5333290,100.0
0.7,MLST.klebsiella.491,99,573.20465,Good,5376193,100.0
0.0,MLST.klebsiella.1823,72,573.20481,Good,5655379,100.0
0.0,MLST.klebsiella.39,136,573.20507,Good,5571216,100.0
2.0,MLST.klebsiella.20,189,573.20510,Good,5499207,100.0
0.3,MLST.klebsiella.323,67,573.20539,Good,5754277,100.0
0.3,MLST.klebsiella.29,79,573.20559,Good,5388472,100.0
0.0,MLST.klebsiella.340,120,573.20608,Good,5701402,100.0
1.0,MLST.klebsiella.2513,212,573.20612,Good,5570147,100.0
0.0,MLST.klebsiella.340,172,573.20630,Good,5557228,100.0
5.8,MLST.klebsiella.107,463,573.20776,Good,5536251,100.0
1.4,MLST.klebsiella.147,96,573.20780,Good,5468493,96.9
0.0,MLST.klebsiella.101,84,573.20789,Good,5596004,100.0
2.7,MLST.klebsiella.11,421,573.20804,Good,5505143,100.0
0.0,MLST.klebsiella.25,76,573.20812,Good,5660568,100.0
0.0,MLST.klebsiella.25,70,573.20818,Good,5287117,100.0
0.0,MLST.klebsiella.15,124,573.20876,Good,5679998,100.0
0.3,MLST.klebsiella.147,669,573.20921,Good,5989961,100.0
0.3,MLST.klebsiella.437,82,573.20996,Good,5627890,100.0
0.3,MLST.klebsiella.437,180,573.21004,Good,5424924,100.0
0.0,MLST.klebsiella.230,115,573.21019,Good,5312648,100.0
6.4,MLST.klebsiella.65,400,573.21021,Good,5538318,100.0
0.0,MLST.klebsiella.323,39,573.21025,Good,5327143,100.0
0.7,MLST.klebsiella.485,67,573.21041,Good,5483776,100.0
0.3,MLST.klebsiella.15,125,573.21065,Good,5757410,100.0
0.0,MLST.klebsiella.512,106,573.21066,Good,5609708,100.0
0.0,MLST.klebsiella.788,38,573.21074,Good,5467786,100.0
0.0,MLST.klebsiella.512,86,573.21077,Good,5585842,100.0
0.0,MLST.klebsiella.70,120,573.21081,Good,6022556,100.0
0.0,MLST.klebsiella.512,140,573.21082,Good,5692920,100.0
0.3,MLST.klebsiella.101,83,573.21095,Good,5601338,100.0
1.0,MLST.klebsiella.15,109,573.21112,Good,5475384,100.0
0.7,MLST.klebsiella.395,284,573.21115,Good,5871204,100.0
0.5,MLST.klebsiella.395,114,573.21118,Good,5660027,100.0
0.0,MLST.klebsiella.37,74,573.21137,Good,5661291,98.6
0.7,MLST.klebsiella.35,54,573.21145,Good,5489784,100.0
0.0,MLST.klebsiella.105,74,573.21147,Good,5521568,100.0
0.0,MLST.klebsiella.1015,110,573.21149,Good,5501451,99.7
0.0,MLST.klebsiella.11,103,573.21178,Good,5617637,100.0
0.0,MLST.klebsiella.35,119,573.21180,Good,5685668,100.0
0.3,MLST.klebsiella.405,39,573.21182,Good,5443178,100.0
0.3,MLST.klebsiella.3678,136,573.21185,Good,5422966,99.7
0.0,MLST.klebsiella.395,112,573.21186,Good,5684463,100.0
0.3,MLST.klebsiella.36,90,573.21187,Good,5438280,100.0
0.0,MLST.klebsiella.45,72,573.21196,Good,5506192,100.0
0.1,MLST.klebsiella.512,86,573.21222,Good,5554342,100.0
0.0,MLST.klebsiella.11,65,573.21226,Good,5566255,100.0
0.0,MLST.klebsiella.101,110,573.21266,Good,5679953,100.0
0.3,MLST.klebsiella.15,109,573.21279,Good,5563445,100.0
0.3,MLST.klebsiella.36,111,573.21281,Good,5624100,100.0
0.0,MLST.klebsiella.11,111,573.21302,Good,5642069,100.0
0.0,MLST.klebsiella.258,78,573.21304,Good,5548825,100.0
0.0,MLST.klebsiella.17,44,573.21309,Good,5249755,100.0
0.0,MLST.klebsiella.995,46,573.21313,Good,5497350,100.0
0.0,MLST.klebsiella.17,64,573.21315,Good,5391189,100.0
0.0,MLST.klebsiella.113,53,573.21335,Good,5441315,100.0
0.0,MLST.klebsiella.3666,85,573.21337,Good,5667980,100.0
0.3,MLST.klebsiella.11,97,573.21341,Good,5571836,100.0
0.3,MLST.klebsiella.11,104,573.21345,Good,5573822,100.0
0.3,MLST.klebsiella.11,104,573.21349,Good,5366243,100.0
0.0,MLST.klebsiella.11,79,573.21380,Good,5552188,100.0
0.3,MLST.klebsiella.15,113,573.21393,Good,5508746,100.0
0.3,MLST.klebsiella.461,230,573.21396,Good,5898933,100.0
0.0,MLST.klebsiella.323,135,573.21401,Good,5809179,100.0
0.0,MLST.klebsiella.2428,45,573.21427,Good,5290550,100.0
0.0,MLST.klebsiella.17,33,573.21433,Good,5103838,100.0
0.0,MLST.klebsiella.11,107,573.21438,Good,5600214,100.0
0.3,MLST.klebsiella.405,65,573.21439,Good,5646727,100.0
0.3,MLST.klebsiella.405,66,573.21440,Good,5647080,100.0
0.3,MLST.klebsiella.461,86,573.21443,Good,5816578,100.0
0.7,MLST.klebsiella.280,49,573.21454,Good,5325541,100.0
0.0,MLST.klebsiella.307,78,573.21474,Good,5444798,100.0
0.0,MLST.klebsiella.45,78,573.21475,Good,5382356,100.0
0.0,MLST.klebsiella.37,40,573.21491,Good,5291344,100.0
0.0,MLST.klebsiella.2703,72,573.21520,Good,5518931,100.0
0.0,MLST.klebsiella.512,121,573.21522,Good,5711046,100.0
0.0,MLST.klebsiella.512,100,573.21528,Good,5606258,100.0
0.0,MLST.klebsiella.1804,56,573.21551,Good,5173955,100.0
0.3,MLST.klebsiella.1333,42,573.21561,Good,5221800,100.0
0.0,MLST.klebsiella.867,44,573.21581,Good,5243796,100.0
0.0,MLST.klebsiella.542,64,573.21584,Good,5455212,100.0
0.0,MLST.klebsiella.3655,115,573.21594,Good,5650470,100.0
0.0,MLST.klebsiella.307,91,573.21632,Good,5501732,100.0
0.3,MLST.klebsiella.147,64,573.21633,Good,5788437,100.0
0.0,MLST.klebsiella.258,122,573.21635,Good,5841437,100.0
0.0,MLST.klebsiella.416,134,573.21637,Good,5543403,99.3
0.0,MLST.klebsiella.512,207,573.21647,Good,5748029,100.0
0.0,MLST.klebsiella.512,85,573.21654,Good,5607879,100.0
0.0,MLST.klebsiella.512,166,573.21667,Good,5787053,100.0
0.2,MLST.klebsiella.38,89,573.21681,Good,5602551,100.0
0.0,MLST.klebsiella.512,75,573.21682,Good,5601619,100.0
0.3,MLST.klebsiella.111,98,573.21685,Good,5619305,100.0
0.0,MLST.klebsiella.15,70,573.21694,Good,5620101,100.0
0.0,MLST.klebsiella.29,70,573.21699,Good,5841237,100.0
0.0,MLST.klebsiella.512,71,573.21709,Good,5406716,100.0
0.0,MLST.klebsiella.3155,65,573.21721,Good,5387403,100.0
0.3,MLST.klebsiella.405,60,573.21727,Good,5619409,100.0
0.3,MLST.klebsiella.15,411,573.21735,Good,5664013,100.0
0.0,MLST.klebsiella.45,61,573.21743,Good,5434282,100.0
0.7,MLST.klebsiella.37,59,573.21750,Good,5404307,100.0
0.0,MLST.klebsiella.512,141,573.21760,Good,5686476,100.0
0.0,MLST.klebsiella.512,127,573.21787,Good,5669899,100.0
0.0,MLST.klebsiella.512,77,573.21799,Good,5547519,100.0
0.0,MLST.klebsiella.307,216,573.21823,Good,5580339,100.0
1.0,MLST.klebsiella.512,184,573.21842,Good,5674860,100.0
0.0,MLST.klebsiella.512,489,573.21845,Good,5847910,100.0
0.3,MLST.klebsiella.35,52,573.21854,Good,5528814,100.0
0.0,MLST.klebsiella.512,129,573.21894,Good,5676209,100.0
0.3,MLST.klebsiella.512,72,573.21900,Good,5537983,100.0
0.0,MLST.klebsiella.45,63,573.21901,Good,5410867,100.0
0.0,MLST.klebsiella.512,132,573.21911,Good,5686475,100.0
0.7,MLST.klebsiella.3661,79,573.21927,Good,5782034,100.0
0.3,MLST.klebsiella.11,147,573.21932,Good,5639638,100.0
0.0,MLST.klebsiella.1961,200,573.21947,Good,5858437,100.0
0.3,MLST.klebsiella.405,79,573.21950,Good,5777203,100.0
0.3,MLST.klebsiella.405,65,573.21974,Good,5699681,100.0
0.0,MLST.klebsiella.11,99,573.21990,Good,5605277,100.0
0.0,MLST.klebsiella.15,92,573.21996,Good,5646724,100.0
0.4,MLST.klebsiella.11,151,573.22002,Good,5536393,100.0
0.0,MLST.klebsiella.15,81,573.22007,Good,5459828,100.0
0.1,MLST.klebsiella.15,300,573.22009,Good,5640428,100.0
4.3,MLST.klebsiella.3640,709,573.22014,Good,5811850,100.0
0.3,MLST.klebsiella.147,110,573.22019,Good,5622859,100.0
1.3,MLST.klebsiella.942,119,573.22042,Good,5437520,100.0
0.7,MLST.klebsiella.405,65,573.22049,Good,5699910,100.0
0.3,MLST.klebsiella.147,135,573.22051,Good,5784232,100.0
0.3,MLST.klebsiella.20,103,573.22057,Good,5771429,100.0
1.3,MLST.klebsiella.104,250,573.22069,Good,5630869,100.0
3.4,MLST.klebsiella.101,371,573.22078,Good,5748272,100.0
0.22,MLST.klebsiella.512,246,573.31600,Good,5788250,99.78
0.0,MLST.klebsiella.512,180,573.31625,Good,5803309,99.78
0.0,MLST.klebsiella.307,107,573.46326,Good,5518516,99.78
0.0,MLST.klebsiella.11,172,573.46345,Good,5704027,99.78
0.0,MLST.klebsiella.11,183,573.46348,Good,5694433,99.78
0.0,MLST.klebsiella.11,159,573.46352,Good,5536932,99.78
0.0,MLST.klebsiella.11,184,573.46353,Good,5683940,99.78
0.0,MLST.klebsiella.11,180,573.46355,Good,5700725,99.78
0.0,MLST.klebsiella.11,175,573.46378,Good,5704934,99.78
0.0,MLST.klebsiella.5387,89,573.46389,Good,5396066,99.78
0.0,MLST.klebsiella.5387,92,573.46392,Good,5404293,99.78
0.0,MLST.klebsiella.11,168,573.46404,Good,5557089,99.78
0.0,MLST.klebsiella.11,160,573.46406,Good,5554566,99.78
0.0,MLST.klebsiella.11,168,573.46412,Good,5657033,99.78
0.0,MLST.klebsiella.11,129,573.46413,Good,5373181,99.78
0.3,MLST.klebsiella.512,133,573.14769,Good,5728485,100.0
0.0,MLST.klebsiella.512,126,573.14772,Good,5568238,100.0
0.7,MLST.klebsiella.512,167,573.14796,Good,5917303,100.0
0.0,MLST.Klebsiella_pneumoniae.512,226,573.15053,Good,5869911,100.0
1.0,MLST.klebsiella.3672,372,573.20678,Good,5678583,100.0
1.0,MLST.klebsiella.13,98,573.20685,Good,5510121,99.7
1.0,MLST.klebsiella.1593,65,573.20692,Good,5433057,100.0
0.3,MLST.klebsiella.327,45,573.20694,Good,5316963,99.7
0.3,MLST.klebsiella.437,50,573.20721,Good,5207304,100.0
0.3,MLST.klebsiella.437,181,573.20734,Good,5537794,100.0
0.3,MLST.klebsiella.584,78,573.20737,Good,5352406,100.0
0.3,MLST.klebsiella.37,147,573.20745,Good,5841843,100.0
0.0,MLST.klebsiella.45,75,573.20749,Good,5421151,100.0
0.3,MLST.klebsiella.37,138,573.20753,Good,5846214,100.0
1.3,MLST.klebsiella.15,125,573.20757,Good,5607636,100.0
0.0,MLST.klebsiella.101,175,573.20829,Good,5859612,100.0
3.9,MLST.klebsiella.25,258,573.20844,Good,5514049,100.0
1.0,MLST.klebsiella.1593,95,573.20845,Good,5537137,100.0
0.7,MLST.klebsiella.147,92,573.20849,Good,5353839,100.0
0.2,MLST.klebsiella.15,114,573.20851,Good,5700897,100.0
1.7,MLST.klebsiella.258,270,573.20860,Good,5799484,100.0
0.3,MLST.klebsiella.17,151,573.20877,Good,5502327,99.0
0.3,MLST.klebsiella.101,127,573.20897,Good,5797143,100.0
0.3,MLST.klebsiella.437,275,573.20902,Good,5675216,100.0
0.0,MLST.klebsiella.101,136,573.20934,Good,5690234,100.0
0.3,MLST.klebsiella.340,210,573.20938,Good,5650288,100.0
0.0,MLST.klebsiella.163,329,573.20962,Good,5368280,100.0
0.0,MLST.klebsiella.15,116,573.20968,Good,5586185,100.0
0.3,MLST.klebsiella.101,149,573.20982,Good,5553883,100.0
0.3,MLST.klebsiella.37,104,573.20988,Good,5634590,100.0
0.0,MLST.klebsiella.152,73,573.21212,Good,5486704,99.7
0.0,MLST.klebsiella.2095,62,573.65880,Good,5379160,100.0
0.0,MLST.klebsiella.391,43,573.67671,Good,5226562,97.6
0.0,MLST.Klebsiella_pneumoniae.449,73,573.67688,Good,5547152,100.0
3.34,,986,573.46397,Good,6336818,99.78
0.11,MLST.klebsiella.43,204,573.24258,Good,5596830,99.22
2.71,MLST.klebsiella.502,814,573.25656,Good,6386037,99.78
0.0,MLST.klebsiella.29,77,573.65904,Good,5248461,99.8
0.0,MLST.klebsiella.35,129,573.65912,Good,5527874,100.0
0.1,MLST.klebsiella.12,101,573.65918,Good,5516172,100.0
0.0,MLST.klebsiella.3393,63,573.65957,Good,5478914,100.0
0.0,MLST.klebsiella.399,95,573.65995,Good,5461580,100.0
0.0,MLST.klebsiella.466,57,573.66007,Good,5293413,100.0
0.0,MLST.klebsiella.307,90,573.66010,Good,5717987,100.0
0.1,MLST.klebsiella.186,79,573.66015,Good,5483303,100.0
0.0,MLST.klebsiella.23,115,573.66045,Good,5783301,100.0
0.0,MLST.klebsiella.280,67,573.66061,Good,5527467,100.0
0.0,MLST.klebsiella.76,90,573.66090,Good,5733614,100.0
0.0,MLST.klebsiella.45,63,573.66095,Good,5508381,100.0
0.1,MLST.klebsiella.641,95,573.67352,Good,6022891,100.0
0.0,MLST.klebsiella.14,95,573.67355,Good,5616875,100.0
0.0,MLST.klebsiella.774,43,573.67691,Good,5121175,100.0
0.0,MLST.klebsiella.610,55,573.67693,Good,5324290,100.0
0.8,MLST.klebsiella.278,159,573.7222,Good,5634927,100.0
0.3,MLST.klebsiella.278,122,573.7223,Good,5604080,100.0
0.0,MLST.klebsiella.11,105,573.20454,Good,5648215,100.0
0.3,MLST.klebsiella.383,106,573.20468,Good,5866197,100.0
0.3,MLST.klebsiella.101,156,573.20469,Good,5647240,100.0
23.1,MLST.klebsiella.405,2015,573.20492,Poor,6561593,100.0
19.9,MLST.klebsiella.11,1447,573.20511,Poor,6093242,100.0
0.0,MLST.klebsiella.14,61,573.20513,Good,5499669,100.0
0.0,MLST.klebsiella.76,52,573.20514,Good,5544295,100.0
1.0,MLST.klebsiella.3072,66,573.20515,Good,5549792,100.0
0.0,MLST.klebsiella.258,170,573.20525,Good,5885178,100.0
1.7,MLST.klebsiella.111,68,573.20530,Good,5645530,100.0
0.0,MLST.klebsiella.340,77,573.20540,Good,5339236,96.9
2.1,MLST.klebsiella.258,816,573.20586,Good,6196523,100.0
0.3,MLST.klebsiella.14,94,573.20605,Good,5616148,99.3
0.3,MLST.klebsiella.147,181,573.20618,Good,5752397,100.0
0.0,MLST.klebsiella.258,103,573.20626,Good,5643477,100.0
0.2,MLST.klebsiella.16,116,573.20783,Good,5653368,100.0
0.0,MLST.klebsiella.307,173,573.20794,Good,5418527,100.0
0.3,MLST.klebsiella.437,67,573.20872,Good,5394982,100.0
0.7,MLST.klebsiella.340,126,573.20911,Good,5548989,100.0
11.1,MLST.klebsiella.101,1265,573.20916,Poor,6152262,100.0
0.3,MLST.klebsiella.437,369,573.21000,Good,5500635,100.0
1.7,MLST.klebsiella.5,323,573.21011,Good,5624432,100.0
0.3,MLST.klebsiella.405,71,573.21029,Good,5678808,100.0
0.0,MLST.klebsiella.45,42,573.21044,Good,5562336,100.0
0.0,MLST.klebsiella.221,57,573.21046,Good,5396926,100.0
3.6,MLST.klebsiella.45,423,573.21058,Good,5837369,100.0
0.3,MLST.klebsiella.15,167,573.21069,Good,5659201,100.0
0.0,MLST.klebsiella.340,127,573.21089,Good,5520491,100.0
0.0,MLST.klebsiella.999,87,573.21094,Good,5356043,100.0
3.0,MLST.klebsiella.16,194,573.21107,Good,5538659,100.0
1.0,MLST.klebsiella.37,91,573.21139,Good,5682901,100.0
0.0,MLST.klebsiella.14,84,573.21141,Good,5657656,100.0
0.0,MLST.klebsiella.750,109,573.21146,Good,5482185,100.0
0.7,MLST.klebsiella.1193,67,573.21162,Good,5349806,100.0
0.0,MLST.klebsiella.101,168,573.21171,Good,5605015,100.0
0.0,MLST.klebsiella.101,143,573.21173,Good,5638013,100.0
0.0,MLST.klebsiella.985,42,573.21200,Good,5399938,100.0
0.0,MLST.klebsiella.188,70,573.21204,Good,5200019,100.0
0.0,MLST.klebsiella.11,96,573.21217,Good,5620039,100.0
0.0,MLST.klebsiella.512,81,573.21234,Good,5438875,100.0
0.0,MLST.klebsiella.35,75,573.21236,Good,5703286,100.0
0.0,MLST.klebsiella.105,51,573.21261,Good,5447249,100.0
0.3,MLST.klebsiella.45,100,573.21275,Good,5664441,100.0
0.0,MLST.klebsiella.107,64,573.21280,Good,5645437,100.0
0.7,MLST.klebsiella.107,525,573.21285,Good,5942248,100.0
0.3,MLST.klebsiella.1634,49,573.21291,Good,5290909,100.0
0.0,MLST.klebsiella.101,96,573.21293,Good,5582588,100.0
0.0,MLST.klebsiella.15,81,573.21296,Good,5647878,100.0
0.0,MLST.klebsiella.101,103,573.21297,Good,5557091,100.0
0.3,MLST.klebsiella.11,77,573.21299,Good,5568411,100.0
0.3,MLST.klebsiella.11,72,573.21306,Good,5519703,99.7
0.0,MLST.klebsiella.11,110,573.21336,Good,5661765,100.0
0.0,MLST.klebsiella.35,61,573.21347,Good,5573085,100.0
0.0,MLST.klebsiella.791,37,573.21356,Good,5203227,100.0
0.0,MLST.klebsiella.395,77,573.21363,Good,5383859,99.7
1.7,MLST.klebsiella.20,129,573.21389,Good,5675734,100.0
0.0,MLST.klebsiella.11,63,573.21390,Good,5459163,100.0
0.0,MLST.klebsiella.251,53,573.21394,Good,5397318,100.0
0.0,MLST.klebsiella.35,57,573.21410,Good,5524590,100.0
0.3,MLST.klebsiella.340,80,573.21426,Good,5253372,100.0
0.3,MLST.klebsiella.23,66,573.21435,Good,5541747,100.0
0.0,MLST.klebsiella.405,81,573.21488,Good,5589448,98.6
0.0,MLST.klebsiella.14,38,573.21489,Good,5424770,99.7
0.3,MLST.klebsiella.1709,95,573.21490,Good,5765552,100.0
0.7,MLST.klebsiella.36,55,573.21503,Good,5285373,100.0
0.3,MLST.klebsiella.405,68,573.21517,Good,5647081,100.0
0.0,MLST.klebsiella.3653,40,573.21523,Good,5088881,100.0
0.0,MLST.klebsiella.6,54,573.21543,Good,5239669,100.0
1.0,MLST.klebsiella.111,547,573.21546,Good,6088522,100.0
0.0,MLST.klebsiella.17,44,573.21554,Good,5284673,100.0
0.3,MLST.klebsiella.3641,41,573.21558,Good,5172491,100.0
0.0,MLST.klebsiella.11,80,573.21572,Good,5642647,100.0
0.7,MLST.klebsiella.36,50,573.21573,Good,5498764,100.0
0.0,MLST.klebsiella.37,67,573.21586,Good,5267385,100.0
0.0,MLST.klebsiella.512,82,573.21591,Good,5713927,100.0
0.3,MLST.klebsiella.512,147,573.21595,Good,5724639,100.0
0.0,MLST.klebsiella.2938,48,573.21609,Good,5209896,100.0
0.0,MLST.klebsiella.512,135,573.21617,Good,5720212,100.0
0.0,MLST.klebsiella.20,46,573.21622,Good,5338481,100.0
0.3,MLST.klebsiella.4063,55,573.21628,Good,5391844,100.0
0.0,MLST.klebsiella.512,125,573.21636,Good,5625173,100.0
0.0,MLST.klebsiella.512,139,573.21645,Good,5691994,100.0
0.0,MLST.klebsiella.512,162,573.21646,Good,5749185,100.0
0.0,MLST.klebsiella.394,58,573.21662,Good,5473280,100.0
0.0,MLST.klebsiella.234,61,573.21663,Good,5530064,100.0
0.7,MLST.klebsiella.13,61,573.21670,Good,5716627,99.7
0.0,MLST.klebsiella.35,70,573.21675,Good,5494777,100.0
0.0,MLST.klebsiella.512,96,573.21686,Good,5690168,100.0
0.0,MLST.klebsiella.512,103,573.21689,Good,5626212,100.0
0.0,MLST.klebsiella.274,97,573.21713,Good,5828616,100.0
0.0,MLST.klebsiella.258,110,573.21717,Good,5681365,100.0
3.1,MLST.klebsiella.512,329,573.21720,Good,5882234,100.0
0.0,MLST.klebsiella.628,47,573.21726,Good,5305690,100.0
0.0,MLST.klebsiella.17,51,573.21728,Good,5333809,100.0
0.3,MLST.klebsiella.36,105,573.21732,Good,5484178,100.0
0.0,MLST.klebsiella.111,59,573.21734,Good,5645564,100.0
0.3,MLST.klebsiella.15,465,573.21737,Good,5702797,100.0
0.0,MLST.klebsiella.512,99,573.21754,Good,5533951,100.0
0.7,MLST.klebsiella.405,87,573.21773,Good,5456082,100.0
0.0,MLST.klebsiella.307,108,573.21789,Good,5474697,100.0
0.0,MLST.klebsiella.1017,45,573.21805,Good,5321173,100.0
0.2,MLST.klebsiella.2777,182,573.21808,Good,5364769,98.3
0.3,MLST.klebsiella.985,115,573.21809,Good,5422802,100.0
0.0,MLST.klebsiella.45,79,573.21815,Good,5428240,99.7
0.0,MLST.klebsiella.1626,80,573.21820,Good,5462426,100.0
0.7,MLST.klebsiella.268,93,573.21821,Good,5467666,100.0
0.0,MLST.klebsiella.719,94,573.21865,Good,5622007,100.0
0.0,MLST.klebsiella.512,139,573.21866,Good,5704119,100.0
0.0,MLST.klebsiella.307,347,573.21876,Good,5599412,100.0
0.3,MLST.klebsiella.86,55,573.21879,Good,5502235,100.0
0.3,MLST.klebsiella.471,76,573.21883,Good,5475937,100.0
14.2,MLST.klebsiella.15,1126,573.21896,Poor,5942380,100.0
0.3,MLST.klebsiella.512,136,573.21907,Good,5720524,100.0
0.3,MLST.klebsiella.147,120,573.21952,Good,5723259,100.0
0.0,MLST.klebsiella.15,96,573.21955,Good,5602014,100.0
0.0,MLST.klebsiella.15,103,573.21962,Good,5650239,100.0
0.0,MLST.klebsiella.15,99,573.21970,Good,5612110,100.0
0.3,MLST.klebsiella.147,107,573.21971,Good,5723025,100.0
0.3,MLST.klebsiella.11,256,573.21973,Good,5778424,100.0
0.0,MLST.klebsiella.11,103,573.21977,Good,5639883,100.0
0.7,MLST.klebsiella.405,94,573.21978,Good,5762374,100.0
1.7,MLST.klebsiella.889,126,573.21984,Good,5670249,100.0
0.0,MLST.klebsiella.15,95,573.21991,Good,5589227,100.0
0.0,MLST.klebsiella.15,107,573.21993,Good,5660148,100.0
0.0,MLST.klebsiella.15,60,573.22003,Good,5586544,100.0
0.0,MLST.klebsiella.15,109,573.22004,Good,5613043,100.0
0.1,MLST.klebsiella.11,157,573.22010,Good,5541027,100.0
12.6,MLST.klebsiella.189,1559,573.22016,Poor,6109781,100.0
0.0,MLST.klebsiella.35,54,573.22029,Good,5563212,100.0
0.3,MLST.klebsiella.3645,66,573.22032,Good,5481151,100.0
0.3,MLST.klebsiella.147,134,573.22048,Good,5776448,100.0
0.0,MLST.klebsiella.323,100,573.22052,Good,5581666,100.0
10.8,MLST.klebsiella.792,931,573.22060,Poor,5969661,100.0
0.3,MLST.klebsiella.16,75,573.22063,Good,5528292,100.0
0.3,MLST.klebsiella.15,96,573.22067,Good,5575372,100.0
0.3,MLST.klebsiella.437,67,573.22092,Good,5451666,100.0
0.0,MLST.klebsiella.258,133,573.31617,Good,5648208,99.78
0.0,MLST.klebsiella.512,226,573.31624,Good,5830088,99.78
0.0,MLST.klebsiella.11,168,573.46331,Good,5774596,99.78
0.0,MLST.klebsiella.11,183,573.46338,Good,5705113,99.78
0.0,MLST.klebsiella.11,178,573.46349,Good,5704098,99.78
0.0,MLST.klebsiella.11,137,573.46351,Good,5537284,99.78
0.0,MLST.klebsiella.11,165,573.46356,Good,5512645,99.78
0.0,MLST.klebsiella.11,151,573.46362,Good,5541392,99.78
0.0,MLST.klebsiella.11,162,573.46410,Good,5517062,99.78
0.0,MLST.klebsiella.512,154,573.14790,Good,5855978,100.0
9.8,MLST.klebsiella.512,183,573.15039,Good,6110008,100.0
0.0,MLST.Klebsiella_pneumoniae.512,194,573.15058,Good,5713366,100.0
0.0,MLST.Klebsiella_pneumoniae.512,160,573.15056,Good,5768267,100.0
0.3,MLST.klebsiella.405,69,573.20693,Good,5573097,100.0
0.8,MLST.klebsiella.678,75,573.20695,Good,5165770,100.0
0.7,MLST.klebsiella.45,160,573.20700,Good,5541726,100.0
0.0,MLST.klebsiella.1496,126,573.20704,Good,5481167,100.0
0.3,MLST.klebsiella.101,81,573.20719,Good,5621263,100.0
0.3,MLST.klebsiella.101,91,573.20723,Good,5631974,100.0
7.4,MLST.klebsiella.101,574,573.20730,Good,5794037,100.0
0.3,MLST.klebsiella.101,119,573.20741,Good,5776508,98.3
4.9,MLST.klebsiella.1015,507,573.20773,Good,5718929,100.0
0.0,MLST.klebsiella.101,104,573.20825,Good,5752279,100.0
0.0,MLST.klebsiella.8,65,573.20826,Good,5463666,99.7
0.0,MLST.klebsiella.2286,124,573.20827,Good,5513454,100.0
0.0,MLST.klebsiella.37,84,573.20830,Good,5669028,100.0
2.3,MLST.klebsiella.3667,70,573.20843,Good,5624021,100.0
2.8,MLST.klebsiella.661,358,573.20850,Good,5641812,100.0
11.0,MLST.klebsiella.258,729,573.20863,Poor,5959667,100.0
0.7,MLST.klebsiella.870,60,573.20880,Good,5361037,100.0
0.0,MLST.klebsiella.15,119,573.20882,Good,5676123,100.0
0.2,MLST.klebsiella.15,78,573.20884,Good,5567621,100.0
0.0,MLST.klebsiella.101,204,573.20888,Good,5872964,100.0
0.3,MLST.klebsiella.101,69,573.20903,Good,5507123,99.7
0.0,MLST.klebsiella.101,158,573.20906,Good,5851537,100.0
0.3,MLST.klebsiella.3670,107,573.20907,Good,5581738,100.0
0.0,MLST.klebsiella.101,103,573.20909,Good,5750840,100.0
0.0,MLST.klebsiella.340,116,573.20919,Good,5517152,100.0
1.7,MLST.klebsiella.340,212,573.20924,Good,5529879,100.0
0.3,MLST.klebsiella.101,149,573.20932,Good,5667951,100.0
0.0,MLST.klebsiella.101,149,573.20937,Good,5698088,100.0
0.3,MLST.klebsiella.437,100,573.20959,Good,5349784,100.0
0.3,MLST.klebsiella.437,67,573.20979,Good,5421945,100.0
0.0,MLST.klebsiella.37,74,573.20980,Good,5374634,100.0
0.0,MLST.klebsiella.14,53,573.20986,Good,5346500,100.0
0.0,MLST.klebsiella.2155,93,573.65878,Good,5263938,100.0
0.1,MLST.klebsiella.6137,90,573.65885,Good,5588714,100.0
0.0,,102,573.65887,Good,5559736,100.0
0.1,MLST.Klebsiella_pneumoniae.37,59,573.67689,Good,5284633,99.9
0.0,MLST.klebsiella.23,41,573.29590,Good,5733696,99.78
0.1,MLST.klebsiella.200,60,573.65907,Good,5154873,100.0
0.0,MLST.klebsiella.723,50,573.65910,Good,5327738,100.0
0.0,MLST.klebsiella.17,53,573.65938,Good,5264288,100.0
0.0,MLST.klebsiella.280,68,573.65963,Good,5543959,100.0
0.0,MLST.klebsiella.25,84,573.65968,Good,5443661,100.0
0.0,MLST.klebsiella.45,68,573.65975,Good,5442288,100.0
0.1,MLST.klebsiella.186,51,573.66008,Good,5108245,100.0
0.2,MLST.klebsiella.268,64,573.66022,Good,5429886,100.0
0.1,MLST.klebsiella.13,65,573.66024,Good,5213620,100.0
0.0,MLST.klebsiella.340,86,573.66036,Good,5239152,100.0
0.0,MLST.klebsiella.12,233,573.66046,Good,5474443,100.0
0.1,MLST.klebsiella.23,118,573.66097,Good,5768803,100.0
0.0,MLST.klebsiella.1135,92,573.67698,Good,5415156,100.0
0.3,MLST.klebsiella.147,53,573.20464,Good,5242656,100.0
25.4,MLST.klebsiella.307,1852,573.20490,Poor,6225316,100.0
2.4,MLST.klebsiella.3370,150,573.20494,Good,5528749,98.3
0.3,MLST.klebsiella.86,134,573.20505,Good,5449387,100.0
0.0,MLST.klebsiella.11,80,573.20506,Good,5578216,100.0
0.7,MLST.klebsiella.36,51,573.20521,Good,5355381,100.0
0.3,MLST.klebsiella.11,84,573.20531,Good,5609974,100.0
0.0,MLST.klebsiella.258,256,573.20532,Good,5718669,100.0
0.7,MLST.klebsiella.35,119,573.20533,Good,5556390,100.0
0.0,MLST.klebsiella.258,145,573.20535,Good,5669997,100.0
0.3,MLST.klebsiella.420,57,573.20536,Good,5621901,100.0
0.0,MLST.klebsiella.3651,37,573.20606,Good,5343147,100.0
0.7,MLST.klebsiella.101,419,573.20609,Good,5863316,100.0
0.0,MLST.klebsiella.258,148,573.20622,Good,5688352,100.0
0.3,MLST.klebsiella.437,76,573.20624,Good,5373476,98.3
0.0,MLST.klebsiella.258,218,573.20627,Good,5693679,100.0
0.0,MLST.klebsiella.11,65,573.20642,Good,5455278,100.0
0.7,MLST.klebsiella.307,150,573.20777,Good,5625545,100.0
0.3,MLST.klebsiella.336,137,573.20797,Good,5880994,100.0
0.0,MLST.klebsiella.101,159,573.20910,Good,5710727,100.0
4.7,MLST.klebsiella.437,410,573.20915,Good,5624758,100.0
1.5,MLST.klebsiella.101,264,573.20920,Good,5832607,100.0
0.3,MLST.klebsiella.437,81,573.21002,Good,5369909,100.0
0.0,MLST.klebsiella.15,87,573.21013,Good,5511541,100.0
0.0,MLST.klebsiella.48,65,573.21026,Good,5429091,100.0
0.3,MLST.klebsiella.3637,53,573.21054,Good,5467928,100.0
0.3,MLST.klebsiella.152,145,573.21055,Good,5965773,99.7
0.0,MLST.klebsiella.15,145,573.21057,Good,5616131,100.0
0.3,MLST.klebsiella.405,77,573.21064,Good,5833540,100.0
8.5,MLST.klebsiella.101,772,573.21067,Good,5854281,100.0
0.2,MLST.klebsiella.15,109,573.21068,Good,5732773,100.0
0.3,MLST.klebsiella.101,96,573.21073,Good,5622223,100.0
0.0,MLST.klebsiella.258,105,573.21079,Good,5751066,100.0
0.0,MLST.klebsiella.512,103,573.21086,Good,5633388,100.0
0.3,MLST.klebsiella.636,105,573.21108,Good,5123180,100.0
15.6,MLST.klebsiella.320,1401,573.21109,Poor,6098199,100.0
0.0,MLST.klebsiella.395,127,573.21110,Good,5725917,100.0
0.0,MLST.klebsiella.11,90,573.21121,Good,5642767,100.0
5.1,MLST.klebsiella.29,436,573.21122,Good,5507300,100.0
0.7,MLST.klebsiella.4,83,573.21129,Good,5459816,100.0
0.0,MLST.klebsiella.15,85,573.21130,Good,5438204,100.0
0.0,MLST.klebsiella.343,54,573.21144,Good,5205385,100.0
0.7,MLST.klebsiella.147,134,573.21153,Good,5650161,100.0
0.7,MLST.klebsiella.147,148,573.21174,Good,5484203,100.0
0.3,MLST.klebsiella.405,125,573.21188,Good,5798774,100.0
0.3,MLST.klebsiella.395,264,573.21189,Good,5745255,100.0
0.0,MLST.klebsiella.101,228,573.21193,Good,5778289,98.4
0.0,MLST.klebsiella.35,46,573.21198,Good,5345348,100.0
0.3,MLST.klebsiella.353,126,573.21201,Good,5420632,100.0
0.3,MLST.klebsiella.185,72,573.21205,Good,5501503,100.0
0.7,MLST.klebsiella.340,147,573.21220,Good,5596916,100.0
0.0,MLST.klebsiella.20,97,573.21229,Good,5734321,100.0
0.7,MLST.klebsiella.219,70,573.21246,Good,5382514,100.0
0.0,MLST.klebsiella.37,45,573.21247,Good,5338269,100.0
0.0,MLST.klebsiella.551,80,573.21262,Good,5424082,100.0
0.7,MLST.klebsiella.1193,64,573.21263,Good,5345186,100.0
0.0,MLST.klebsiella.15,96,573.21276,Good,5757894,100.0
0.0,MLST.klebsiella.307,93,573.21288,Good,5729423,100.0
0.0,MLST.klebsiella.37,45,573.21305,Good,5230349,100.0
0.0,MLST.klebsiella.395,75,573.21307,Good,5455702,100.0
0.3,MLST.klebsiella.11,112,573.21317,Good,5530377,100.0
0.0,MLST.klebsiella.11,108,573.21333,Good,5574868,100.0
0.0,MLST.klebsiella.11,107,573.21344,Good,5425218,100.0
0.0,MLST.klebsiella.37,60,573.21358,Good,5409426,100.0
0.0,MLST.klebsiella.11,101,573.21372,Good,5621755,100.0
0.4,MLST.klebsiella.280,77,573.21385,Good,5613035,99.7
0.0,MLST.klebsiella.134,36,573.21392,Good,5377748,100.0
5.6,MLST.klebsiella.3675,530,573.21402,Good,5556028,100.0
0.0,MLST.klebsiella.11,103,573.21403,Good,5523341,100.0
0.3,MLST.klebsiella.340,86,573.21407,Good,5317397,100.0
0.0,MLST.klebsiella.11,91,573.21411,Good,5553918,100.0
0.0,MLST.klebsiella.11,73,573.21421,Good,5610555,100.0
1.0,MLST.klebsiella.147,89,573.21425,Good,5364462,100.0
0.0,MLST.klebsiella.11,84,573.21445,Good,5572098,100.0
0.0,MLST.klebsiella.11,107,573.21450,Good,5593059,100.0
0.0,MLST.klebsiella.11,90,573.21458,Good,5517142,100.0
0.0,MLST.klebsiella.11,79,573.21460,Good,5671474,100.0
0.0,MLST.klebsiella.152,76,573.21464,Good,5486834,99.7
0.3,MLST.klebsiella.1269,114,573.21524,Good,5519982,100.0
0.0,MLST.klebsiella.512,136,573.21535,Good,5684436,100.0
0.0,MLST.klebsiella.11,78,573.21539,Good,5462918,100.0
0.0,MLST.klebsiella.3653,31,573.21540,Good,5087652,100.0
0.0,MLST.klebsiella.14,102,573.21562,Good,5480188,100.0
0.0,MLST.klebsiella.301,87,573.21563,Good,5302046,100.0
0.0,MLST.klebsiella.512,104,573.21588,Good,5655313,100.0
0.0,MLST.klebsiella.101,174,573.21589,Good,5780919,100.0
0.0,MLST.klebsiella.107,55,573.21593,Good,5396772,100.0
0.3,MLST.klebsiella.1536,107,573.21606,Good,5605333,99.7
0.0,MLST.klebsiella.512,132,573.21607,Good,5672047,100.0
0.0,MLST.klebsiella.101,120,573.21612,Good,5617093,96.6
0.0,MLST.klebsiella.512,86,573.21624,Good,5556393,100.0
0.0,MLST.klebsiella.512,128,573.21642,Good,5685350,100.0
0.0,MLST.klebsiella.512,94,573.21650,Good,5620772,100.0
0.3,MLST.klebsiella.45,82,573.21660,Good,5526083,100.0
0.0,MLST.klebsiella.512,95,573.21669,Good,5617328,100.0
0.0,MLST.klebsiella.512,157,573.21671,Good,5721844,100.0
0.7,MLST.klebsiella.13,51,573.21687,Good,5432016,99.7
0.0,MLST.klebsiella.274,100,573.21705,Good,5839139,100.0
0.0,MLST.klebsiella.101,74,573.21736,Good,5594244,100.0
0.0,MLST.klebsiella.512,160,573.21739,Good,5735258,100.0
0.7,MLST.klebsiella.180,94,573.21749,Good,5516060,100.0
0.7,MLST.klebsiella.258,116,573.21768,Good,5668590,100.0
0.0,MLST.klebsiella.258,134,573.21771,Good,5683067,100.0
0.0,MLST.klebsiella.512,135,573.21786,Good,5729805,100.0
1.0,MLST.klebsiella.3657,85,573.21795,Good,5434374,100.0
0.0,MLST.klebsiella.512,139,573.21797,Good,5700199,100.0
0.3,MLST.klebsiella.11,338,573.21802,Good,5628228,100.0
0.0,MLST.klebsiella.258,113,573.21806,Good,5600158,100.0
0.0,MLST.klebsiella.258,113,573.21811,Good,5606344,99.7
0.0,MLST.klebsiella.1626,72,573.21817,Good,5461208,100.0
0.3,MLST.klebsiella.11,175,573.21825,Good,5628748,100.0
0.0,MLST.klebsiella.512,148,573.21826,Good,5695024,100.0
0.3,MLST.klebsiella.405,62,573.21844,Good,5577451,100.0
0.0,MLST.klebsiella.25,72,573.21848,Good,5485035,100.0
0.0,MLST.klebsiella.512,106,573.21869,Good,5644456,100.0
0.0,MLST.klebsiella.512,88,573.21885,Good,5676835,100.0
0.0,MLST.klebsiella.512,141,573.21902,Good,5716041,100.0
0.0,MLST.klebsiella.405,61,573.21917,Good,5701276,100.0
0.0,MLST.klebsiella.512,145,573.21919,Good,5694218,100.0
0.0,MLST.klebsiella.11,78,573.21936,Good,5571531,100.0
0.0,MLST.klebsiella.15,138,573.21944,Good,5761103,100.0
0.0,MLST.klebsiella.15,100,573.21945,Good,5643435,100.0
0.3,MLST.klebsiella.405,397,573.21951,Good,5820470,100.0
0.0,MLST.klebsiella.15,127,573.21987,Good,5545087,100.0
0.0,MLST.klebsiella.11,92,573.21994,Good,5604816,100.0
0.0,MLST.klebsiella.11,105,573.22000,Good,5615168,100.0
0.0,MLST.klebsiella.15,122,573.22001,Good,5751801,100.0
0.3,MLST.klebsiella.42,89,573.22030,Good,5594316,100.0
0.0,MLST.klebsiella.268,97,573.22071,Good,5429935,99.7
0.3,MLST.klebsiella.15,95,573.22075,Good,5577487,100.0
0.3,MLST.klebsiella.147,151,573.22077,Good,5782591,100.0
0.0,MLST.klebsiella.45,113,573.22090,Good,5439350,100.0
0.0,MLST.klebsiella.512,91,573.31609,Good,5740581,99.78
4.16,MLST.klebsiella.512,142,573.31614,Good,5885265,99.78
0.11,MLST.klebsiella.512,121,573.31621,Good,5649984,99.78
0.0,MLST.klebsiella.307,130,573.46324,Good,5552519,99.78
0.11,MLST.klebsiella.11,120,573.46335,Good,5649474,99.78
0.0,MLST.klebsiella.11,145,573.46342,Good,5547939,99.78
0.0,MLST.klebsiella.11,181,573.46350,Good,5702658,99.78
0.0,MLST.klebsiella.11,143,573.46354,Good,5537697,99.78
0.0,MLST.klebsiella.11,158,573.46360,Good,5537011,99.78
0.0,MLST.klebsiella.11,182,573.46374,Good,5684660,99.78
0.0,MLST.klebsiella.11,159,573.46382,Good,5529558,99.78
0.0,MLST.klebsiella.11,152,573.46390,Good,5539710,99.78
0.0,MLST.klebsiella.11,154,573.46391,Good,5510794,99.78
0.0,MLST.klebsiella.4784,103,573.46400,Good,5545148,99.78
0.0,MLST.klebsiella.307,124,573.14768,Good,5766283,100.0
0.0,MLST.klebsiella.307,121,573.14776,Good,5724832,100.0
0.0,MLST.klebsiella.512,175,573.14778,Good,5824619,100.0
0.0,MLST.klebsiella.512,217,573.14821,Good,5818124,100.0
0.3,MLST.klebsiella.278,4,573.1923,Good,5647266,100.0
0.3,MLST.klebsiella.247,62,573.20683,Good,5360626,100.0
0.0,MLST.klebsiella.101,119,573.20689,Good,5888778,100.0
0.0,MLST.klebsiella.3682,68,573.20701,Good,5316260,100.0
0.3,MLST.klebsiella.437,76,573.20711,Good,5477961,100.0
0.0,MLST.klebsiella.340,120,573.20728,Good,5622314,100.0
0.3,MLST.klebsiella.437,85,573.20739,Good,5500283,100.0
3.3,MLST.klebsiella.101,291,573.20785,Good,5741362,100.0
0.0,MLST.klebsiella.383,91,573.20821,Good,5521012,100.0
0.3,MLST.klebsiella.22,65,573.20822,Good,5373670,100.0
0.0,MLST.klebsiella.336,51,573.20859,Good,5579846,100.0
0.3,MLST.klebsiella.437,83,573.20894,Good,5490383,100.0
0.0,MLST.klebsiella.101,138,573.20896,Good,5773719,100.0
0.0,MLST.klebsiella.101,139,573.20898,Good,5854256,100.0
0.0,MLST.klebsiella.14,89,573.20899,Good,5576669,100.0
0.0,MLST.klebsiella.101,417,573.20904,Good,6039105,100.0
0.7,MLST.klebsiella.340,552,573.20905,Good,5786984,100.0
0.0,MLST.klebsiella.340,140,573.20925,Good,5597245,100.0
0.0,MLST.klebsiella.101,136,573.20929,Good,5663965,100.0
20.8,MLST.klebsiella.34,1482,573.20966,Poor,6157779,100.0
0.3,MLST.klebsiella.437,66,573.20987,Good,5417612,100.0
0.0,MLST.klebsiella.336,48,573.21103,Good,5525747,100.0
0.0,MLST.klebsiella.268,104,573.65877,Good,5581591,100.0
0.0,MLST.klebsiella.3664,45,573.65886,Good,5090065,100.0
0.0,MLST.klebsiella.45,64,573.65889,Good,5286374,100.0
0.0,,106,573.67675,Good,5229483,100.0
0.99,MLST.klebsiella.34,345,573.23993,Good,5421483,99.78
0.66,MLST.klebsiella.34,334,573.24019,Good,5394090,99.78
0.11,MLST.klebsiella.11,165,573.27327,Good,5816554,99.78
0.44,MLST.klebsiella.45,131,573.28633,Good,5549229,99.78
0.0,MLST.klebsiella.37,73,573.65942,Good,5453075,100.0
0.8,MLST.klebsiella.876,268,573.65945,Good,5890300,100.0
0.2,MLST.klebsiella.65,103,573.65952,Good,5535750,99.9
0.1,MLST.klebsiella.3393,53,573.65956,Good,5469644,100.0
0.0,MLST.klebsiella.4,63,573.65960,Good,5322055,100.0
0.0,MLST.klebsiella.268,92,573.65971,Good,5430429,99.7
0.1,MLST.klebsiella.4459,48,573.65984,Good,5346499,100.0
0.0,MLST.klebsiella.29,62,573.65986,Good,5075242,99.1
0.0,MLST.klebsiella.16,82,573.65989,Good,5313160,100.0
0.0,MLST.klebsiella.25,97,573.65991,Good,5445332,100.0
0.0,MLST.klebsiella.37,57,573.66048,Good,5228715,100.0
0.0,MLST.klebsiella.105,54,573.66058,Good,5352089,99.9
0.0,MLST.klebsiella.5259,37,573.66059,Good,5136905,100.0
0.0,MLST.klebsiella.827,71,573.66062,Good,5277796,100.0
0.1,MLST.klebsiella.1691,190,573.66079,Good,5671466,100.0
0.1,MLST.klebsiella.1691,192,573.66080,Good,5671999,100.0
0.1,MLST.klebsiella.1984,55,573.67342,Good,5364426,95.2
0.0,MLST.klebsiella.29,83,573.67690,Good,5486525,100.0
2.7,MLST.klebsiella.278,219,573.7216,Good,5628465,100.0
0.0,MLST.klebsiella.258,111,573.1996,Good,5655663,100.0
0.3,MLST.klebsiella.258,112,573.1998,Good,5647705,100.0
0.3,MLST.klebsiella.258,96,573.1999,Good,5653266,100.0
0.0,MLST.klebsiella.258,83,573.2000,Good,5530126,100.0
0.0,MLST.klebsiella.258,120,573.2001,Good,5587204,100.0
0.3,MLST.klebsiella.258,143,573.2002,Good,5700019,99.7
0.0,MLST.klebsiella.258,106,573.2004,Good,5587188,100.0
0.0,MLST.klebsiella.258,114,573.2007,Good,5584581,100.0
0.0,MLST.klebsiella.258,114,573.2008,Good,5554570,100.0
0.0,MLST.klebsiella.258,150,573.2009,Good,5493868,100.0
0.0,MLST.klebsiella.258,122,573.2011,Good,5581041,100.0
0.3,MLST.klebsiella.258,118,573.2012,Good,5588650,100.0
0.0,MLST.klebsiella.258,99,573.2013,Good,5674605,100.0
0.3,MLST.klebsiella.258,107,573.2015,Good,5652964,100.0
0.0,MLST.klebsiella.258,95,573.2016,Good,5651277,100.0
0.3,MLST.klebsiella.258,109,573.2019,Good,5653866,100.0
0.3,MLST.klebsiella.258,128,573.2022,Good,5658949,100.0
0.3,MLST.klebsiella.258,99,573.2023,Good,5707693,100.0
30.8,MLST.klebsiella.258,1526,573.2024,Poor,8610769,100.0
0.3,MLST.klebsiella.258,110,573.2025,Good,5540559,99.7
0.0,MLST.klebsiella.258,95,573.2026,Good,5645972,100.0
0.5,MLST.klebsiella.258,89,573.2027,Good,5415981,99.7
0.3,MLST.klebsiella.258,126,573.2028,Good,5763065,100.0
0.3,MLST.klebsiella.383,117,573.20467,Good,5753906,100.0
6.4,MLST.klebsiella.268,541,573.20471,Good,5594899,100.0
0.3,MLST.klebsiella.15,100,573.20474,Good,5578294,100.0
6.2,MLST.klebsiella.42,791,573.20478,Good,5861989,100.0
7.6,MLST.klebsiella.107,615,573.20489,Good,5922661,100.0
0.0,MLST.klebsiella.258,286,573.20504,Good,5650508,100.0
0.7,MLST.klebsiella.258,204,573.20509,Good,5707171,100.0
0.3,MLST.klebsiella.258,142,573.20517,Good,5710317,100.0
0.3,MLST.klebsiella.1630,53,573.20527,Good,5342679,100.0
0.0,MLST.klebsiella.11,72,573.20534,Good,5606689,100.0
0.0,MLST.klebsiella.11,96,573.20537,Good,5578719,100.0
0.7,MLST.klebsiella.258,399,573.20538,Good,5858200,100.0
0.0,MLST.klebsiella.1228,80,573.20601,Good,5476872,100.0
0.7,MLST.klebsiella.11,289,573.20607,Good,5723641,99.0
0.0,MLST.klebsiella.101,66,573.20623,Good,5351994,100.0
0.0,MLST.klebsiella.14,114,573.20768,Good,5631627,100.0
0.0,MLST.klebsiella.11,82,573.20787,Good,5485828,100.0
2.8,MLST.klebsiella.15,573,573.20791,Good,5868177,100.0
0.2,MLST.klebsiella.15,142,573.20793,Good,5774120,100.0
0.3,MLST.klebsiella.525,70,573.20871,Good,5465681,100.0
0.3,MLST.klebsiella.101,111,573.20912,Good,5524882,100.0
0.0,MLST.klebsiella.49,90,573.20998,Good,5343449,100.0
1.3,MLST.klebsiella.1010,98,573.20999,Good,5662783,100.0
0.0,MLST.klebsiella.321,92,573.21005,Good,5731536,100.0
0.0,MLST.klebsiella.3636,88,573.21027,Good,5302812,100.0
0.0,MLST.klebsiella.234,52,573.21047,Good,5416807,100.0
0.0,MLST.klebsiella.39,131,573.21059,Good,5614417,100.0
3.6,MLST.klebsiella.788,256,573.21071,Good,5602142,100.0
0.0,MLST.klebsiella.29,74,573.21099,Good,5666839,100.0
0.3,MLST.klebsiella.17,134,573.21127,Good,5762783,100.0
0.0,MLST.klebsiella.15,59,573.21148,Good,5453904,100.0
0.0,MLST.klebsiella.268,92,573.21151,Good,5589172,99.7
3.0,MLST.klebsiella.530,235,573.21152,Good,5553606,100.0
1.0,MLST.klebsiella.3679,52,573.21181,Good,5387748,100.0
0.3,MLST.klebsiella.392,77,573.21206,Good,5437263,100.0
0.0,MLST.klebsiella.882,55,573.21207,Good,5518309,100.0
0.0,MLST.klebsiella.45,287,573.21211,Good,5585769,98.8
0.0,MLST.klebsiella.152,77,573.21214,Good,5492850,99.7
0.0,MLST.klebsiella.512,72,573.21232,Good,5496162,100.0
0.0,MLST.klebsiella.35,51,573.21235,Good,5546195,100.0
0.3,MLST.klebsiella.525,41,573.21250,Good,5634024,100.0
0.0,MLST.klebsiella.15,106,573.21272,Good,5756610,100.0
0.0,MLST.klebsiella.15,104,573.21273,Good,5756997,100.0
0.3,MLST.klebsiella.36,81,573.21274,Good,5554234,100.0
0.0,MLST.klebsiella.17,66,573.21283,Good,5434569,100.0
0.0,MLST.klebsiella.985,62,573.21290,Good,5556226,100.0
0.0,MLST.klebsiella.882,53,573.21292,Good,5515725,100.0
0.0,MLST.klebsiella.323,53,573.21301,Good,5610031,100.0
0.0,MLST.klebsiella.11,50,573.21310,Good,5428758,100.0
0.0,MLST.klebsiella.113,44,573.21314,Good,5333910,100.0
0.7,MLST.klebsiella.11,114,573.21316,Good,5577851,100.0
0.0,MLST.klebsiella.37,127,573.21319,Good,5861952,100.0
0.0,MLST.klebsiella.258,92,573.21324,Good,5646168,100.0
0.0,MLST.klebsiella.15,80,573.21332,Good,5384598,100.0
0.3,MLST.klebsiella.3132,78,573.21343,Good,5423972,100.0
0.3,MLST.klebsiella.20,167,573.21379,Good,5719836,100.0
0.3,MLST.klebsiella.234,65,573.21383,Good,5242153,100.0
0.0,MLST.klebsiella.11,111,573.21384,Good,5625666,100.0
0.0,MLST.klebsiella.11,100,573.21395,Good,5596069,100.0
0.0,MLST.klebsiella.11,55,573.21400,Good,5501477,100.0
0.3,MLST.klebsiella.45,58,573.21415,Good,5582466,100.0
0.0,MLST.klebsiella.512,120,573.21430,Good,5630290,100.0
0.7,MLST.klebsiella.37,127,573.21431,Good,5683847,100.0
0.0,MLST.klebsiella.3635,169,573.21444,Good,5478305,98.3
0.0,MLST.klebsiella.15,120,573.21459,Good,5723396,100.0
0.2,MLST.klebsiella.307,87,573.21485,Good,5534051,100.0
0.0,MLST.klebsiella.200,48,573.21510,Good,5107950,100.0
0.0,MLST.klebsiella.307,106,573.21516,Good,5593545,100.0
0.0,MLST.klebsiella.512,91,573.21527,Good,5481910,100.0
0.7,MLST.klebsiella.36,49,573.21576,Good,5498743,100.0
0.7,MLST.klebsiella.1307,146,573.21577,Good,5847912,100.0
0.0,MLST.klebsiella.37,51,573.21578,Good,5255710,100.0
0.0,MLST.klebsiella.307,145,573.21641,Good,5603483,100.0
0.0,MLST.klebsiella.512,118,573.21644,Good,5624314,100.0
0.0,MLST.klebsiella.512,239,573.21651,Good,5553563,100.0
0.0,MLST.klebsiella.15,107,573.21710,Good,5766491,100.0
0.7,MLST.klebsiella.512,113,573.21733,Good,5633645,100.0
0.0,MLST.klebsiella.101,265,573.21745,Good,5727690,100.0
0.0,MLST.klebsiella.3659,92,573.21752,Good,5893157,100.0
0.5,MLST.klebsiella.512,142,573.21764,Good,5636891,100.0
0.0,MLST.klebsiella.512,139,573.21765,Good,5617077,100.0
0.0,MLST.klebsiella.512,144,573.21775,Good,5731110,100.0
0.0,MLST.klebsiella.512,138,573.21794,Good,5699859,100.0
0.0,MLST.klebsiella.512,131,573.21807,Good,5707799,100.0
0.0,MLST.klebsiella.258,89,573.21810,Good,5610153,99.7
0.0,MLST.klebsiella.258,117,573.21831,Good,5672256,100.0
1.1,MLST.klebsiella.101,133,573.21852,Good,5573054,100.0
0.0,MLST.klebsiella.512,161,573.21853,Good,5719461,100.0
0.3,MLST.klebsiella.36,62,573.21858,Good,5437905,100.0
0.3,MLST.klebsiella.405,77,573.21860,Good,5748083,100.0
0.7,MLST.klebsiella.2217,63,573.21880,Good,5756432,100.0
0.3,MLST.klebsiella.512,146,573.21898,Good,5711394,100.0
0.0,MLST.klebsiella.512,103,573.21915,Good,5629903,100.0
0.0,MLST.klebsiella.512,114,573.21916,Good,5672359,100.0
0.3,MLST.klebsiella.1628,56,573.21923,Good,5502155,100.0
0.7,MLST.klebsiella.2217,62,573.21926,Good,5757470,100.0
0.0,MLST.klebsiella.512,129,573.21933,Good,5658712,100.0
0.0,MLST.klebsiella.11,84,573.21956,Good,5591211,100.0
0.0,MLST.klebsiella.11,126,573.21958,Good,5588512,100.0
8.9,MLST.klebsiella.15,732,573.21975,Good,5926612,100.0
0.0,MLST.klebsiella.15,90,573.21982,Good,5406501,100.0
0.3,MLST.klebsiella.15,218,573.21988,Good,5725991,100.0
0.0,MLST.klebsiella.15,89,573.21989,Good,5585890,100.0
0.3,MLST.klebsiella.11,111,573.21995,Good,5600332,100.0
0.3,MLST.klebsiella.147,57,573.22015,Good,5476524,100.0
0.3,MLST.klebsiella.15,365,573.22023,Good,6058983,100.0
0.4,MLST.klebsiella.466,132,573.22027,Good,5348520,100.0
0.3,MLST.klebsiella.405,70,573.22036,Good,5783544,100.0
0.0,MLST.klebsiella.15,111,573.22037,Good,5675543,100.0
0.0,MLST.klebsiella.278,73,573.22039,Good,5423415,100.0
0.0,MLST.klebsiella.11,85,573.22073,Good,5485225,100.0
0.7,MLST.klebsiella.147,160,573.22076,Good,5773845,100.0
0.7,MLST.klebsiella.405,99,573.22080,Good,5699963,100.0
0.0,MLST.klebsiella.258,96,573.22085,Good,5615457,100.0
0.0,MLST.klebsiella.35,46,573.22089,Good,5487471,100.0
0.0,MLST.klebsiella.395,105,573.22091,Good,5601683,99.7
0.0,MLST.klebsiella.512,169,573.31615,Good,5865617,99.78
0.0,MLST.klebsiella.512,220,573.31616,Good,5799755,99.78
0.11,MLST.klebsiella.307,103,573.46328,Good,5552501,99.78
0.0,MLST.klebsiella.11,159,573.46359,Good,5524061,99.78
0.0,MLST.klebsiella.11,182,573.46375,Good,5699014,99.78
0.0,MLST.klebsiella.11,156,573.46377,Good,5546470,99.78
0.0,MLST.klebsiella.11,176,573.46393,Good,5698623,99.78
0.0,MLST.klebsiella.11,164,573.46408,Good,5561370,99.78
0.0,MLST.klebsiella.307,94,573.13062,Good,5477562,100.0
0.0,MLST.klebsiella.16,93,573.13064,Good,5430472,100.0
0.0,MLST.klebsiella.258,122,573.13067,Good,5524097,100.0
0.3,MLST.klebsiella.307,116,573.13073,Good,5471371,100.0
0.0,MLST.klebsiella.307,98,573.13077,Good,5483963,100.0
0.7,MLST.klebsiella.258,122,573.13084,Good,5665708,100.0
0.7,MLST.klebsiella.16,109,573.13086,Good,5530904,100.0
0.0,MLST.klebsiella.258,135,573.13114,Good,5525784,100.0
0.0,MLST.klebsiella.111,104,573.13130,Good,5625270,100.0
0.3,MLST.klebsiella.258,144,573.13131,Good,5796793,99.7
0.0,MLST.klebsiella.307,136,573.13164,Good,5601093,100.0
0.0,MLST.klebsiella.307,94,573.13187,Good,5359062,100.0
1.2,MLST.klebsiella.307,221,573.13215,Good,5540033,100.0
0.0,MLST.klebsiella.258,141,573.13228,Good,5394446,100.0
0.8,MLST.klebsiella.258,185,573.13392,Good,5528937,100.0
0.3,MLST.klebsiella.258,208,573.13399,Good,5644656,100.0
0.3,MLST.klebsiella.258,147,573.13402,Good,5414247,100.0
0.0,MLST.klebsiella.412,127,573.13403,Good,5579790,100.0
2.4,MLST.klebsiella.906,6,573.13419,Good,6106127,98.3
0.3,MLST.klebsiella.16,69,573.13487,Good,5395007,100.0
0.0,MLST.klebsiella.258,126,573.13491,Good,5517277,100.0
0.0,MLST.klebsiella.258,139,573.13503,Good,5552653,100.0
0.0,MLST.klebsiella.307,107,573.13520,Good,5517249,100.0
0.0,MLST.klebsiella.307,73,573.13533,Good,5366648,100.0
0.0,MLST.klebsiella.258,104,573.13546,Good,5411890,100.0
0.0,MLST.klebsiella.307,109,573.13551,Good,5507282,100.0
0.3,MLST.klebsiella.258,117,573.13553,Good,5486956,100.0
0.0,MLST.klebsiella.307,85,573.13558,Good,5433454,100.0
0.0,MLST.klebsiella.307,91,573.13561,Good,5480432,100.0
0.3,MLST.klebsiella.307,67,573.13571,Good,5244150,99.7
0.0,MLST.klebsiella.307,94,573.13575,Good,5418106,100.0
0.0,MLST.klebsiella.16,83,573.13580,Good,5453916,100.0
0.3,MLST.klebsiella.273,84,573.13586,Good,5617783,100.0
0.0,MLST.klebsiella.258,107,573.13617,Good,5439254,100.0
0.0,MLST.klebsiella.15,73,573.13628,Good,5438198,100.0
0.3,MLST.klebsiella.2570,93,573.13630,Good,5595338,100.0
0.3,MLST.klebsiella.147,109,573.13668,Good,5499899,100.0
0.0,MLST.klebsiella.307,91,573.13687,Good,5425929,100.0
0.7,MLST.klebsiella.437,291,573.13711,Good,5807874,100.0
0.0,MLST.klebsiella.258,106,573.13721,Good,5584917,100.0
1.0,MLST.klebsiella.307,258,573.13734,Good,5307689,100.0
0.0,MLST.klebsiella.17,76,573.13767,Good,5539513,100.0
0.3,MLST.klebsiella.258,119,573.13829,Good,5755840,100.0
0.3,MLST.klebsiella.307,92,573.13865,Good,5413172,100.0
0.7,MLST.klebsiella.15,117,573.13869,Good,5725274,100.0
0.0,MLST.klebsiella.307,92,573.13886,Good,5567633,100.0
0.7,MLST.klebsiella.17,120,573.13892,Good,5493870,100.0
0.3,MLST.klebsiella.307,108,573.13894,Good,5549070,100.0
0.0,MLST.klebsiella.307,85,573.13912,Good,5520800,100.0
0.0,MLST.klebsiella.307,93,573.13922,Good,5522666,100.0
0.0,MLST.klebsiella.258,135,573.13937,Good,5529387,100.0
1.9,MLST.klebsiella.13,262,573.13949,Good,5502218,99.7
0.0,MLST.klebsiella.307,97,573.13959,Good,5352600,100.0
0.7,MLST.klebsiella.13,138,573.13962,Good,5520970,99.7
0.0,MLST.klebsiella.307,96,573.13979,Good,5423235,100.0
0.3,MLST.klebsiella.392,105,573.13984,Good,5564957,100.0
0.3,MLST.klebsiella.307,118,573.14030,Good,5496838,100.0
0.0,MLST.klebsiella.1213,96,573.14071,Good,5436366,100.0
0.0,MLST.klebsiella.307,80,573.14092,Good,5473573,100.0
0.0,MLST.klebsiella.307,92,573.14210,Good,5488640,100.0
0.3,MLST.klebsiella.15,100,573.14279,Good,5599464,100.0
0.0,MLST.klebsiella.14,90,573.14301,Good,5778460,100.0
0.0,MLST.klebsiella.14,100,573.14374,Good,5812155,100.0
0.0,MLST.klebsiella.258,132,573.14378,Good,5576051,100.0
0.0,MLST.klebsiella.307,139,573.14383,Good,5596758,100.0
0.3,MLST.klebsiella.15,151,573.14405,Good,5702910,100.0
0.0,MLST.klebsiella.307,86,573.14417,Good,5405062,100.0
0.0,MLST.klebsiella.551,70,573.14423,Good,5404425,100.0
0.0,MLST.klebsiella.258,111,573.14485,Good,5473598,99.3
0.0,MLST.klebsiella.258,119,573.14531,Good,5650779,100.0
0.3,MLST.klebsiella.307,78,573.14535,Good,5753798,100.0
0.0,MLST.klebsiella.15,134,573.15434,Good,5959331,100.0
0.0,MLST.klebsiella.661,79,573.15451,Good,5395705,100.0
0.0,MLST.klebsiella.1,65,573.15452,Good,5349425,100.0
0.0,MLST.klebsiella.4,58,573.15510,Good,5449385,100.0
0.7,MLST.klebsiella.27,173,573.15524,Good,5483378,100.0
0.3,MLST.klebsiella.681,93,573.15529,Good,5468244,98.3
0.0,MLST.klebsiella.1800,119,573.15564,Good,5251265,99.7
0.0,MLST.klebsiella.3692,45,573.15574,Good,5214203,100.0
0.0,MLST.klebsiella.340,125,573.15603,Good,5634296,100.0
1.0,MLST.klebsiella.231,70,573.15609,Good,6054622,100.0
1.0,MLST.klebsiella.231,58,573.15616,Good,6056608,100.0
0.7,MLST.klebsiella.1599,61,573.15628,Good,6094549,98.0
0.0,MLST.klebsiella.258,6,573.12778,Good,5726558,100.0
0.3,MLST.klebsiella.1426,354,573.12858,Good,5502915,100.0
0.3,MLST.klebsiella.2267,315,573.12861,Good,5188098,100.0
0.0,MLST.klebsiella.307,297,573.12867,Good,5484958,100.0
0.0,MLST.klebsiella.8,481,573.12875,Good,5566435,99.7
0.3,MLST.klebsiella.492,354,573.12911,Good,5560808,100.0
0.0,MLST.klebsiella.261,196,573.12915,Good,5506538,100.0
0.7,MLST.klebsiella.13,283,573.12917,Good,5166027,99.7
0.0,MLST.klebsiella.101,243,573.12943,Good,5404677,100.0
0.0,MLST.klebsiella.17,317,573.12997,Good,5351418,100.0
0.0,MLST.Klebsiella_pneumoniae.1662,346,573.12999,Good,5569095,100.0
0.4,MLST.klebsiella.48,267,573.13009,Good,5573380,100.0
0.0,MLST.klebsiella.258,4,573.18680,Good,5709342,100.0
0.3,MLST.klebsiella.147,6,573.20065,Good,5768716,100.0
0.1,MLST.klebsiella.307,82,573.66179,Good,5413051,100.0
0.0,MLST.klebsiella.515,70,573.66578,Good,5321724,100.0
0.0,MLST.klebsiella.2850,56,573.66590,Good,5461836,100.0
0.0,MLST.klebsiella.37,74,573.66625,Good,5493143,100.0
0.2,MLST.klebsiella.240,123,573.66637,Good,5354200,100.0
0.0,MLST.klebsiella.101,84,573.66652,Good,5455073,100.0
0.0,MLST.klebsiella.20,79,573.66662,Good,5388868,100.0
0.1,MLST.klebsiella.20,98,573.66700,Good,5579846,100.0
0.0,MLST.klebsiella.453,156,573.66803,Good,5672592,100.0
0.1,MLST.klebsiella.26,115,573.66804,Good,5341612,100.0
0.0,MLST.klebsiella.2082,111,573.66833,Good,5592291,100.0
0.0,MLST.klebsiella.551,81,573.66876,Good,5403119,100.0
0.0,MLST.klebsiella.45,119,573.66888,Good,5789136,100.0
0.0,MLST.klebsiella.686,72,573.66900,Good,5552616,100.0
0.0,MLST.klebsiella.340,127,573.66934,Good,5585633,100.0
0.0,MLST.klebsiella.76,42,573.66949,Good,5076309,100.0
0.1,MLST.klebsiella.504,100,573.66988,Good,5181574,100.0
0.0,MLST.klebsiella.35,84,573.67012,Good,5552084,100.0
0.1,MLST.klebsiella.1190,73,573.67014,Good,5098535,96.4
0.3,MLST.klebsiella.4383,128,573.67020,Good,5552457,100.0
0.0,MLST.klebsiella.26,118,573.67021,Good,5363755,100.0
0.0,MLST.klebsiella.198,65,573.67038,Good,5305411,100.0
0.0,MLST.klebsiella.4295,113,573.67047,Good,5483805,100.0
0.0,MLST.klebsiella.86,39,573.67110,Good,5399005,100.0
0.0,MLST.klebsiella.45,88,573.67111,Good,5361170,100.0
0.0,MLST.klebsiella.29,146,573.67710,Good,5557310,100.0
10.7,MLST.klebsiella.258,27,573.7028,Poor,6496907,100.0
0.8,MLST.Klebsiella_pneumoniae.307,154,573.13396,Good,5484634,100.0
0.0,,76,573.13916,Good,5380268,100.0
0.0,,190,573.13798,Good,5549770,99.7
0.0,MLST.klebsiella.147,111,573.46848,Good,5852992,99.78
0.0,MLST.klebsiella.15,62,573.5679,Good,5715160,100.0
0.3,MLST.klebsiella.258,89,573.5763,Good,5623115,100.0
0.3,MLST.klebsiella.437,96,573.5779,Good,5561640,100.0
0.2,MLST.klebsiella.160,39,573.66126,Good,5416721,100.0
0.2,MLST.klebsiella.3520,164,573.66150,Good,5952670,100.0
0.2,MLST.klebsiella.309,58,573.66186,Good,5270867,100.0
0.0,MLST.klebsiella.392,125,573.66228,Good,5541160,100.0
0.0,MLST.klebsiella.15,87,573.66230,Good,5714136,100.0
0.2,MLST.klebsiella.2938,119,573.66249,Good,5390149,100.0
0.2,MLST.klebsiella.307,115,573.66252,Good,5835900,100.0
0.0,MLST.klebsiella.656,85,573.66253,Good,5506005,100.0
0.0,MLST.klebsiella.656,85,573.66256,Good,5506206,100.0
0.0,MLST.klebsiella.15,84,573.66264,Good,5618950,100.0
0.0,MLST.klebsiella.16,88,573.66353,Good,5646754,100.0
0.0,MLST.klebsiella.656,74,573.66395,Good,5488205,100.0
0.0,MLST.klebsiella.16,64,573.66398,Good,5634251,100.0
0.0,MLST.klebsiella.656,73,573.66402,Good,5496363,100.0
0.0,MLST.klebsiella.147,69,573.66409,Good,5575796,99.9
0.0,MLST.klebsiella.20,86,573.66428,Good,5465297,100.0
0.0,MLST.klebsiella.16,68,573.66429,Good,5509799,100.0
0.0,MLST.klebsiella.15,86,573.66439,Good,5602066,100.0
0.0,MLST.klebsiella.37,64,573.66476,Good,5447010,100.0
0.0,MLST.klebsiella.16,79,573.66493,Good,5661086,100.0
0.2,MLST.klebsiella.15,58,573.66526,Good,5434877,100.0
0.0,MLST.klebsiella.15,86,573.66539,Good,5603554,100.0
0.0,MLST.klebsiella.11,109,573.66548,Good,5799157,100.0
0.2,MLST.klebsiella.3514,108,573.67181,Good,5623675,100.0
0.2,MLST.klebsiella.133,80,573.67213,Good,5642250,100.0
0.1,MLST.klebsiella.111,114,573.67249,Good,5682633,100.0
0.0,MLST.klebsiella.412,77,573.67258,Good,5810311,100.0
0.0,MLST.klebsiella.307,156,573.67266,Good,5680084,100.0
0.3,MLST.klebsiella.23,64,573.67322,Good,5825843,100.0
0.2,MLST.klebsiella.133,81,573.67328,Good,5641515,100.0
0.2,MLST.klebsiella.23,63,573.67331,Good,5825641,100.0
0.0,MLST.klebsiella.258,111,573.2003,Good,5585573,100.0
1.9,MLST.klebsiella.258,296,573.2005,Good,5416940,100.0
0.8,MLST.klebsiella.258,102,573.2006,Good,5624155,99.7
0.2,MLST.klebsiella.258,100,573.2010,Good,5668958,100.0
0.0,MLST.klebsiella.258,116,573.2017,Good,5657220,100.0
0.3,MLST.klebsiella.258,123,573.2018,Good,5550021,100.0
0.0,MLST.klebsiella.258,78,573.2020,Good,5507340,100.0
0.0,MLST.klebsiella.258,94,573.2021,Good,5674396,100.0
0.0,MLST.klebsiella.258,122,573.2029,Good,5590337,100.0
0.0,MLST.klebsiella.391,163,573.23209,Good,5657297,99.78
0.11,MLST.klebsiella.337,102,573.23224,Good,5473518,99.78
0.33,MLST.klebsiella.198,74,573.24255,Good,5139323,99.78
0.0,MLST.klebsiella.25,184,573.24282,Good,5706698,99.78
0.99,MLST.klebsiella.1178,96,573.24334,Good,5961784,99.78
0.0,MLST.klebsiella.258,122,573.24335,Good,5570549,99.78
0.33,MLST.klebsiella.485,132,573.24348,Good,5571823,99.78
0.33,MLST.klebsiella.258,187,573.24398,Good,5839735,99.78
0.0,MLST.klebsiella.258,146,573.24414,Good,5539565,99.67
0.11,MLST.klebsiella.307,35,573.26089,Good,5286388,99.78
0.0,MLST.klebsiella.392,84,573.26104,Good,5538918,99.78
0.11,MLST.klebsiella.392,46,573.26142,Good,5433822,99.78
0.22,MLST.klebsiella.3562,47,573.26177,Good,5432389,99.78
0.0,MLST.klebsiella.1605,43,573.26186,Good,5548303,99.78
0.11,MLST.klebsiella.412,142,573.26200,Good,5345688,99.78
0.0,MLST.klebsiella.323,51,573.26235,Good,5545354,99.78
0.0,MLST.klebsiella.2941,51,573.26239,Good,5749832,99.78
0.22,MLST.klebsiella.502,94,573.26254,Good,5360087,99.78
0.0,MLST.klebsiella.111,30,573.26301,Good,5437811,99.78
0.0,MLST.klebsiella.71,16,573.26320,Good,5140395,99.78
0.0,MLST.klebsiella.307,99,573.29882,Good,5598512,99.78
0.0,MLST.klebsiella.512,117,573.29909,Good,5678467,99.78
0.0,MLST.klebsiella.512,64,573.29934,Good,5511068,99.78
0.0,MLST.klebsiella.307,114,573.29989,Good,5716626,99.78
0.0,MLST.klebsiella.15,150,573.33397,Good,5746689,99.78
2.18,MLST.klebsiella.37,7,573.34255,Good,5904790,60.47
0.0,MLST.klebsiella.12,79,573.46081,Good,5490678,99.78
0.0,MLST.klebsiella.2989,37,573.46083,Good,5622994,99.78
0.0,MLST.klebsiella.1322,62,573.46093,Good,5414139,99.78
0.0,MLST.klebsiella.258,129,573.13069,Good,5691146,99.3
0.0,MLST.klebsiella.258,105,573.13119,Good,5718338,100.0
0.0,MLST.klebsiella.323,90,573.13162,Good,5426023,100.0
0.0,MLST.klebsiella.258,145,573.13176,Good,5521248,100.0
0.2,MLST.klebsiella.258,179,573.13237,Good,5554637,100.0
0.9,MLST.klebsiella.134,282,573.13277,Good,5456850,100.0
0.0,MLST.klebsiella.307,121,573.13283,Good,5422414,100.0
0.3,MLST.klebsiella.280,85,573.13301,Good,5482873,100.0
0.0,MLST.klebsiella.307,118,573.13311,Good,5388421,100.0
0.3,MLST.klebsiella.280,85,573.13319,Good,5482401,100.0
0.0,MLST.klebsiella.258,135,573.13322,Good,5566096,100.0
39.8,MLST.klebsiella.258,1128,573.13353,Poor,8883036,100.0
5.4,MLST.klebsiella.307,209,573.13355,Good,5462362,95.2
0.1,MLST.klebsiella.35,121,573.13401,Good,5535640,100.0
11.3,MLST.klebsiella.13,537,573.13404,Poor,6095641,100.0
0.7,MLST.klebsiella.307,186,573.13427,Good,5416221,100.0
0.0,MLST.klebsiella.307,92,573.13495,Good,5413169,100.0
0.0,MLST.klebsiella.2975,70,573.13499,Good,5347669,100.0
0.0,MLST.klebsiella.307,80,573.13516,Good,5372238,100.0
0.0,MLST.klebsiella.1440,74,573.13521,Good,5376493,100.0
0.0,MLST.klebsiella.1427,72,573.13537,Good,5388879,100.0
0.0,MLST.klebsiella.258,207,573.13593,Good,5642783,100.0
0.0,MLST.klebsiella.258,121,573.13612,Good,5410467,98.3
0.0,MLST.klebsiella.258,91,573.13632,Good,5391424,100.0
0.3,MLST.klebsiella.15,153,573.13654,Good,5440831,100.0
0.3,MLST.klebsiella.392,116,573.13673,Good,5567583,100.0
0.0,MLST.klebsiella.307,69,573.13694,Good,5355796,100.0
0.3,MLST.klebsiella.307,78,573.13836,Good,5350925,100.0
0.3,MLST.klebsiella.45,78,573.13853,Good,5491989,100.0
0.0,MLST.klebsiella.307,81,573.13873,Good,5497752,100.0
0.0,MLST.klebsiella.13,115,573.13875,Good,5449495,97.6
0.3,MLST.klebsiella.258,138,573.13920,Good,5693596,100.0
0.3,MLST.klebsiella.258,113,573.13933,Good,5482827,100.0
0.0,MLST.klebsiella.307,95,573.13945,Good,5542478,100.0
0.3,MLST.klebsiella.258,137,573.13948,Good,5775110,100.0
0.3,MLST.klebsiella.392,110,573.13966,Good,5564505,100.0
0.0,MLST.klebsiella.321,70,573.13995,Good,5677227,100.0
0.0,MLST.klebsiella.307,97,573.14019,Good,5419866,100.0
0.0,MLST.klebsiella.307,83,573.14055,Good,5496092,100.0
0.7,MLST.klebsiella.14,128,573.14064,Good,5722406,100.0
0.0,MLST.klebsiella.307,107,573.14088,Good,5538489,100.0
0.0,MLST.klebsiella.1296,78,573.14101,Good,5464723,100.0
0.7,MLST.klebsiella.295,103,573.14120,Good,5632204,100.0
0.0,MLST.klebsiella.307,82,573.14124,Good,5502870,100.0
0.3,MLST.klebsiella.611,77,573.14135,Good,5242614,99.7
0.0,MLST.klebsiella.307,105,573.14188,Good,5539551,100.0
0.7,MLST.klebsiella.405,74,573.14199,Good,5619522,100.0
0.0,MLST.klebsiella.258,107,573.14230,Good,5493086,100.0
0.0,MLST.klebsiella.3792,135,573.14250,Good,5550658,100.0
0.0,MLST.klebsiella.258,136,573.14313,Good,5473359,99.7
0.3,MLST.klebsiella.307,77,573.14322,Good,5517315,100.0
0.2,MLST.klebsiella.307,82,573.14346,Good,5413011,100.0
0.0,MLST.klebsiella.307,102,573.14360,Good,5465717,100.0
0.3,MLST.klebsiella.280,65,573.14363,Good,5487338,100.0
0.3,MLST.klebsiella.307,126,573.14389,Good,5484668,100.0
0.3,MLST.klebsiella.258,133,573.14394,Good,5520763,100.0
0.5,MLST.klebsiella.280,76,573.14402,Good,5487684,100.0
0.0,MLST.klebsiella.307,87,573.14470,Good,5411907,100.0
0.0,MLST.klebsiella.307,65,573.14522,Good,5416011,100.0
0.0,MLST.klebsiella.258,90,573.14540,Good,5445576,100.0
0.3,MLST.klebsiella.14,68,573.15433,Good,5464752,100.0
0.0,MLST.klebsiella.15,133,573.15466,Good,5950751,100.0
0.0,MLST.klebsiella.340,101,573.15468,Good,5522693,100.0
0.0,MLST.klebsiella.15,79,573.15472,Good,5619133,100.0
0.3,MLST.klebsiella.20,87,573.15479,Good,5612036,100.0
0.0,MLST.klebsiella.323,89,573.15516,Good,5495080,100.0
0.0,MLST.klebsiella.35,41,573.15565,Good,5352906,100.0
0.0,MLST.klebsiella.1731,47,573.15577,Good,5182684,98.3
0.3,MLST.klebsiella.3040,84,573.15594,Good,5555919,100.0
0.7,MLST.klebsiella.1049,80,573.15600,Good,5561763,100.0
0.3,MLST.klebsiella.3040,115,573.15622,Good,5542911,100.0
0.3,MLST.klebsiella.512,165,573.1731,Good,5740002,100.0
51.3,MLST.Klebsiella_pneumoniae.16,1715,573.31080,Poor,11147041,99.44
0.11,MLST.Klebsiella_pneumoniae.39,155,573.31079,Good,5505656,99.78
0.0,MLST.klebsiella.1496,429,573.12900,Good,5587484,100.0
0.7,MLST.klebsiella.36,379,573.12901,Good,5408218,100.0
0.7,MLST.klebsiella.20,341,573.12906,Good,5547015,100.0
0.7,MLST.Klebsiella_pneumoniae.253,472,573.12908,Good,5611085,100.0
0.0,MLST.klebsiella.466,285,573.12928,Good,5577519,100.0
0.3,MLST.klebsiella.1017,349,573.12952,Good,5432515,100.0
0.3,MLST.klebsiella.37,327,573.12978,Good,5528998,100.0
0.0,MLST.Klebsiella_pneumoniae.1662,336,573.12992,Good,5495866,100.0
0.3,MLST.klebsiella.36,337,573.12995,Good,5468690,100.0
0.0,MLST.klebsiella.35,225,573.13002,Good,5482072,100.0
2.3,MLST.klebsiella.258,801,573.13007,Good,5487140,100.0
0.0,MLST.klebsiella.307,78,573.66187,Good,5429771,100.0
0.3,MLST.klebsiella.253,145,573.66603,Good,5526216,100.0
0.1,MLST.klebsiella.1114,151,573.66691,Good,5569099,100.0
0.0,MLST.klebsiella.4382,45,573.66701,Good,5078245,100.0
0.1,MLST.klebsiella.788,51,573.66705,Good,4908248,97.3
0.0,MLST.klebsiella.104,73,573.66717,Good,5335649,100.0
0.0,MLST.klebsiella.11,104,573.66725,Good,5353611,99.9
0.0,MLST.klebsiella.1114,84,573.66727,Good,5501396,100.0
0.0,MLST.klebsiella.3829,121,573.66755,Good,5525743,100.0
0.0,MLST.klebsiella.2286,93,573.66756,Good,5426098,100.0
0.1,MLST.klebsiella.3370,82,573.66783,Good,5309161,100.0
0.1,MLST.klebsiella.29,57,573.66796,Good,5265372,100.0
0.2,MLST.klebsiella.416,94,573.66805,Good,5291913,99.7
0.0,MLST.klebsiella.198,49,573.66841,Good,5241261,99.9
0.1,MLST.klebsiella.2428,71,573.66874,Good,5314340,100.0
0.0,MLST.klebsiella.14,87,573.66882,Good,5406853,100.0
0.1,MLST.klebsiella.2949,90,573.66898,Good,5302126,100.0
0.1,MLST.klebsiella.416,118,573.66955,Good,5381891,100.0
0.0,MLST.klebsiella.4295,96,573.66993,Good,5337879,100.0
0.2,MLST.klebsiella.881,59,573.67090,Good,5495652,100.0
0.0,MLST.klebsiella.4354,43,573.67093,Good,5180193,100.0
0.4,MLST.klebsiella.34,78,573.67103,Good,5365885,100.0
0.1,MLST.klebsiella.3702,70,573.67107,Good,5283824,100.0
0.0,MLST.klebsiella.111,60,573.67119,Good,5519449,100.0
0.0,MLST.klebsiella.20,106,573.67130,Good,5566532,100.0
0.0,MLST.klebsiella.17,98,573.67149,Good,5501471,100.0
0.0,MLST.klebsiella.659,86,573.67165,Good,5564216,100.0
0.0,MLST.klebsiella.2004,62,573.67174,Good,5395665,100.0
1.0,MLST.klebsiella.461,15,573.7025,Good,6017882,100.0
0.7,MLST.klebsiella.327,10,573.7033,Good,5543609,99.7
1.0,,149,573.13346,Good,5941820,98.0
0.77,,205,573.24361,Good,5894558,99.78
0.33,,195,573.24352,Good,5556506,99.67
0.7,MLST.Klebsiella_pneumoniae.560,112,573.13457,Good,5290409,100.0
0.0,MLST.klebsiella.1787,34,573.5658,Good,5366561,99.7
0.1,MLST.klebsiella.37,48,573.5702,Good,5382592,100.0
0.6,MLST.klebsiella.3837,167,573.5719,Good,5841524,97.3
0.3,MLST.klebsiella.16,26,573.5817,Good,5497232,100.0
0.0,MLST.klebsiella.512,115,573.66127,Good,5582224,100.0
0.0,MLST.klebsiella.16,77,573.66222,Good,5523775,100.0
0.0,MLST.klebsiella.11,115,573.66244,Good,5757636,100.0
0.2,MLST.klebsiella.307,117,573.66250,Good,5836988,100.0
0.0,MLST.klebsiella.15,152,573.66257,Good,5572157,100.0
0.0,MLST.klebsiella.15,163,573.66259,Good,5643892,100.0
0.0,MLST.klebsiella.15,158,573.66260,Good,5645046,100.0
0.0,MLST.klebsiella.273,102,573.66278,Good,5662578,100.0
0.0,MLST.klebsiella.15,172,573.66288,Good,5686914,100.0
0.0,MLST.klebsiella.656,71,573.66297,Good,5335397,100.0
0.0,MLST.klebsiella.11,107,573.66326,Good,5787888,100.0
0.0,MLST.klebsiella.656,54,573.66343,Good,5328821,100.0
0.0,MLST.klebsiella.16,84,573.66349,Good,5647245,100.0
0.0,MLST.klebsiella.199,113,573.66379,Good,5552960,100.0
0.0,MLST.klebsiella.147,68,573.66406,Good,5578603,99.9
0.0,MLST.klebsiella.11,104,573.66418,Good,5806298,100.0
0.0,MLST.klebsiella.147,70,573.66433,Good,5575220,99.9
0.0,MLST.klebsiella.16,68,573.66438,Good,5575925,100.0
0.0,MLST.klebsiella.20,86,573.66458,Good,5462566,100.0
0.0,MLST.klebsiella.37,57,573.66471,Good,5410926,100.0
0.0,MLST.klebsiella.15,110,573.66492,Good,5634416,100.0
0.0,MLST.klebsiella.15,101,573.66497,Good,5599146,100.0
0.0,MLST.klebsiella.15,98,573.66503,Good,5600756,100.0
0.0,MLST.klebsiella.327,104,573.66519,Good,5591044,100.0
0.0,MLST.klebsiella.16,68,573.66533,Good,5637939,100.0
0.0,MLST.klebsiella.15,87,573.66534,Good,5602946,100.0
0.2,MLST.klebsiella.26,207,573.67189,Good,5621714,99.9
0.0,MLST.klebsiella.258,80,573.67237,Good,5543087,99.9
0.0,MLST.klebsiella.258,106,573.67248,Good,5618244,100.0
0.1,MLST.klebsiella.111,79,573.67251,Good,5593615,99.8
0.4,MLST.klebsiella.240,206,573.67278,Good,5689513,100.0
0.2,MLST.klebsiella.834,76,573.67280,Good,5551554,100.0
0.0,MLST.klebsiella.258,134,573.67293,Good,5657236,100.0
0.2,MLST.klebsiella.3514,98,573.67317,Good,5656335,100.0
0.0,MLST.klebsiella.617,104,573.23208,Good,5572205,99.78
0.0,MLST.klebsiella.231,84,573.23221,Good,5555841,99.78
0.55,MLST.klebsiella.395,143,573.24311,Good,5593229,99.78
0.33,MLST.klebsiella.258,155,573.24327,Good,5685049,99.78
0.0,MLST.klebsiella.258,109,573.24343,Good,5538688,99.78
0.0,MLST.klebsiella.258,108,573.24403,Good,5511061,99.78
0.0,MLST.klebsiella.15,114,573.24419,Good,5734539,99.78
0.0,MLST.klebsiella.258,115,573.24422,Good,5385896,99.78
0.0,MLST.klebsiella.383,139,573.25569,Good,5897970,99.78
0.0,MLST.klebsiella.11,59,573.26081,Good,5641634,99.78
0.0,MLST.klebsiella.152,72,573.26095,Good,5511034,99.78
0.11,MLST.klebsiella.322,81,573.26121,Good,5298456,99.78
0.22,MLST.klebsiella.86,38,573.26123,Good,5416919,99.78
0.0,MLST.klebsiella.528,44,573.26130,Good,5339827,99.78
0.0,MLST.klebsiella.138,34,573.26135,Good,5551518,99.78
0.22,MLST.klebsiella.2390,116,573.26136,Good,5321968,99.78
0.0,MLST.klebsiella.234,28,573.26143,Good,5312029,99.78
0.0,MLST.klebsiella.45,51,573.26147,Good,5457127,99.78
0.0,MLST.klebsiella.48,31,573.26151,Good,5417635,99.78
0.0,MLST.klebsiella.48,37,573.26168,Good,5511822,99.78
0.0,MLST.klebsiella.34,176,573.26174,Good,5528735,99.78
0.0,MLST.klebsiella.1605,44,573.26185,Good,5552321,99.78
0.11,MLST.klebsiella.1626,52,573.26194,Good,5459381,99.78
0.11,MLST.klebsiella.251,39,573.26208,Good,5432239,99.78
0.0,MLST.klebsiella.391,32,573.26214,Good,5437416,99.78
0.11,MLST.klebsiella.502,71,573.26217,Good,5264006,99.55
0.0,MLST.klebsiella.298,117,573.26222,Good,5382943,99.78
0.0,MLST.klebsiella.152,74,573.26232,Good,5506768,99.78
0.11,MLST.klebsiella.1665,108,573.26249,Good,5338367,99.78
0.22,MLST.klebsiella.65,44,573.26259,Good,5373500,99.78
0.0,MLST.klebsiella.234,84,573.26274,Good,5486373,99.78
0.0,MLST.klebsiella.273,45,573.26307,Good,5424256,99.78
0.55,MLST.klebsiella.745,113,573.29865,Good,5525890,99.67
0.11,MLST.klebsiella.307,108,573.29874,Good,5707435,99.78
0.0,MLST.klebsiella.307,96,573.29920,Good,5638331,99.78
0.0,MLST.klebsiella.512,125,573.29948,Good,5707179,99.78
0.0,MLST.klebsiella.307,90,573.29950,Good,5570287,99.78
0.33,MLST.klebsiella.101,312,573.30009,Good,5807056,99.78
0.0,MLST.klebsiella.15,143,573.33406,Good,5868908,99.78
0.0,MLST.klebsiella.2998,4,573.34297,Good,5565136,99.78
0.0,MLST.klebsiella.323,93,573.46071,Good,5442792,99.55
0.44,MLST.klebsiella.2992,126,573.46105,Good,5872902,99.78
0.0,MLST.klebsiella.258,202,573.5624,Good,5921735,100.0
0.0,MLST.klebsiella.985,40,573.13115,Good,5457208,100.0
0.0,MLST.klebsiella.16,134,573.13266,Good,5399698,100.0
0.0,MLST.klebsiella.307,144,573.13415,Good,5317209,100.0
0.3,MLST.klebsiella.147,107,573.13890,Good,5499326,100.0
0.3,MLST.klebsiella.15,100,573.14304,Good,5612658,100.0
0.3,MLST.klebsiella.25,87,573.15509,Good,5596533,100.0
0.3,MLST.klebsiella.37,36,573.15560,Good,5128194,100.0
0.0,MLST.klebsiella.20,81,573.66715,Good,5346634,99.9
0.0,MLST.klebsiella.23,91,573.66750,Good,5554586,100.0
0.1,MLST.klebsiella.2599,125,573.66764,Good,5528317,100.0
0.3,MLST.klebsiella.231,45,573.5677,Good,5626433,100.0
0.0,MLST.klebsiella.11,97,573.66224,Good,5720192,100.0
0.0,MLST.klebsiella.15,60,573.66447,Good,5476605,100.0
0.0,MLST.klebsiella.15,138,573.66501,Good,5650908,100.0
0.0,MLST.klebsiella.15,91,573.66544,Good,5587295,100.0
0.3,MLST.klebsiella.1322,72,573.67254,Good,5491523,100.0
0.66,MLST.klebsiella.258,140,573.24355,Good,5605071,99.78
0.0,MLST.klebsiella.1661,29,573.26152,Good,5327967,99.78
0.11,MLST.klebsiella.5563,62,573.26225,Good,5573011,99.78
0.0,MLST.klebsiella.846,38,573.26283,Good,5384675,99.78
