genome_id,genome_name,label
573.13637,Klebsiella pneumoniae KPN1738ec,Susceptible
573.20061,Klebsiella pneumoniae strain AR_0160,Resistant
573.13063,Klebsiella pneumoniae KPN1041ec,Resistant
573.9723,Klebsiella pneumoniae strain AR_0115,Resistant
573.24363,Klebsiella pneumoniae strain MUGSI_16,Resistant
573.5778,Klebsiella pneumoniae strain 20_GR_12,Resistant
573.66568,Klebsiella pneumoniae KP_NORM_BLD_1034,Susceptible
573.29965,Klebsiella pneumoniae strain Kpngiani7132523,Resistant
573.26278,Klebsiella pneumoniae strain 5012STDY7626397,Resistant
573.14404,Klebsiella pneumoniae KPN797ec,Susceptible
573.67205,Klebsiella pneumoniae ERR7221186,Susceptible
573.14246,Klebsiella pneumoniae KPN572ec,Resistant
573.66800,Klebsiella pneumoniae KP_NORM_BLD_13748,Susceptible
573.13796,Klebsiella pneumoniae KPN1949ec,Resistant
573.66149,Klebsiella pneumoniae ERR2106420,Susceptible
573.46853,Klebsiella pneumoniae KP-24PI,Resistant
573.66893,Klebsiella pneumoniae KP_NORM_BLD_2011_76225,Susceptible
573.13289,Klebsiella pneumoniae KPN1329ec,Resistant
573.67169,Klebsiella pneumoniae KP_NORM_URN_2015_108182,Susceptible
573.13626,Klebsiella pneumoniae KPN1723ec,Resistant
573.13532,Klebsiella pneumoniae KPN1611ec,Susceptible
573.24252,Klebsiella pneumoniae strain 16,Resistant
573.13639,Klebsiella pneumoniae KPN1740ec,Susceptible
573.15563,Klebsiella pneumoniae strain KSB1_4G,Susceptible
573.14416,Klebsiella pneumoniae KPN816ec,Susceptible
573.13947,Klebsiella pneumoniae KPN2155ec,Resistant
573.66734,Klebsiella pneumoniae KP_NORM_BLD_1169,Susceptible
573.14344,Klebsiella pneumoniae KPN718ec,Susceptible
573.24321,Klebsiella pneumoniae strain MRSN14170,Resistant
573.26286,Klebsiella pneumoniae strain 5012STDY7626404,Susceptible
573.66945,Klebsiella pneumoniae KP_NORM_BLD_225,Susceptible
573.13113,Klebsiella pneumoniae KPN1109ec,Resistant
573.5724,Klebsiella pneumoniae strain F1-9-ERG2,Susceptible
573.15597,Klebsiella pneumoniae strain INF312,Susceptible
573.46855,Klebsiella pneumoniae KP-25PI,Resistant
573.66613,Klebsiella pneumoniae KP_NORM_BLD_113303,Susceptible
573.66499,Klebsiella pneumoniae 27261_8#156,Resistant
573.14406,Klebsiella pneumoniae KPN799ec,Resistant
573.13144,Klebsiella pneumoniae KPN1146ec,Susceptible
573.66542,Klebsiella pneumoniae 29105_1#112,Resistant
573.13343,Klebsiella pneumoniae KPN1394ec,Susceptible
573.1734,Klebsiella pneumoniae strain KpVA-16,Resistant
573.67137,Klebsiella pneumoniae KP_NORM_URN_2013_94592,Susceptible
573.13795,Klebsiella pneumoniae KPN1948ec,Susceptible
573.15373,Klebsiella pneumoniae strain KSB1_7J,Susceptible
573.66283,Klebsiella pneumoniae 26975_5#2,Resistant
573.15042,Klebsiella pneumoniae strain AR_0158,Resistant
573.15518,Klebsiella pneumoniae strain INF072,Susceptible
573.14508,Klebsiella pneumoniae KPN940ec,Susceptible
573.67060,Klebsiella pneumoniae KP_NORM_BLD_62204,Susceptible
573.66878,Klebsiella pneumoniae KP_NORM_BLD_2011_72749,Susceptible
573.14299,Klebsiella pneumoniae KPN648ec,Susceptible
573.13387,Klebsiella pneumoniae KPN1446ec,Resistant
573.67072,Klebsiella pneumoniae KP_NORM_BLD_62507,Susceptible
573.66172,Klebsiella pneumoniae KP_NORM_BLD_2012_84087,Susceptible
573.66110,Klebsiella pneumoniae ERR1813608,Susceptible
573.5818,Klebsiella pneumoniae strain PB497,Susceptible
573.66636,Klebsiella pneumoniae KP_NORM_BLD_114321,Susceptible
573.67026,Klebsiella pneumoniae KP_NORM_BLD_61299,Susceptible
573.13621,Klebsiella pneumoniae KPN1718ec,Susceptible
573.13385,Klebsiella pneumoniae KPN1444ec,Susceptible
573.46851,Klebsiella pneumoniae KP-23PA,Resistant
573.13125,Klebsiella pneumoniae KPN1123ec,Susceptible
573.12958,Klebsiella pneumoniae 3270,Susceptible
573.24283,Klebsiella pneumoniae strain 313,Susceptible
573.66411,Klebsiella pneumoniae 26994_8#142,Resistant
573.5767,Klebsiella pneumoniae strain 7_GR_13,Resistant
573.66908,Klebsiella pneumoniae KP_NORM_BLD_2012_86927,Susceptible
573.13540,Klebsiella pneumoniae KPN1623ec,Susceptible
573.66148,Klebsiella pneumoniae ERR2106615,Resistant
573.13934,Klebsiella pneumoniae KPN2118ec,Susceptible
573.14173,Klebsiella pneumoniae KPN462ec,Susceptible
573.14245,Klebsiella pneumoniae KPN571ec,Susceptible
573.13127,Klebsiella pneumoniae KPN1125ec,Resistant
573.13779,Klebsiella pneumoniae KPN1927ec,Susceptible
573.66394,Klebsiella pneumoniae 26994_8#69,Resistant
573.13648,Klebsiella pneumoniae KPN1752ec,Susceptible
573.67330,Klebsiella pneumoniae ERR7221342,Resistant
573.12885,Klebsiella pneumoniae 91,Susceptible
573.24281,Klebsiella pneumoniae strain 310,Susceptible
573.66863,Klebsiella pneumoniae KP_NORM_BLD_2009_62172,Susceptible
573.29871,Klebsiella pneumoniae strain Kpngiani7132572,Resistant
573.66978,Klebsiella pneumoniae KP_NORM_BLD_3093,Susceptible
573.29958,Klebsiella pneumoniae strain Kpngiani7132624,Resistant
573.29942,Klebsiella pneumoniae strain Kpngiani7132479,Resistant
573.5726,Klebsiella pneumoniae strain W2-5-ERG6,Susceptible
573.67146,Klebsiella pneumoniae KP_NORM_URN_2013_95977,Susceptible
573.13583,Klebsiella pneumoniae KPN1679ec,Susceptible
573.13707,Klebsiella pneumoniae KPN1844ec,Resistant
573.66396,Klebsiella pneumoniae 26994_8#79,Resistant
573.14034,Klebsiella pneumoniae KPN299ec,Susceptible
573.12959,Klebsiella pneumoniae 3283,Resistant
573.14462,Klebsiella pneumoniae KPN880ec,Susceptible
573.67296,Klebsiella pneumoniae ERR7221299,Susceptible
573.13663,Klebsiella pneumoniae KPN1769ec,Susceptible
573.13348,Klebsiella pneumoniae KPN1404ec,Susceptible
573.67018,Klebsiella pneumoniae KP_NORM_BLD_61057,Susceptible
573.13075,Klebsiella pneumoniae KPN1057ec,Resistant
573.29866,Klebsiella pneumoniae strain Kpngiani7132568,Resistant
573.26234,Klebsiella pneumoniae strain 5012STDY7626538,Susceptible
573.14469,Klebsiella pneumoniae KPN890ec,Resistant
573.1725,Klebsiella pneumoniae strain KpVA-7,Resistant
573.13786,Klebsiella pneumoniae KPN1934ec,Susceptible
573.26285,Klebsiella pneumoniae strain 5012STDY7626403,Susceptible
573.33418,Klebsiella pneumoniae strain PMK5b,Susceptible
573.29993,Klebsiella pneumoniae strain Kpngiani7132554,Resistant
573.66611,Klebsiella pneumoniae KP_NORM_BLD_112925,Susceptible
573.13478,Klebsiella pneumoniae KPN1549ec,Resistant
573.24288,Klebsiella pneumoniae strain 350,Resistant
573.18093,Klebsiella pneumoniae strain AR_0153,Resistant
573.14525,Klebsiella pneumoniae KPN959ec,Susceptible
573.5808,Klebsiella pneumoniae strain PB298,Susceptible
573.31078,Klebsiella pneumoniae strain PH49-2,Susceptible
573.67050,Klebsiella pneumoniae KP_NORM_BLD_62164,Susceptible
573.66413,Klebsiella pneumoniae 26994_8#143,Resistant
573.24308,Klebsiella pneumoniae strain 463,Resistant
573.66427,Klebsiella pneumoniae 27097_7#10,Resistant
573.13171,Klebsiella pneumoniae KPN1178ec,Susceptible
573.1726,Klebsiella pneumoniae strain KpVA-8,Resistant
573.34284,Klebsiella pneumoniae strain INF327-sc-2280132,Susceptible
573.13530,Klebsiella pneumoniae KPN160ec,Resistant
573.15551,Klebsiella pneumoniae strain KSB1_2E,Susceptible
573.13841,Klebsiella pneumoniae KPN2010ec,Susceptible
573.66801,Klebsiella pneumoniae KP_NORM_BLD_13749,Susceptible
573.24259,Klebsiella pneumoniae strain 193,Susceptible
573.66233,Klebsiella pneumoniae 26968_5#139,Resistant
573.13994,Klebsiella pneumoniae KPN254ec,Susceptible
573.13151,Klebsiella pneumoniae KPN1153ec,Susceptible
573.14326,Klebsiella pneumoniae KPN697ec,Susceptible
573.13294,Klebsiella pneumoniae KPN1333ec,Susceptible
573.12887,Klebsiella pneumoniae 3314,Susceptible
573.14283,Klebsiella pneumoniae KPN616ec,Susceptible
573.13091,Klebsiella pneumoniae KPN1079ec,Susceptible
573.15475,Klebsiella pneumoniae strain 10315_6#67,Susceptible
573.13596,Klebsiella pneumoniae KPN1693ec,Susceptible
573.66873,Klebsiella pneumoniae KP_NORM_BLD_2009_63480,Susceptible
573.66655,Klebsiella pneumoniae KP_NORM_BLD_114729,Susceptible
573.66599,Klebsiella pneumoniae KP_NORM_BLD_112139,Susceptible
573.26207,Klebsiella pneumoniae strain 5012STDY7312671,Susceptible
573.13483,Klebsiella pneumoniae KPN1555ec,Resistant
573.13768,Klebsiella pneumoniae KPN1912ec,Susceptible
573.66807,Klebsiella pneumoniae KP_NORM_BLD_13892,Susceptible
573.67092,Klebsiella pneumoniae KP_NORM_BLD_63318,Susceptible
573.24267,Klebsiella pneumoniae strain 24,Resistant
573.66229,Klebsiella pneumoniae 26968_5#80,Resistant
573.14166,Klebsiella pneumoniae KPN450ec,Susceptible
573.67086,Klebsiella pneumoniae KP_NORM_BLD_62920,Susceptible
573.14153,Klebsiella pneumoniae KPN435ec,Resistant
573.67250,Klebsiella pneumoniae ERR7221224,Resistant
573.66124,Klebsiella pneumoniae ERR1829914,Resistant
573.13699,Klebsiella pneumoniae KPN1835ec,Susceptible
573.24326,Klebsiella pneumoniae strain MUGSI_102,Resistant
573.13099,Klebsiella pneumoniae KPN1093ec,Susceptible
573.66235,Klebsiella pneumoniae 26968_5#137,Resistant
573.66305,Klebsiella pneumoniae 26975_5#59,Resistant
573.13201,Klebsiella pneumoniae KPN1210ec,Resistant
573.13437,Klebsiella pneumoniae KPN1500ec,Susceptible
573.26298,Klebsiella pneumoniae strain 5012STDY7626415,Susceptible
573.66765,Klebsiella pneumoniae KP_NORM_BLD_13123,Susceptible
573.24453,Klebsiella pneumoniae strain MUGSI_96,Resistant
573.14529,Klebsiella pneumoniae KPN965ec,Susceptible
573.14527,Klebsiella pneumoniae KPN962ec,Susceptible
573.66736,Klebsiella pneumoniae KP_NORM_BLD_1166,Susceptible
573.13566,Klebsiella pneumoniae KPN1659ec,Resistant
573.14113,Klebsiella pneumoniae KPN390ec,Susceptible
573.23199,Klebsiella pneumoniae strain KP_121,Resistant
573.26080,Klebsiella pneumoniae strain 5012STDY7312712,Susceptible
573.13195,Klebsiella pneumoniae KPN1204ec,Resistant
573.13468,Klebsiella pneumoniae KPN1537ec,Susceptible
573.13000,Klebsiella pneumoniae 33,Susceptible
573.67168,Klebsiella pneumoniae KP_NORM_URN_2015_107993,Susceptible
573.30013,Klebsiella pneumoniae strain Kpngiani7132548,Resistant
573.13231,Klebsiella pneumoniae KPN1251ec,Susceptible
573.12933,Klebsiella pneumoniae 76,Susceptible
573.14516,Klebsiella pneumoniae KPN948ec,Resistant
573.14475,Klebsiella pneumoniae KPN896ec,Resistant
573.24291,Klebsiella pneumoniae strain 361,Resistant
573.46831,Klebsiella pneumoniae KP-106LU,Resistant
573.24315,Klebsiella pneumoniae strain 8,Resistant
573.14307,Klebsiella pneumoniae KPN676ec,Susceptible
573.66598,Klebsiella pneumoniae KP_NORM_BLD_112176,Susceptible
573.24392,Klebsiella pneumoniae strain MUGSI_308,Resistant
573.66351,Klebsiella pneumoniae 26994_7#32,Resistant
573.13031,Klebsiella pneumoniae KPN1000ec,Susceptible
573.13623,Klebsiella pneumoniae KPN1720ec,Resistant
573.66191,Klebsiella pneumoniae KP_NORM_BLD_2015_117563,Susceptible
573.13608,Klebsiella pneumoniae KPN1705ec,Susceptible
573.13792,Klebsiella pneumoniae KPN1942ec,Susceptible
573.66960,Klebsiella pneumoniae KP_NORM_BLD_2508,Susceptible
573.14332,Klebsiella pneumoniae KPN704ec,Susceptible
573.66220,Klebsiella pneumoniae 26968_5#50,Resistant
573.26195,Klebsiella pneumoniae strain 5012STDY7312661,Susceptible
573.67074,Klebsiella pneumoniae KP_NORM_BLD_62638,Susceptible
573.14252,Klebsiella pneumoniae KPN578ec,Resistant
573.13535,Klebsiella pneumoniae KPN1616ec,Resistant
573.14215,Klebsiella pneumoniae KPN530ec,Susceptible
573.29911,Klebsiella pneumoniae strain Kpngiani7132595,Resistant
573.13936,Klebsiella pneumoniae KPN2122ec,Susceptible
573.24433,Klebsiella pneumoniae strain MUGSI_74,Resistant
573.13338,Klebsiella pneumoniae KPN1388ec,Susceptible
573.13136,Klebsiella pneumoniae KPN1135ec,Resistant
573.14060,Klebsiella pneumoniae KPN327ec,Resistant
573.34302,Klebsiella pneumoniae strain KSB1_10B-sc-2280232,Susceptible
573.13759,Klebsiella pneumoniae KPN189ec,Susceptible
573.67185,Klebsiella pneumoniae ERR7221161,Resistant
573.14047,Klebsiella pneumoniae KPN313ec,Susceptible
573.13879,Klebsiella pneumoniae KPN2054ec,Resistant
573.15435,Klebsiella pneumoniae strain 10315_6#17,Resistant
573.14168,Klebsiella pneumoniae KPN455ec,Resistant
573.14183,Klebsiella pneumoniae KPN473ec,Resistant
573.26170,Klebsiella pneumoniae strain 5012STDY7312610,Susceptible
573.14118,Klebsiella pneumoniae KPN396ec,Resistant
573.66316,Klebsiella pneumoniae 26994_6#75,Resistant
573.5796,Klebsiella pneumoniae strain PB209,Susceptible
573.66624,Klebsiella pneumoniae KP_NORM_BLD_113895,Susceptible
573.13634,Klebsiella pneumoniae KPN1734ec,Resistant
573.66311,Klebsiella pneumoniae 26975_5#169,Resistant
573.14292,Klebsiella pneumoniae KPN629ec,Resistant
573.34239,Klebsiella pneumoniae strain INF133-sc-2279960,Susceptible
573.15217,Klebsiella pneumoniae strain AR_0112,Resistant
573.24358,Klebsiella pneumoniae strain MUGSI_15,Resistant
573.26253,Klebsiella pneumoniae strain 5012STDY7626374,Susceptible
573.24359,Klebsiella pneumoniae strain MUGSI_153,Resistant
573.67031,Klebsiella pneumoniae KP_NORM_BLD_61453,Susceptible
573.14142,Klebsiella pneumoniae KPN422ec,Susceptible
573.66551,Klebsiella pneumoniae 29105_1#255,Resistant
573.26266,Klebsiella pneumoniae strain 5012STDY7626385,Susceptible
573.67305,Klebsiella pneumoniae ERR7221311,Resistant
573.13581,Klebsiella pneumoniae KPN1677ec,Susceptible
573.15360,Klebsiella pneumoniae strain INF249,Susceptible
573.14186,Klebsiella pneumoniae KPN479ec,Resistant
573.13354,Klebsiella pneumoniae KPN1410ec,Susceptible
573.13216,Klebsiella pneumoniae KPN1233ec,Susceptible
573.26308,Klebsiella pneumoniae strain 5012STDY7626426,Susceptible
573.29929,Klebsiella pneumoniae strain Kpngiani7132618,Resistant
573.24268,Klebsiella pneumoniae strain 246,Susceptible
573.67229,Klebsiella pneumoniae ERR7221213,Resistant
573.66697,Klebsiella pneumoniae KP_NORM_BLD_116218,Susceptible
573.15495,Klebsiella pneumoniae strain 10315_6#89,Susceptible
573.26162,Klebsiella pneumoniae strain 5012STDY7312600,Susceptible
573.29981,Klebsiella pneumoniae strain Kpngiani7132514,Resistant
573.7024,Klebsiella pneumoniae strain AR_0012,Susceptible
573.5684,Klebsiella pneumoniae strain PB506,Susceptible
573.13066,Klebsiella pneumoniae KPN1044ec,Susceptible
573.24439,Klebsiella pneumoniae strain MUGSI_8,Resistant
573.14072,Klebsiella pneumoniae KPN342ec,Susceptible
573.13659,Klebsiella pneumoniae KPN1764ec,Susceptible
573.66690,Klebsiella pneumoniae KP_NORM_BLD_115811,Susceptible
573.13117,Klebsiella pneumoniae KPN1115ec,Susceptible
573.66521,Klebsiella pneumoniae 27322_4#36,Resistant
573.13111,Klebsiella pneumoniae KPN1107ec,Susceptible
573.66426,Klebsiella pneumoniae 27097_7#44,Resistant
573.13213,Klebsiella pneumoniae KPN1224ec,Resistant
573.31061,Klebsiella pneumoniae strain PH150-2,Susceptible
573.14282,Klebsiella pneumoniae KPN615ec,Susceptible
573.66573,Klebsiella pneumoniae KP_NORM_BLD_1042,Susceptible
573.13057,Klebsiella pneumoniae KPN1034ec,Susceptible
573.66509,Klebsiella pneumoniae 27322_4#60,Resistant
573.13660,Klebsiella pneumoniae KPN1766ec,Susceptible
573.15626,Klebsiella pneumoniae strain KSB1_1H,Resistant
573.14073,Klebsiella pneumoniae KPN343ec,Susceptible
573.5795,Klebsiella pneumoniae strain PB425,Susceptible
573.66581,Klebsiella pneumoniae KP_NORM_BLD_110770,Susceptible
573.13235,Klebsiella pneumoniae KPN1256ec,Resistant
573.26154,Klebsiella pneumoniae strain 5012STDY7312593,Susceptible
573.14075,Klebsiella pneumoniae KPN347ec,Susceptible
573.67313,Klebsiella pneumoniae ERR7221320,Resistant
573.66864,Klebsiella pneumoniae KP_NORM_BLD_2009_62208,Susceptible
573.12868,Klebsiella pneumoniae 78,Susceptible
573.14243,Klebsiella pneumoniae KPN568ec,Resistant
573.67101,Klebsiella pneumoniae KP_NORM_BLD_63373,Susceptible
573.29947,Klebsiella pneumoniae strain Kpngiani7132496,Resistant
573.15538,Klebsiella pneumoniae strain KSB1_2A,Susceptible
573.24410,Klebsiella pneumoniae strain MUGSI_41,Resistant
573.12899,Klebsiella pneumoniae 3368,Susceptible
573.13818,Klebsiella pneumoniae KPN1985ec,Susceptible
573.14512,Klebsiella pneumoniae KPN944ec,Resistant
573.5814,Klebsiella pneumoniae strain PB199,Susceptible
573.13689,Klebsiella pneumoniae KPN1821ec,Resistant
573.24302,Klebsiella pneumoniae strain 415,Susceptible
573.26219,Klebsiella pneumoniae strain 5012STDY7312683,Susceptible
573.67276,Klebsiella pneumoniae ERR7221273,Resistant
573.12969,Klebsiella pneumoniae 3295,Susceptible
573.13505,Klebsiella pneumoniae KPN157ec,Susceptible
573.66444,Klebsiella pneumoniae 27261_7#64,Resistant
573.66341,Klebsiella pneumoniae 26994_6#159,Resistant
573.34248,Klebsiella pneumoniae strain INF148-sc-2279987,Susceptible
573.66442,Klebsiella pneumoniae 27261_7#24,Resistant
573.24322,Klebsiella pneumoniae strain MRSN14213,Resistant
573.13409,Klebsiella pneumoniae KPN1471ec,Susceptible
573.12874,Klebsiella pneumoniae 3294,Susceptible
573.13974,Klebsiella pneumoniae KPN228ec,Susceptible
573.66385,Klebsiella pneumoniae 26994_8#21,Resistant
573.24443,Klebsiella pneumoniae strain MUGSI_84,Resistant
573.66399,Klebsiella pneumoniae 26994_8#114,Resistant
573.13965,Klebsiella pneumoniae KPN218ec,Resistant
573.67065,Klebsiella pneumoniae KP_NORM_BLD_62217,Susceptible
573.26273,Klebsiella pneumoniae strain 5012STDY7626391,Susceptible
573.13458,Klebsiella pneumoniae KPN1526ec,Susceptible
573.26098,Klebsiella pneumoniae strain 5012STDY7312706,Susceptible
573.67172,Klebsiella pneumoniae KP_NORM_URN_2015_109358,Susceptible
573.66926,Klebsiella pneumoniae KP_NORM_BLD_2014_104308,Susceptible
573.15581,Klebsiella pneumoniae strain KSB2_1C,Susceptible
573.13223,Klebsiella pneumoniae KPN1242ec,Susceptible
573.13870,Klebsiella pneumoniae KPN2044ec,Susceptible
573.66494,Klebsiella pneumoniae 27261_8#125,Susceptible
573.15483,Klebsiella pneumoniae strain 10315_6#74,Susceptible
573.29879,Klebsiella pneumoniae strain Kpngiani7132575,Resistant
573.67143,Klebsiella pneumoniae KP_NORM_URN_2013_96191,Susceptible
573.33409,Klebsiella pneumoniae strain PMK24,Susceptible
573.24417,Klebsiella pneumoniae strain MUGSI_50,Resistant
573.15420,Klebsiella pneumoniae strain AR_0112,Resistant
573.14427,Klebsiella pneumoniae KPN830ec,Susceptible
573.14009,Klebsiella pneumoniae KPN271ec,Resistant
573.66880,Klebsiella pneumoniae KP_NORM_BLD_2011_74829,Susceptible
573.66891,Klebsiella pneumoniae KP_NORM_BLD_2011_75461,Susceptible
573.12919,Klebsiella pneumoniae 3346,Susceptible
573.15504,Klebsiella pneumoniae strain 10356_5#79,Susceptible
573.66293,Klebsiella pneumoniae 26975_4#124,Resistant
573.14042,Klebsiella pneumoniae KPN307ec,Susceptible
573.13713,Klebsiella pneumoniae KPN1850ec,Susceptible
573.14530,Klebsiella pneumoniae KPN966ec,Resistant
573.15595,Klebsiella pneumoniae strain KSB1_6J,Susceptible
573.13168,Klebsiella pneumoniae KPN1174ec,Susceptible
573.29906,Klebsiella pneumoniae strain Kpngiani7132609,Resistant
573.13395,Klebsiella pneumoniae KPN1454ec,Susceptible
573.18476,Klebsiella pneumoniae strain CCUG 70742,Susceptible
573.14022,Klebsiella pneumoniae KPN285ec,Resistant
573.13915,Klebsiella pneumoniae KPN2092ec,Susceptible
573.24312,Klebsiella pneumoniae strain 524,Susceptible
573.14432,Klebsiella pneumoniae KPN837ec,Susceptible
573.14439,Klebsiella pneumoniae KPN849ec,Susceptible
573.13592,Klebsiella pneumoniae KPN1689ec,Resistant
573.15499,Klebsiella pneumoniae strain 10315_6#95,Susceptible
573.14224,Klebsiella pneumoniae KPN542ec,Susceptible
573.24329,Klebsiella pneumoniae strain MUGSI_111,Resistant
573.46078,Klebsiella pneumoniae INF073,Susceptible
573.5806,Klebsiella pneumoniae strain PB107,Susceptible
573.12949,Klebsiella pneumoniae 3281,Susceptible
573.46112,Klebsiella pneumoniae KSB2_2D,Susceptible
573.13181,Klebsiella pneumoniae KPN1189ec,Susceptible
573.13856,Klebsiella pneumoniae KPN2029ec,Susceptible
573.13820,Klebsiella pneumoniae KPN1987ec,Susceptible
573.14083,Klebsiella pneumoniae KPN358ec,Susceptible
573.66369,Klebsiella pneumoniae 26994_7#115,Resistant
573.26310,Klebsiella pneumoniae strain 5012STDY7626428,Susceptible
573.66565,Klebsiella pneumoniae 29339_1#55,Resistant
573.67033,Klebsiella pneumoniae KP_NORM_BLD_61466,Susceptible
573.14015,Klebsiella pneumoniae KPN277ec,Susceptible
573.14544,Klebsiella pneumoniae KPN988ec,Susceptible
573.66271,Klebsiella pneumoniae 26968_6#186,Resistant
573.15476,Klebsiella pneumoniae strain 10315_6#68,Susceptible
573.15561,Klebsiella pneumoniae strain KSB1_2G,Susceptible
573.66935,Klebsiella pneumoniae KP_NORM_BLD_2015_115991,Susceptible
573.14472,Klebsiella pneumoniae KPN893ec,Resistant
573.13502,Klebsiella pneumoniae KPN1575ec,Susceptible
573.13463,Klebsiella pneumoniae KPN1532ec,Susceptible
573.15368,Klebsiella pneumoniae strain KSB1_10J,Susceptible
573.46864,Klebsiella pneumoniae KP-42LI,Resistant
573.67000,Klebsiella pneumoniae KP_NORM_BLD_60609,Susceptible
573.13372,Klebsiella pneumoniae KPN1430ec,Susceptible
573.46850,Klebsiella pneumoniae KP-22PI,Resistant
573.66992,Klebsiella pneumoniae KP_NORM_BLD_60433,Susceptible
573.13135,Klebsiella pneumoniae KPN1134ec,Susceptible
573.66459,Klebsiella pneumoniae 27261_8#8,Susceptible
573.66743,Klebsiella pneumoniae KP_NORM_BLD_117566,Susceptible
573.33391,Klebsiella pneumoniae strain PMK10,Susceptible
573.14233,Klebsiella pneumoniae KPN555ec,Susceptible
573.46118,Klebsiella pneumoniae INF050,Susceptible
573.13196,Klebsiella pneumoniae KPN1205ec,Susceptible
573.15534,Klebsiella pneumoniae strain INF238,Susceptible
573.66840,Klebsiella pneumoniae KP_NORM_BLD_1871,Susceptible
573.13373,Klebsiella pneumoniae KPN1431ec,Susceptible
573.66416,Klebsiella pneumoniae 26994_8#174,Resistant
573.66386,Klebsiella pneumoniae 26994_8#18,Resistant
573.46833,Klebsiella pneumoniae KP-11PI,Resistant
573.14266,Klebsiella pneumoniae KPN594ec,Resistant
573.14312,Klebsiella pneumoniae KPN681ec,Susceptible
573.66686,Klebsiella pneumoniae KP_NORM_BLD_115763,Susceptible
573.13134,Klebsiella pneumoniae KPN1133ec,Susceptible
573.67078,Klebsiella pneumoniae KP_NORM_BLD_62657,Susceptible
573.46876,Klebsiella pneumoniae KP-93LU,Resistant
573.66236,Klebsiella pneumoniae 26968_5#128,Resistant
573.67297,Klebsiella pneumoniae ERR7221298,Resistant
573.14545,Klebsiella pneumoniae KPN989ec,Resistant
573.67027,Klebsiella pneumoniae KP_NORM_BLD_61433,Susceptible
573.66460,Klebsiella pneumoniae 27261_8#2,Susceptible
573.14526,Klebsiella pneumoniae KPN960ec,Resistant
573.13967,Klebsiella pneumoniae KPN220ec,Susceptible
573.13696,Klebsiella pneumoniae KPN1831ec,Susceptible
573.13973,Klebsiella pneumoniae KPN227ec,Resistant
573.14388,Klebsiella pneumoniae KPN773ec,Resistant
573.67058,Klebsiella pneumoniae KP_NORM_BLD_62214,Susceptible
573.66518,Klebsiella pneumoniae 27322_4#37,Resistant
573.13425,Klebsiella pneumoniae KPN1487ec,Susceptible
573.24407,Klebsiella pneumoniae strain MUGSI_38,Resistant
573.12964,Klebsiella pneumoniae 3309,Susceptible
573.13140,Klebsiella pneumoniae KPN1140ec,Resistant
573.13924,Klebsiella pneumoniae KPN2105ec,Susceptible
573.67324,Klebsiella pneumoniae ERR7221335,Resistant
573.66856,Klebsiella pneumoniae KP_NORM_BLD_2009_61035,Susceptible
573.67270,Klebsiella pneumoniae ERR7221262,Susceptible
573.66767,Klebsiella pneumoniae KP_NORM_BLD_13125,Susceptible
573.26313,Klebsiella pneumoniae strain 5012STDY7626432,Susceptible
573.13367,Klebsiella pneumoniae KPN1426ec,Resistant
573.24430,Klebsiella pneumoniae strain MUGSI_68,Resistant
573.15620,Klebsiella pneumoniae strain KSB1_5J,Susceptible
573.13243,Klebsiella pneumoniae KPN1264ec,Susceptible
573.13590,Klebsiella pneumoniae KPN1687ec,Susceptible
573.26294,Klebsiella pneumoniae strain 5012STDY7626413,Susceptible
573.13929,Klebsiella pneumoniae KPN2111ec,Susceptible
573.66981,Klebsiella pneumoniae KP_NORM_BLD_3091,Susceptible
573.15432,Klebsiella pneumoniae strain 10315_6#1,Susceptible
573.13406,Klebsiella pneumoniae KPN1469ec,Susceptible
573.66952,Klebsiella pneumoniae KP_NORM_BLD_2395,Susceptible
573.26101,Klebsiella pneumoniae strain 5012STDY7312698,Susceptible
573.13451,Klebsiella pneumoniae KPN1518ec,Resistant
573.14435,Klebsiella pneumoniae KPN840ec,Susceptible
573.67032,Klebsiella pneumoniae KP_NORM_BLD_61473,Susceptible
573.66198,Klebsiella pneumoniae KP_NORM_BLD_2014_102946,Susceptible
573.33398,Klebsiella pneumoniae strain PMK13a,Resistant
573.12965,Klebsiella pneumoniae 124,Susceptible
573.13121,Klebsiella pneumoniae KPN1119ec,Susceptible
573.13867,Klebsiella pneumoniae KPN2041ec,Resistant
573.66748,Klebsiella pneumoniae KP_NORM_BLD_12850,Susceptible
573.13782,Klebsiella pneumoniae KPN1930ec,Susceptible
573.13291,Klebsiella pneumoniae KPN1330ec,Susceptible
573.14253,Klebsiella pneumoniae KPN579ec,Susceptible
573.13359,Klebsiella pneumoniae KPN1416ec,Susceptible
573.13684,Klebsiella pneumoniae KPN180ec,Susceptible
573.13295,Klebsiella pneumoniae KPN1334ec,Susceptible
573.66217,Klebsiella pneumoniae 26968_5#10,Resistant
573.13728,Klebsiella pneumoniae KPN1865ec,Susceptible
573.66197,Klebsiella pneumoniae KP_NORM_BLD_2011_74835,Susceptible
573.14082,Klebsiella pneumoniae KPN357ec,Susceptible
573.31062,Klebsiella pneumoniae strain PH152,Susceptible
573.29878,Klebsiella pneumoniae strain Kpngiani7132576,Resistant
573.66265,Klebsiella pneumoniae 26968_6#115,Resistant
573.14464,Klebsiella pneumoniae KPN882ec,Susceptible
573.29991,Klebsiella pneumoniae strain Kpngiani7132550,Resistant
573.24413,Klebsiella pneumoniae strain MUGSI_45,Resistant
573.14131,Klebsiella pneumoniae KPN411ec,Susceptible
573.46066,Klebsiella pneumoniae INF360,Susceptible
573.13755,Klebsiella pneumoniae KPN1894ec,Susceptible
573.66192,Klebsiella pneumoniae KP_NORM_URN_2015_107575,Susceptible
573.13675,Klebsiella pneumoniae KPN1782ec,Susceptible
573.66334,Klebsiella pneumoniae 26994_6#117,Resistant
573.13650,Klebsiella pneumoniae KPN1754ec,Susceptible
573.66580,Klebsiella pneumoniae KP_NORM_BLD_110772,Susceptible
573.66903,Klebsiella pneumoniae KP_NORM_BLD_2012_85827,Susceptible
573.15611,Klebsiella pneumoniae strain INF332,Susceptible
573.66842,Klebsiella pneumoniae KP_NORM_BLD_1883,Susceptible
573.15448,Klebsiella pneumoniae strain 10315_6#3,Resistant
573.5765,Klebsiella pneumoniae strain 22_GR_12,Resistant
573.13882,Klebsiella pneumoniae KPN2058ec,Susceptible
573.66545,Klebsiella pneumoniae 29105_1#120,Resistant
573.26090,Klebsiella pneumoniae strain 5012STDY7312573,Susceptible
573.66452,Klebsiella pneumoniae 27261_7#85,Resistant
573.67100,Klebsiella pneumoniae KP_NORM_BLD_63337,Susceptible
573.66527,Klebsiella pneumoniae 27322_4#74,Resistant
573.14421,Klebsiella pneumoniae KPN822ec,Susceptible
573.12871,Klebsiella pneumoniae 94,Susceptible
573.13866,Klebsiella pneumoniae KPN2040ec,Resistant
573.66142,Klebsiella pneumoniae ERR1841001,Resistant
573.13923,Klebsiella pneumoniae KPN2103ec,Resistant
573.13374,Klebsiella pneumoniae KPN1432ec,Susceptible
573.67160,Klebsiella pneumoniae KP_NORM_URN_2014_97677,Susceptible
573.14334,Klebsiella pneumoniae KPN707ec,Susceptible
573.12939,Klebsiella pneumoniae 8,Susceptible
573.14057,Klebsiella pneumoniae KPN323ec,Susceptible
573.26134,Klebsiella pneumoniae strain 5012STDY7312749,Susceptible
573.14275,Klebsiella pneumoniae KPN606ec,Susceptible
573.66374,Klebsiella pneumoniae 26994_7#122,Resistant
573.13158,Klebsiella pneumoniae KPN1163ec,Susceptible
573.14001,Klebsiella pneumoniae KPN262ec,Resistant
573.14445,Klebsiella pneumoniae KPN857ec,Susceptible
573.13988,Klebsiella pneumoniae KPN247ec,Susceptible
573.13365,Klebsiella pneumoniae KPN1424ec,Resistant
573.13958,Klebsiella pneumoniae KPN2169ec,Resistant
573.66651,Klebsiella pneumoniae KP_NORM_BLD_114599,Susceptible
573.29937,Klebsiella pneumoniae strain Kpngiani7132489,Resistant
573.13316,Klebsiella pneumoniae KPN1357ec,Susceptible
573.14102,Klebsiella pneumoniae KPN379ec,Susceptible
573.12910,Klebsiella pneumoniae 3315,Susceptible
573.13150,Klebsiella pneumoniae KPN1152ec,Susceptible
573.13888,Klebsiella pneumoniae KPN2064ec,Susceptible
573.14387,Klebsiella pneumoniae KPN771ec,Susceptible
573.66812,Klebsiella pneumoniae KP_NORM_BLD_13897,Susceptible
573.66769,Klebsiella pneumoniae KP_NORM_BLD_13128,Susceptible
573.66322,Klebsiella pneumoniae 26994_6#59,Resistant
573.66953,Klebsiella pneumoniae KP_NORM_BLD_2396,Susceptible
573.13821,Klebsiella pneumoniae KPN1988ec,Susceptible
573.13310,Klebsiella pneumoniae KPN134ec,Susceptible
573.66996,Klebsiella pneumoniae KP_NORM_BLD_60444,Susceptible
573.24400,Klebsiella pneumoniae strain MUGSI_318,Susceptible
573.66553,Klebsiella pneumoniae 29109_2#184,Resistant
573.66363,Klebsiella pneumoniae 26994_7#101,Resistant
573.15482,Klebsiella pneumoniae strain 10315_6#73,Susceptible
573.13486,Klebsiella pneumoniae KPN1558ec,Susceptible
573.66995,Klebsiella pneumoniae KP_NORM_BLD_60560,Susceptible
573.31082,Klebsiella pneumoniae strain WU7,Susceptible
573.13526,Klebsiella pneumoniae KPN1605ec,Resistant
573.14358,Klebsiella pneumoniae KPN735ec,Susceptible
573.46849,Klebsiella pneumoniae KP-21POB,Resistant
573.66937,Klebsiella pneumoniae KP_NORM_BLD_2015_115990,Susceptible
573.66346,Klebsiella pneumoniae 26994_7#20,Resistant
573.66516,Klebsiella pneumoniae 27322_4#16,Susceptible
573.46877,Klebsiella pneumoniae KP-9PI,Resistant
573.46100,Klebsiella pneumoniae KSB1_7D,Susceptible
573.66707,Klebsiella pneumoniae KP_NORM_BLD_116257,Susceptible
573.66780,Klebsiella pneumoniae KP_NORM_BLD_13380,Susceptible
573.14502,Klebsiella pneumoniae KPN930ec,Resistant
573.66357,Klebsiella pneumoniae 26994_7#74,Resistant
573.14085,Klebsiella pneumoniae KPN361ec,Resistant
573.26144,Klebsiella pneumoniae strain 5012STDY7312582,Susceptible
573.66116,Klebsiella pneumoniae ERR1815069,Resistant
573.13582,Klebsiella pneumoniae KPN1678ec,Susceptible
573.14008,Klebsiella pneumoniae KPN270ec,Susceptible
573.66225,Klebsiella pneumoniae 26968_5#106,Resistant
573.29940,Klebsiella pneumoniae strain Kpngiani7132506,Resistant
573.66614,Klebsiella pneumoniae KP_NORM_BLD_113315,Susceptible
573.29872,Klebsiella pneumoniae strain Kpngiani7132566,Resistant
573.15444,Klebsiella pneumoniae strain 10315_6#24,Susceptible
573.1728,Klebsiella pneumoniae strain KpVA-10,Resistant
573.24440,Klebsiella pneumoniae strain MUGSI_80,Resistant
573.31074,Klebsiella pneumoniae strain WU12,Resistant
573.24294,Klebsiella pneumoniae strain 374,Susceptible
573.24340,Klebsiella pneumoniae strain MUGSI_122,Resistant
573.66231,Klebsiella pneumoniae 26968_5#76,Resistant
573.14095,Klebsiella pneumoniae KPN372ec,Susceptible
573.13674,Klebsiella pneumoniae KPN1781ec,Susceptible
573.15460,Klebsiella pneumoniae strain 10315_6#44,Susceptible
573.26287,Klebsiella pneumoniae strain 5012STDY7626405,Susceptible
573.12986,Klebsiella pneumoniae 21,Susceptible
573.67142,Klebsiella pneumoniae KP_NORM_URN_2013_95439,Susceptible
573.24260,Klebsiella pneumoniae strain 2,Resistant
573.66139,Klebsiella pneumoniae ERR1840996,Resistant
573.13036,Klebsiella pneumoniae KPN1007ec,Susceptible
573.29868,Klebsiella pneumoniae strain Kpngiani7132567,Resistant
573.26303,Klebsiella pneumoniae strain 5012STDY7626423,Susceptible
573.13145,Klebsiella pneumoniae KPN1147ec,Resistant
573.13834,Klebsiella pneumoniae KPN2004ec,Susceptible
573.29885,Klebsiella pneumoniae strain Kpngiani7132588,Resistant
573.13389,Klebsiella pneumoniae KPN1448ec,Resistant
573.66914,Klebsiella pneumoniae KP_NORM_BLD_2013_91700,Susceptible
573.12904,Klebsiella pneumoniae 6,Susceptible
573.26159,Klebsiella pneumoniae strain 5012STDY7312596,Susceptible
573.67045,Klebsiella pneumoniae KP_NORM_BLD_61898,Susceptible
573.67256,Klebsiella pneumoniae ERR7221246,Resistant
573.12897,Klebsiella pneumoniae 3241,Susceptible
573.24376,Klebsiella pneumoniae strain MUGSI_2,Resistant
573.14500,Klebsiella pneumoniae KPN928ec,Resistant
573.66239,Klebsiella pneumoniae 26968_5#154,Resistant
573.66393,Klebsiella pneumoniae 26994_8#41,Resistant
573.29975,Klebsiella pneumoniae strain Kpngiani7132528,Resistant
573.66185,Klebsiella pneumoniae KP_NORM_BLD_2015_112901,Susceptible
573.5812,Klebsiella pneumoniae strain W2-1-ERG2,Susceptible
573.66269,Klebsiella pneumoniae 26968_6#125,Resistant
573.66276,Klebsiella pneumoniae 26975_4#91,Resistant
573.66286,Klebsiella pneumoniae 26975_4#128,Resistant
573.26137,Klebsiella pneumoniae strain 5012STDY7312753,Susceptible
573.66889,Klebsiella pneumoniae KP_NORM_BLD_2011_75132,Susceptible
573.67025,Klebsiella pneumoniae KP_NORM_BLD_61295,Susceptible
573.67084,Klebsiella pneumoniae KP_NORM_BLD_62918,Susceptible
573.14541,Klebsiella pneumoniae KPN983ec,Susceptible
573.24387,Klebsiella pneumoniae strain MUGSI_28,Resistant
573.67099,Klebsiella pneumoniae KP_NORM_BLD_63333,Susceptible
573.13664,Klebsiella pneumoniae KPN176ec,Susceptible
573.13219,Klebsiella pneumoniae KPN1239ec,Resistant
573.67247,Klebsiella pneumoniae ERR7221225,Resistant
573.13854,Klebsiella pneumoniae KPN2026ec,Resistant
573.12932,Klebsiella pneumoniae 3393,Susceptible
573.13672,Klebsiella pneumoniae KPN1779ec,Susceptible
573.26306,Klebsiella pneumoniae strain 5012STDY7626427,Susceptible
573.5798,Klebsiella pneumoniae strain PB327,Susceptible
573.13454,Klebsiella pneumoniae KPN1521ec,Susceptible
573.13210,Klebsiella pneumoniae KPN1220ec,Resistant
573.66664,Klebsiella pneumoniae KP_NORM_BLD_115366,Susceptible
573.15606,Klebsiella pneumoniae strain INF061,Susceptible
573.46870,Klebsiella pneumoniae KP-82LU,Resistant
573.13161,Klebsiella pneumoniae KPN1166ec,Resistant
573.24404,Klebsiella pneumoniae strain MUGSI_34,Resistant
573.14079,Klebsiella pneumoniae KPN354ec,Resistant
573.26284,Klebsiella pneumoniae strain 5012STDY7626406,Susceptible
573.67148,Klebsiella pneumoniae KP_NORM_URN_2013_95788,Susceptible
573.66178,Klebsiella pneumoniae KP_NORM_BLD_2014_101320,Susceptible
573.66884,Klebsiella pneumoniae KP_NORM_BLD_2011_74841,Susceptible
573.14162,Klebsiella pneumoniae KPN446ec,Susceptible
573.13999,Klebsiella pneumoniae KPN260ec,Susceptible
573.13059,Klebsiella pneumoniae KPN1037ec,Susceptible
573.24383,Klebsiella pneumoniae strain MUGSI_237,Susceptible
573.66798,Klebsiella pneumoniae KP_NORM_BLD_13737,Susceptible
573.66799,Klebsiella pneumoniae KP_NORM_BLD_13741,Susceptible
573.66350,Klebsiella pneumoniae 26994_7#50,Resistant
573.13364,Klebsiella pneumoniae KPN1423ec,Resistant
573.66631,Klebsiella pneumoniae KP_NORM_BLD_114048,Susceptible
573.13861,Klebsiella pneumoniae KPN2035ec,Resistant
573.13712,Klebsiella pneumoniae KPN184ec,Susceptible
573.15490,Klebsiella pneumoniae strain 10315_6#80,Resistant
573.66248,Klebsiella pneumoniae 26968_6#25,Resistant
573.15598,Klebsiella pneumoniae strain KSB1_10I,Susceptible
573.46086,Klebsiella pneumoniae KSB1_3A,Susceptible
573.12954,Klebsiella pneumoniae 3210,Susceptible
573.13265,Klebsiella pneumoniae KPN1286ec,Susceptible
573.66778,Klebsiella pneumoniae KP_NORM_BLD_13379,Susceptible
573.12956,Klebsiella pneumoniae 3272,Susceptible
573.13706,Klebsiella pneumoniae KPN1843ec,Susceptible
573.66122,Klebsiella pneumoniae ERR1829921,Susceptible
573.66728,Klebsiella pneumoniae KP_NORM_BLD_116570,Susceptible
573.24245,Klebsiella pneumoniae strain 104,Resistant
573.66378,Klebsiella pneumoniae 26994_7#148,Resistant
573.26251,Klebsiella pneumoniae strain 5012STDY7626371,Susceptible
573.12796,Klebsiella pneumoniae strain MLST-15,Resistant
573.14340,Klebsiella pneumoniae KPN714ec,Susceptible
573.29873,Klebsiella pneumoniae strain Kpngiani7132563,Resistant
573.66808,Klebsiella pneumoniae KP_NORM_BLD_13890,Susceptible
573.46117,Klebsiella pneumoniae INF260,Susceptible
573.5661,Klebsiella pneumoniae strain PB22,Susceptible
573.14341,Klebsiella pneumoniae KPN715ec,Susceptible
573.14248,Klebsiella pneumoniae KPN574ec,Susceptible
573.13827,Klebsiella pneumoniae KPN1994ec,Susceptible
573.15542,Klebsiella pneumoniae strain KSB1_2C,Susceptible
573.14041,Klebsiella pneumoniae KPN306ec,Susceptible
573.14517,Klebsiella pneumoniae KPN950ec,Resistant
573.13625,Klebsiella pneumoniae KPN1722ec,Susceptible
573.14139,Klebsiella pneumoniae KPN419ec,Susceptible
573.67272,Klebsiella pneumoniae ERR7221267,Resistant
573.67156,Klebsiella pneumoniae KP_NORM_URN_2014_96612,Resistant
573.13605,Klebsiella pneumoniae KPN1701ec,Susceptible
573.13082,Klebsiella pneumoniae KPN1067ec,Susceptible
573.13519,Klebsiella pneumoniae KPN1595ec,Susceptible
573.1720,Klebsiella pneumoniae strain KpVA-2,Resistant
573.24445,Klebsiella pneumoniae strain MUGSI_86,Resistant
573.24332,Klebsiella pneumoniae strain MUGSI_114,Resistant
573.67215,Klebsiella pneumoniae ERR7221198,Resistant
573.14315,Klebsiella pneumoniae KPN684ec,Resistant
573.66310,Klebsiella pneumoniae 26975_5#138,Resistant
573.5717,Klebsiella pneumoniae strain W2-13-ERG5,Susceptible
573.67190,Klebsiella pneumoniae ERR7221158,Susceptible
573.26133,Klebsiella pneumoniae strain 5012STDY7312750,Susceptible
573.66365,Klebsiella pneumoniae 26994_7#93,Resistant
573.13607,Klebsiella pneumoniae KPN1704ec,Susceptible
573.12983,Klebsiella pneumoniae 44,Susceptible
573.13312,Klebsiella pneumoniae KPN1352ec,Susceptible
573.13976,Klebsiella pneumoniae KPN231ec,Susceptible
573.13720,Klebsiella pneumoniae KPN1857ec,Susceptible
573.29869,Klebsiella pneumoniae strain Kpngiani7132565,Resistant
573.12880,Klebsiella pneumoniae 3365,Resistant
573.13917,Klebsiella pneumoniae KPN2094ec,Susceptible
573.67678,Klebsiella pneumoniae ERR1811837,Resistant
573.13855,Klebsiella pneumoniae KPN2027ec,Resistant
573.9724,Klebsiella pneumoniae strain AR_0098,Resistant
573.65893,Klebsiella pneumoniae 003-E1-DxU,Susceptible
573.20063,Klebsiella pneumoniae strain AR_0097,Resistant
573.66947,Klebsiella pneumoniae KP_NORM_BLD_2250,Susceptible
573.23213,Klebsiella pneumoniae strain KP_123,Resistant
573.13746,Klebsiella pneumoniae KPN1882ec,Resistant
573.66818,Klebsiella pneumoniae KP_NORM_BLD_14167,Susceptible
573.13893,Klebsiella pneumoniae KPN206ec,Susceptible
573.66737,Klebsiella pneumoniae KP_NORM_BLD_117477,Susceptible
573.67040,Klebsiella pneumoniae KP_NORM_BLD_61877,Susceptible
573.12777,Klebsiella pneumoniae strain AR_0120,Resistant
573.66168,Klebsiella pneumoniae ERR2118038,Resistant
573.66941,Klebsiella pneumoniae KP_NORM_BLD_2015_116588,Susceptible
573.14032,Klebsiella pneumoniae KPN295ec,Susceptible
573.13095,Klebsiella pneumoniae KPN1087ec,Resistant
573.66508,Klebsiella pneumoniae 27261_8#183,Resistant
573.15554,Klebsiella pneumoniae strain KSB1_9E,Susceptible
573.29867,Klebsiella pneumoniae strain Kpngiani7132557,Resistant
573.13889,Klebsiella pneumoniae KPN2065ec,Susceptible
573.14161,Klebsiella pneumoniae KPN444ec,Susceptible
573.29891,Klebsiella pneumoniae strain Kpngiani7132583,Resistant
573.66710,Klebsiella pneumoniae KP_NORM_BLD_116354,Susceptible
573.66946,Klebsiella pneumoniae KP_NORM_BLD_2254,Susceptible
573.67312,Klebsiella pneumoniae ERR7221322,Resistant
573.13323,Klebsiella pneumoniae KPN1365ec,Susceptible
573.66221,Klebsiella pneumoniae 26968_5#43,Resistant
573.30017,Klebsiella pneumoniae strain Kpngiani7132538,Resistant
573.15540,Klebsiella pneumoniae strain KSB1_4A,Susceptible
573.46080,Klebsiella pneumoniae INF070,Susceptible
573.13971,Klebsiella pneumoniae KPN224ec,Resistant
573.66119,Klebsiella pneumoniae ERR1815293,Susceptible
573.67310,Klebsiella pneumoniae ERR7221309,Resistant
573.13733,Klebsiella pneumoniae KPN186ec,Susceptible
573.13149,Klebsiella pneumoniae KPN1151ec,Susceptible
573.33402,Klebsiella pneumoniae strain PMK19,Resistant
573.14391,Klebsiella pneumoniae KPN778ec,Susceptible
573.26157,Klebsiella pneumoniae strain 5012STDY7312589,Susceptible
573.67226,Klebsiella pneumoniae ERR7221209,Resistant
573.14212,Klebsiella pneumoniae KPN526ec,Resistant
573.66906,Klebsiella pneumoniae KP_NORM_BLD_2012_86962,Susceptible
573.7032,Klebsiella pneumoniae strain AR_0041,Resistant
573.26148,Klebsiella pneumoniae strain 5012STDY7312590,Susceptible
573.67113,Klebsiella pneumoniae KP_NORM_BLD_63842,Susceptible
573.14400,Klebsiella pneumoniae KPN792ec,Susceptible
573.13256,Klebsiella pneumoniae KPN1277ec,Susceptible
573.46840,Klebsiella pneumoniae KP-14PI,Resistant
573.5822,Klebsiella pneumoniae strain W2-13-ERG2,Susceptible
573.14321,Klebsiella pneumoniae KPN691ec,Resistant
573.66450,Klebsiella pneumoniae 27261_7#135,Resistant
573.14222,Klebsiella pneumoniae KPN539ec,Resistant
573.67010,Klebsiella pneumoniae KP_NORM_BLD_60944,Susceptible
573.13757,Klebsiella pneumoniae KPN1897ec,Susceptible
573.66173,Klebsiella pneumoniae KP_NORM_BLD_2014_100848,Susceptible
573.26199,Klebsiella pneumoniae strain 5012STDY7312570,Susceptible
573.66352,Klebsiella pneumoniae 26994_7#26,Resistant
573.66574,Klebsiella pneumoniae KP_NORM_BLD_1045,Susceptible
573.67152,Klebsiella pneumoniae KP_NORM_URN_2014_100419,Susceptible
573.5781,Klebsiella pneumoniae strain 10_GR_13,Resistant
573.15619,Klebsiella pneumoniae strain KSB1_6F,Susceptible
573.66307,Klebsiella pneumoniae 26975_5#153,Resistant
573.67133,Klebsiella pneumoniae KP_NORM_URN_2012_80681,Susceptible
573.34283,Klebsiella pneumoniae strain KSB1_8J-sc-2280307,Susceptible
573.14543,Klebsiella pneumoniae KPN986ec,Susceptible
573.12922,Klebsiella pneumoniae 60,Susceptible
573.26201,Klebsiella pneumoniae strain 5012STDY7312667,Susceptible
573.5676,Klebsiella pneumoniae strain W2-1-ERY5(G),Susceptible
573.46087,Klebsiella pneumoniae KSB1_8A,Susceptible
573.15567,Klebsiella pneumoniae strain KSB1_9I,Susceptible
573.67081,Klebsiella pneumoniae KP_NORM_BLD_62932,Susceptible
573.14005,Klebsiella pneumoniae KPN267ec,Resistant
573.66816,Klebsiella pneumoniae KP_NORM_BLD_14171,Susceptible
573.14422,Klebsiella pneumoniae KPN823ec,Resistant
573.15584,Klebsiella pneumoniae strain KSB2_7C,Susceptible
573.26165,Klebsiella pneumoniae strain 5012STDY7312567,Susceptible
573.46082,Klebsiella pneumoniae INF023,Susceptible
573.29964,Klebsiella pneumoniae strain Kpngiani7132482,Resistant
573.24339,Klebsiella pneumoniae strain MUGSI_121,Resistant
573.14437,Klebsiella pneumoniae KPN843ec,Resistant
573.29919,Klebsiella pneumoniae strain Kpngiani7132627,Resistant
573.66181,Klebsiella pneumoniae KP_NORM_BLD_2014_102435,Susceptible
573.46094,Klebsiella pneumoniae KSB1_9B,Susceptible
573.13035,Klebsiella pneumoniae KPN1005ec,Susceptible
573.13665,Klebsiella pneumoniae KPN1770ec,Susceptible
573.66770,Klebsiella pneumoniae KP_NORM_BLD_13133,Susceptible
573.29916,Klebsiella pneumoniae strain Kpngiani7132616,Resistant
573.66486,Klebsiella pneumoniae 27261_8#107,Resistant
573.14156,Klebsiella pneumoniae KPN438ec,Susceptible
573.23196,Klebsiella pneumoniae strain KP_317,Resistant
573.14116,Klebsiella pneumoniae KPN394ec,Susceptible
573.14286,Klebsiella pneumoniae KPN619ec,Resistant
573.13262,Klebsiella pneumoniae KPN1283ec,Susceptible
573.12957,Klebsiella pneumoniae 3252,Susceptible
573.66120,Klebsiella pneumoniae ERR1829917,Resistant
573.14523,Klebsiella pneumoniae KPN957ec,Resistant
573.12990,Klebsiella pneumoniae 3226,Susceptible
573.15593,Klebsiella pneumoniae strain INF302,Susceptible
573.26079,Klebsiella pneumoniae strain 5012STDY7312721,Susceptible
573.30004,Klebsiella pneumoniae strain Kpngiani7132546,Resistant
573.5821,Klebsiella pneumoniae strain W2-13-ERG1,Susceptible
573.67098,Klebsiella pneumoniae KP_NORM_BLD_63329,Susceptible
573.14494,Klebsiella pneumoniae KPN922ec,Susceptible
573.5690,Klebsiella pneumoniae strain PB226,Susceptible
573.14457,Klebsiella pneumoniae KPN875ec,Resistant
573.66303,Klebsiella pneumoniae 26975_5#64,Resistant
573.13927,Klebsiella pneumoniae KPN2109ec,Susceptible
573.66298,Klebsiella pneumoniae 26975_5#27,Resistant
573.15519,Klebsiella pneumoniae strain INF073,Susceptible
573.67173,Klebsiella pneumoniae KP_NORM_URN_2015_111149,Susceptible
573.13539,Klebsiella pneumoniae KPN1621ec,Susceptible
573.13527,Klebsiella pneumoniae KPN1607ec,Susceptible
573.67336,Klebsiella pneumoniae ERR7221348,Resistant
573.5811,Klebsiella pneumoniae strain PB509,Resistant
573.15525,Klebsiella pneumoniae strain INF200,Susceptible
573.13032,Klebsiella pneumoniae KPN1001ec,Susceptible
573.13525,Klebsiella pneumoniae KPN1604ec,Resistant
573.15463,Klebsiella pneumoniae strain 10315_6#52,Susceptible
573.26272,Klebsiella pneumoniae strain 5012STDY7626392,Susceptible
573.66746,Klebsiella pneumoniae KP_NORM_BLD_117571,Susceptible
573.66210,Klebsiella pneumoniae KP_NORM_BLD_2014_104014,Susceptible
573.66106,Klebsiella pneumoniae ERR1813605,Susceptible
573.13931,Klebsiella pneumoniae KPN2114ec,Resistant
573.13806,Klebsiella pneumoniae KPN1961ec,Susceptible
573.67061,Klebsiella pneumoniae KP_NORM_BLD_62200,Susceptible
573.12886,Klebsiella pneumoniae 53,Susceptible
573.66792,Klebsiella pneumoniae KP_NORM_BLD_13539,Susceptible
573.12994,Klebsiella pneumoniae 3215,Susceptible
573.66679,Klebsiella pneumoniae KP_NORM_BLD_115743,Susceptible
573.14480,Klebsiella pneumoniae KPN904ec,Resistant
573.13475,Klebsiella pneumoniae KPN1546ec,Susceptible
573.67329,Klebsiella pneumoniae ERR7221340,Resistant
573.66488,Klebsiella pneumoniae 27261_8#103,Resistant
573.66506,Klebsiella pneumoniae 27261_8#179,Resistant
573.13709,Klebsiella pneumoniae KPN1847ec,Susceptible
573.5647,Klebsiella pneumoniae strain 2_GR_12,Resistant
573.67269,Klebsiella pneumoniae ERR7221258,Resistant
573.46067,Klebsiella pneumoniae INF289,Susceptible
573.15502,Klebsiella pneumoniae strain 10356_5#77,Susceptible
573.14241,Klebsiella pneumoniae KPN566ec,Susceptible
573.66299,Klebsiella pneumoniae 26975_5#20,Resistant
573.29946,Klebsiella pneumoniae strain Kpngiani7132480,Resistant
573.66726,Klebsiella pneumoniae KP_NORM_BLD_116562,Susceptible
573.14357,Klebsiella pneumoniae KPN734ec,Resistant
573.26178,Klebsiella pneumoniae strain 5012STDY7312608,Susceptible
573.67075,Klebsiella pneumoniae KP_NORM_BLD_62640,Susceptible
573.66869,Klebsiella pneumoniae KP_NORM_BLD_2009_63807,Susceptible
573.24360,Klebsiella pneumoniae strain MUGSI_157,Resistant
573.13688,Klebsiella pneumoniae KPN181ec,Susceptible
573.66287,Klebsiella pneumoniae 26975_4#130,Resistant
573.66128,Klebsiella pneumoniae ERR1830484,Susceptible
573.14361,Klebsiella pneumoniae KPN738ec,Susceptible
573.23220,Klebsiella pneumoniae strain KP_046,Susceptible
573.67222,Klebsiella pneumoniae ERR7221204,Resistant
573.67161,Klebsiella pneumoniae KP_NORM_URN_2014_97959,Susceptible
573.66424,Klebsiella pneumoniae 27097_7#8,Resistant
573.67057,Klebsiella pneumoniae KP_NORM_BLD_62210,Susceptible
573.66997,Klebsiella pneumoniae KP_NORM_BLD_60440,Susceptible
573.14044,Klebsiella pneumoniae KPN309ec,Susceptible
573.66391,Klebsiella pneumoniae 26994_8#38,Resistant
573.5819,Klebsiella pneumoniae strain W1-4-ERY6(G),Susceptible
573.66932,Klebsiella pneumoniae KP_NORM_BLD_2015_111587,Susceptible
573.66890,Klebsiella pneumoniae KP_NORM_BLD_2011_75453,Susceptible
573.15591,Klebsiella pneumoniae strain KSB2_7D,Susceptible
573.14474,Klebsiella pneumoniae KPN895ec,Susceptible
573.13872,Klebsiella pneumoniae KPN2046ec,Resistant
573.66692,Klebsiella pneumoniae KP_NORM_BLD_115993,Susceptible
573.66904,Klebsiella pneumoniae KP_NORM_BLD_2013_89829,Susceptible
573.67277,Klebsiella pneumoniae ERR7221276,Resistant
573.46857,Klebsiella pneumoniae KP-27PI,Resistant
573.66375,Klebsiella pneumoniae 26994_7#126,Resistant
573.14197,Klebsiella pneumoniae KPN508ec,Resistant
573.66361,Klebsiella pneumoniae 26994_7#87,Resistant
573.15605,Klebsiella pneumoniae strain INF143,Susceptible
573.46107,Klebsiella pneumoniae KSB1_2I,Susceptible
573.14504,Klebsiella pneumoniae KPN933ec,Susceptible
573.13770,Klebsiella pneumoniae KPN1913ec,Resistant
573.29972,Klebsiella pneumoniae strain Kpngiani7132508,Resistant
573.13217,Klebsiella pneumoniae KPN1234ec,Resistant
573.13308,Klebsiella pneumoniae KPN1348ec,Susceptible
573.13497,Klebsiella pneumoniae KPN1569ec,Susceptible
573.66658,Klebsiella pneumoniae KP_NORM_BLD_115315,Susceptible
573.66969,Klebsiella pneumoniae KP_NORM_BLD_3072,Susceptible
573.13500,Klebsiella pneumoniae KPN1572ec,Susceptible
573.26112,Klebsiella pneumoniae strain 5012STDY7312730,Susceptible
573.13631,Klebsiella pneumoniae KPN1729ec,Susceptible
573.26245,Klebsiella pneumoniae strain 5012STDY7626363,Susceptible
573.14510,Klebsiella pneumoniae KPN942ec,Susceptible
573.15599,Klebsiella pneumoniae strain KSB1_5B,Susceptible
573.13730,Klebsiella pneumoniae KPN1867ec,Susceptible
573.67281,Klebsiella pneumoniae ERR7221275,Susceptible
573.66774,Klebsiella pneumoniae KP_NORM_BLD_13372,Susceptible
573.13326,Klebsiella pneumoniae KPN1372ec,Susceptible
573.13190,Klebsiella pneumoniae KPN1198ec,Resistant
573.13340,Klebsiella pneumoniae KPN1390ec,Susceptible
573.14466,Klebsiella pneumoniae KPN886ec,Susceptible
573.15522,Klebsiella pneumoniae strain INF173,Susceptible
573.29898,Klebsiella pneumoniae strain Kpngiani7132594,Resistant
573.13754,Klebsiella pneumoniae KPN1893ec,Susceptible
573.24345,Klebsiella pneumoniae strain MUGSI_128,Resistant
573.15587,Klebsiella pneumoniae strain KSB2_10C,Susceptible
573.13118,Klebsiella pneumoniae KPN1116ec,Susceptible
573.26241,Klebsiella pneumoniae strain 5012STDY7626514,Susceptible
573.13852,Klebsiella pneumoniae KPN2021ec,Resistant
573.26247,Klebsiella pneumoniae strain 5012STDY7626368,Susceptible
573.14382,Klebsiella pneumoniae KPN766ec,Resistant
573.15478,Klebsiella pneumoniae strain 10315_6#7,Susceptible
573.26125,Klebsiella pneumoniae strain 5012STDY7312739,Susceptible
573.15544,Klebsiella pneumoniae strain KSB1_5C,Susceptible
573.14000,Klebsiella pneumoniae KPN261ec,Resistant
573.14185,Klebsiella pneumoniae KPN477ec,Resistant
573.66642,Klebsiella pneumoniae KP_NORM_BLD_114327,Susceptible
573.66408,Klebsiella pneumoniae 26994_8#159,Resistant
573.13179,Klebsiella pneumoniae KPN1187ec,Susceptible
573.14063,Klebsiella pneumoniae KPN331ec,Susceptible
573.66674,Klebsiella pneumoniae KP_NORM_BLD_115406,Susceptible
573.13405,Klebsiella pneumoniae KPN1467ec,Susceptible
573.15541,Klebsiella pneumoniae strain KSB1_1C,Susceptible
573.13677,Klebsiella pneumoniae KPN1784ec,Susceptible
573.46095,Klebsiella pneumoniae KSB1_9C,Susceptible
573.12783,Klebsiella pneumoniae strain AR_0107,Resistant
573.12896,Klebsiella pneumoniae 3300,Susceptible
573.26246,Klebsiella pneumoniae strain 5012STDY7626366,Susceptible
573.13370,Klebsiella pneumoniae KPN1429ec,Susceptible
573.29966,Klebsiella pneumoniae strain Kpngiani7132519,Resistant
573.13698,Klebsiella pneumoniae KPN1834ec,Susceptible
573.26126,Klebsiella pneumoniae strain 5012STDY7312747,Susceptible
573.13669,Klebsiella pneumoniae KPN1775ec,Susceptible
573.14429,Klebsiella pneumoniae KPN832ec,Susceptible
573.66529,Klebsiella pneumoniae 27322_4#104,Resistant
573.67029,Klebsiella pneumoniae KP_NORM_BLD_61449,Susceptible
573.14080,Klebsiella pneumoniae KPN355ec,Susceptible
573.29894,Klebsiella pneumoniae strain Kpngiani7132591,Resistant
573.33399,Klebsiella pneumoniae strain PMK17,Susceptible
573.14443,Klebsiella pneumoniae KPN853ec,Susceptible
573.15044,Klebsiella pneumoniae strain AR_0047,Resistant
573.12975,Klebsiella pneumoniae 3285,Susceptible
573.26111,Klebsiella pneumoniae strain 5012STDY7312576,Susceptible
573.23217,Klebsiella pneumoniae strain KP_158,Resistant
573.14534,Klebsiella pneumoniae KPN974ec,Susceptible
573.66448,Klebsiella pneumoniae 27261_7#145,Resistant
573.13107,Klebsiella pneumoniae KPN1103ec,Susceptible
573.13369,Klebsiella pneumoniae KPN1428ec,Resistant
573.67227,Klebsiella pneumoniae ERR7221208,Susceptible
573.30015,Klebsiella pneumoniae strain Kpngiani7132543,Resistant
573.26103,Klebsiella pneumoniae strain 5012STDY7312564,Susceptible
573.67179,Klebsiella pneumoniae KP_NORM_URN_2015_113374,Susceptible
573.13189,Klebsiella pneumoniae KPN1197ec,Resistant
573.14211,Klebsiella pneumoniae KPN525ec,Susceptible
573.13549,Klebsiella pneumoniae KPN1639ec,Susceptible
573.29883,Klebsiella pneumoniae strain Kpngiani7132580,Resistant
573.29908,Klebsiella pneumoniae strain Kpngiani7132596,Resistant
573.34254,Klebsiella pneumoniae strain KSB1_1B,Susceptible
573.35513,Klebsiella pneumoniae strain KSB1_9A,Susceptible
573.67120,Klebsiella pneumoniae KP_NORM_BLD_68,Susceptible
573.15456,Klebsiella pneumoniae strain 10315_6#42,Susceptible
573.24409,Klebsiella pneumoniae strain MUGSI_4,Resistant
573.13101,Klebsiella pneumoniae KPN1095ec,Susceptible
573.46098,Klebsiella pneumoniae KSB1_6D,Susceptible
573.26128,Klebsiella pneumoniae strain 5012STDY7312744,Susceptible
573.66609,Klebsiella pneumoniae KP_NORM_BLD_112922,Susceptible
573.67096,Klebsiella pneumoniae KP_NORM_BLD_63327,Susceptible
573.66556,Klebsiella pneumoniae 29109_2#143,Resistant
573.14133,Klebsiella pneumoniae KPN413ec,Resistant
573.13496,Klebsiella pneumoniae KPN1568ec,Susceptible
573.13029,Klebsiella pneumoniae 49,Susceptible
573.13943,Klebsiella pneumoniae KPN2149ec,Susceptible
573.12891,Klebsiella pneumoniae 3310,Susceptible
573.34246,Klebsiella pneumoniae strain INF354-sc-2280183,Susceptible
573.67309,Klebsiella pneumoniae ERR7221306,Susceptible
573.13758,Klebsiella pneumoniae KPN1898ec,Susceptible
573.66942,Klebsiella pneumoniae KP_NORM_BLD_2242,Susceptible
573.67122,Klebsiella pneumoniae KP_NORM_BLD_781,Susceptible
573.13318,Klebsiella pneumoniae KPN1360ec,Susceptible
573.26175,Klebsiella pneumoniae strain 5012STDY7312568,Susceptible
573.13926,Klebsiella pneumoniae KPN2108ec,Susceptible
573.13330,Klebsiella pneumoniae KPN1380ec,Susceptible
573.66911,Klebsiella pneumoniae KP_NORM_BLD_2013_91433,Susceptible
573.67039,Klebsiella pneumoniae KP_NORM_BLD_61808,Susceptible
573.66918,Klebsiella pneumoniae KP_NORM_BLD_2013_92325,Susceptible
573.5697,Klebsiella pneumoniae strain PB502,Susceptible
573.13172,Klebsiella pneumoniae KPN1179ec,Resistant
573.13522,Klebsiella pneumoniae KPN1598ec,Resistant
573.26244,Klebsiella pneumoniae strain 5012STDY7626364,Susceptible
573.13719,Klebsiella pneumoniae KPN1856ec,Susceptible
573.14336,Klebsiella pneumoniae KPN709ec,Susceptible
573.14428,Klebsiella pneumoniae KPN831ec,Resistant
573.26321,Klebsiella pneumoniae strain 5012STDY7626441,Susceptible
573.66291,Klebsiella pneumoniae 26975_4#152,Resistant
573.29862,Klebsiella pneumoniae strain Kpngiani7132560,Resistant
573.26264,Klebsiella pneumoniae strain 5012STDY7626378,Susceptible
573.30001,Klebsiella pneumoniae strain Kpngiani7132539,Resistant
573.26309,Klebsiella pneumoniae strain 5012STDY7626424,Susceptible
573.23206,Klebsiella pneumoniae strain KP_241,Resistant
573.15535,Klebsiella pneumoniae strain INF245,Susceptible
573.24304,Klebsiella pneumoniae strain 451,Susceptible
573.67153,Klebsiella pneumoniae KP_NORM_URN_2014_97392,Susceptible
573.67220,Klebsiella pneumoniae ERR7221200,Resistant
573.5646,Klebsiella pneumoniae strain 4_GR_12,Resistant
573.1723,Klebsiella pneumoniae strain KpVA-5,Resistant
573.13740,Klebsiella pneumoniae KPN1877ec,Susceptible
573.26236,Klebsiella pneumoniae strain 5012STDY7626474,Susceptible
573.33422,Klebsiella pneumoniae strain PMK3,Susceptible
573.12869,Klebsiella pneumoniae 3229,Susceptible
573.66587,Klebsiella pneumoniae KP_NORM_BLD_111588,Susceptible
573.13822,Klebsiella pneumoniae KPN1989ec,Susceptible
573.66410,Klebsiella pneumoniae 26994_8#157,Resistant
573.15547,Klebsiella pneumoniae strain KSB1_2D,Susceptible
573.66758,Klebsiella pneumoniae KP_NORM_BLD_12937,Susceptible
573.14449,Klebsiella pneumoniae KPN864ec,Susceptible
573.46091,Klebsiella pneumoniae KSB1_4B,Susceptible
573.66267,Klebsiella pneumoniae 26968_6#130,Resistant
573.13380,Klebsiella pneumoniae KPN1439ec,Resistant
573.29970,Klebsiella pneumoniae strain Kpngiani7132498,Resistant
573.67171,Klebsiella pneumoniae KP_NORM_URN_2015_109238,Susceptible
573.13766,Klebsiella pneumoniae KPN190ec,Susceptible
573.12974,Klebsiella pneumoniae 3380,Susceptible
573.66913,Klebsiella pneumoniae KP_NORM_BLD_2013_91444,Susceptible
573.14330,Klebsiella pneumoniae KPN702ec,Resistant
573.46868,Klebsiella pneumoniae KP-74LU,Resistant
573.66849,Klebsiella pneumoniae KP_NORM_BLD_2007_46696,Susceptible
573.66417,Klebsiella pneumoniae 26994_8#175,Resistant
573.66683,Klebsiella pneumoniae KP_NORM_BLD_115757,Susceptible
573.66451,Klebsiella pneumoniae 27261_7#70,Resistant
573.33412,Klebsiella pneumoniae strain PMK25,Resistant
573.66665,Klebsiella pneumoniae KP_NORM_BLD_115357,Susceptible
573.66412,Klebsiella pneumoniae 26994_8#140,Resistant
573.14216,Klebsiella pneumoniae KPN532ec,Susceptible
573.15515,Klebsiella pneumoniae strain INF062,Susceptible
573.66623,Klebsiella pneumoniae KP_NORM_BLD_113898,Susceptible
573.26197,Klebsiella pneumoniae strain 5012STDY7312664,Susceptible
573.13874,Klebsiella pneumoniae KPN2048ec,Susceptible
573.13508,Klebsiella pneumoniae KPN1583ec,Susceptible
573.66562,Klebsiella pneumoniae 29339_1#47,Susceptible
573.13436,Klebsiella pneumoniae KPN1499ec,Susceptible
573.46073,Klebsiella pneumoniae INF302,Susceptible
573.67218,Klebsiella pneumoniae ERR7221195,Susceptible
573.66368,Klebsiella pneumoniae 26994_7#117,Resistant
573.46874,Klebsiella pneumoniae KP-8POA,Resistant
573.13093,Klebsiella pneumoniae KPN1085ec,Susceptible
573.13465,Klebsiella pneumoniae KPN1534ec,Susceptible
573.24280,Klebsiella pneumoniae strain 31,Resistant
573.13752,Klebsiella pneumoniae KPN1890ec,Susceptible
573.29952,Klebsiella pneumoniae strain Kpngiani7132503,Resistant
573.24434,Klebsiella pneumoniae strain MUGSI_75,Resistant
573.29974,Klebsiella pneumoniae strain Kpngiani7132513,Resistant
573.13056,Klebsiella pneumoniae KPN1033ec,Susceptible
573.13072,Klebsiella pneumoniae KPN1053ec,Susceptible
573.66319,Klebsiella pneumoniae 26994_6#72,Resistant
573.15462,Klebsiella pneumoniae strain 10315_6#51,Resistant
573.13484,Klebsiella pneumoniae KPN1556ec,Susceptible
573.13325,Klebsiella pneumoniae KPN1366ec,Susceptible
573.13362,Klebsiella pneumoniae KPN1420ec,Resistant
573.46832,Klebsiella pneumoniae KP-10PI,Resistant
573.13307,Klebsiella pneumoniae KPN1347ec,Resistant
573.15471,Klebsiella pneumoniae strain 10315_6#60,Susceptible
573.14287,Klebsiella pneumoniae KPN620ec,Susceptible
573.14441,Klebsiella pneumoniae KPN850ec,Susceptible
573.66555,Klebsiella pneumoniae 29105_1#376,Resistant
573.15545,Klebsiella pneumoniae strain KSB1_7C,Susceptible
573.15474,Klebsiella pneumoniae strain 10315_6#66,Susceptible
573.26210,Klebsiella pneumoniae strain 5012STDY7312674,Susceptible
573.12912,Klebsiella pneumoniae 79,Susceptible
573.67291,Klebsiella pneumoniae ERR7221286,Susceptible
573.24347,Klebsiella pneumoniae strain MUGSI_130,Resistant
573.66238,Klebsiella pneumoniae 26968_5#151,Resistant
573.66338,Klebsiella pneumoniae 26994_6#123,Resistant
573.13898,Klebsiella pneumoniae KPN2076ec,Susceptible
573.12938,Klebsiella pneumoniae 3329,Susceptible
573.66958,Klebsiella pneumoniae KP_NORM_BLD_2493,Susceptible
573.26083,Klebsiella pneumoniae strain 5012STDY7312722,Susceptible
573.13616,Klebsiella pneumoniae KPN1713ec,Resistant
573.26255,Klebsiella pneumoniae strain 5012STDY7626365,Susceptible
573.13952,Klebsiella pneumoniae KPN2160ec,Resistant
573.14446,Klebsiella pneumoniae KPN858ec,Resistant
573.13977,Klebsiella pneumoniae KPN232ec,Susceptible
573.67068,Klebsiella pneumoniae KP_NORM_BLD_62497,Susceptible
573.13042,Klebsiella pneumoniae KPN1015ec,Resistant
573.26097,Klebsiella pneumoniae strain 5012STDY7312700,Susceptible
573.31075,Klebsiella pneumoniae strain WU2,Susceptible
573.14401,Klebsiella pneumoniae KPN793ec,Resistant
573.13670,Klebsiella pneumoniae KPN1776ec,Resistant
573.14471,Klebsiella pneumoniae KPN892ec,Resistant
573.66511,Klebsiella pneumoniae 27322_4#56,Resistant
573.13065,Klebsiella pneumoniae KPN1043ec,Resistant
573.26237,Klebsiella pneumoniae strain 5012STDY7626506,Susceptible
573.13900,Klebsiella pneumoniae KPN2078ec,Resistant
573.29930,Klebsiella pneumoniae strain Kpngiani7132622,Resistant
573.14007,Klebsiella pneumoniae KPN269ec,Susceptible
573.29996,Klebsiella pneumoniae strain Kpngiani7132553,Resistant
573.24435,Klebsiella pneumoniae strain MUGSI_76,Resistant
573.13191,Klebsiella pneumoniae KPN1199ec,Resistant
573.15511,Klebsiella pneumoniae strain INF025,Susceptible
573.15508,Klebsiella pneumoniae strain 10356_5#85,Susceptible
573.9721,Klebsiella pneumoniae strain AR_0117,Resistant
573.14229,Klebsiella pneumoniae KPN550ec,Susceptible
573.13676,Klebsiella pneumoniae KPN1783ec,Resistant
573.24244,Klebsiella pneumoniae strain 101,Resistant
573.26252,Klebsiella pneumoniae strain 5012STDY7626373,Susceptible
573.14090,Klebsiella pneumoniae KPN367ec,Resistant
573.46843,Klebsiella pneumoniae KP-17PI,Resistant
573.15571,Klebsiella pneumoniae strain KSB2_3A,Susceptible
573.67063,Klebsiella pneumoniae KP_NORM_BLD_62488,Susceptible
573.15445,Klebsiella pneumoniae strain 10315_6#27,Susceptible
573.31076,Klebsiella pneumoniae strain PH73,Susceptible
573.67210,Klebsiella pneumoniae ERR7221183,Susceptible
573.15575,Klebsiella pneumoniae strain KSB2_8A,Susceptible
573.66832,Klebsiella pneumoniae KP_NORM_BLD_1675,Susceptible
573.67015,Klebsiella pneumoniae KP_NORM_BLD_61041,Susceptible
573.67138,Klebsiella pneumoniae KP_NORM_URN_2012_82069,Susceptible
573.14204,Klebsiella pneumoniae KPN515ec,Resistant
573.66680,Klebsiella pneumoniae KP_NORM_BLD_115754,Susceptible
573.66973,Klebsiella pneumoniae KP_NORM_BLD_2800,Susceptible
573.15513,Klebsiella pneumoniae strain INF052,Susceptible
573.14465,Klebsiella pneumoniae KPN883ec,Resistant
573.67054,Klebsiella pneumoniae KP_NORM_BLD_62202,Susceptible
573.5824,Klebsiella pneumoniae strain W2-15-ERG3,Resistant
573.23229,Klebsiella pneumoniae strain KP_328,Resistant
573.65896,Klebsiella pneumoniae 012-E1-DxU,Susceptible
573.12881,Klebsiella pneumoniae 108,Susceptible
573.67163,Klebsiella pneumoniae KP_NORM_URN_2014_99206,Susceptible
573.67335,Klebsiella pneumoniae ERR7221345,Resistant
573.14385,Klebsiella pneumoniae KPN770ec,Resistant
573.46079,Klebsiella pneumoniae INF295,Susceptible
573.67302,Klebsiella pneumoniae ERR7221301,Resistant
573.66865,Klebsiella pneumoniae KP_NORM_BLD_2009_62924,Susceptible
573.66308,Klebsiella pneumoniae 26975_5#137,Resistant
573.24436,Klebsiella pneumoniae strain MUGSI_77,Resistant
573.15492,Klebsiella pneumoniae strain 10315_6#85,Susceptible
573.66824,Klebsiella pneumoniae KP_NORM_BLD_14179,Susceptible
573.12927,Klebsiella pneumoniae 116,Susceptible
573.46068,Klebsiella pneumoniae INF246,Susceptible
573.29995,Klebsiella pneumoniae strain Kpngiani7132556,Resistant
573.14244,Klebsiella pneumoniae KPN569ec,Susceptible
573.46860,Klebsiella pneumoniae KP-2SI,Resistant
573.67311,Klebsiella pneumoniae ERR7221315,Susceptible
573.22566,Klebsiella pneumoniae strain SU7,Susceptible
573.13332,Klebsiella pneumoniae KPN1382ec,Susceptible
573.14178,Klebsiella pneumoniae KPN468ec,Susceptible
573.66577,Klebsiella pneumoniae KP_NORM_BLD_108849,Susceptible
573.13244,Klebsiella pneumoniae KPN1265ec,Susceptible
573.15496,Klebsiella pneumoniae strain 10315_6#9,Resistant
573.13504,Klebsiella pneumoniae KPN1578ec,Susceptible
573.13960,Klebsiella pneumoniae KPN2171ec,Resistant
573.66532,Klebsiella pneumoniae 27322_4#113,Resistant
573.29941,Klebsiella pneumoniae strain Kpngiani7132493,Resistant
573.26267,Klebsiella pneumoniae strain 5012STDY7626387,Susceptible
573.46859,Klebsiella pneumoniae KP-28P,Resistant
573.13857,Klebsiella pneumoniae KPN202ec,Susceptible
573.14258,Klebsiella pneumoniae KPN584ec,Susceptible
573.26166,Klebsiella pneumoniae strain 5012STDY7312603,Susceptible
573.14106,Klebsiella pneumoniae KPN383ec,Susceptible
573.12889,Klebsiella pneumoniae 51,Susceptible
573.13686,Klebsiella pneumoniae KPN1818ec,Resistant
573.66541,Klebsiella pneumoniae 27322_4#179,Resistant
573.15370,Klebsiella pneumoniae strain INF157,Resistant
573.14418,Klebsiella pneumoniae KPN818ec,Resistant
573.67049,Klebsiella pneumoniae KP_NORM_BLD_61902,Susceptible
573.14430,Klebsiella pneumoniae KPN835ec,Resistant
573.24270,Klebsiella pneumoniae strain 255,Susceptible
573.14377,Klebsiella pneumoniae KPN759ec,Resistant
573.66659,Klebsiella pneumoniae KP_NORM_BLD_115338,Susceptible
573.46875,Klebsiella pneumoniae KP-91LU,Resistant
573.13472,Klebsiella pneumoniae KPN1543ec,Susceptible
573.15329,Klebsiella pneumoniae strain KSB1_5D,Resistant
573.67290,Klebsiella pneumoniae ERR7221287,Resistant
573.5644,Klebsiella pneumoniae strain 5_GR_13,Resistant
573.13292,Klebsiella pneumoniae KPN1331ec,Resistant
573.14397,Klebsiella pneumoniae KPN786ec,Susceptible
573.66677,Klebsiella pneumoniae KP_NORM_BLD_115414,Susceptible
573.29992,Klebsiella pneumoniae strain Kpngiani7132555,Resistant
573.29938,Klebsiella pneumoniae strain Kpngiani7132501,Resistant
573.67073,Klebsiella pneumoniae KP_NORM_BLD_62636,Susceptible
573.66579,Klebsiella pneumoniae KP_NORM_BLD_108846,Susceptible
573.14364,Klebsiella pneumoniae KPN742ec,Resistant
573.66950,Klebsiella pneumoniae KP_NORM_BLD_2260,Susceptible
573.13393,Klebsiella pneumoniae KPN1451ec,Susceptible
573.29969,Klebsiella pneumoniae strain Kpngiani7132492,Resistant
573.13464,Klebsiella pneumoniae KPN1533ec,Susceptible
573.66619,Klebsiella pneumoniae KP_NORM_BLD_113779,Susceptible
573.66704,Klebsiella pneumoniae KP_NORM_BLD_116239,Susceptible
573.13815,Klebsiella pneumoniae KPN1981ec,Susceptible
573.13724,Klebsiella pneumoniae KPN1861ec,Susceptible
573.14202,Klebsiella pneumoniae KPN513ec,Susceptible
573.12898,Klebsiella pneumoniae 3216,Susceptible
573.24386,Klebsiella pneumoniae strain MUGSI_272,Susceptible
573.13220,Klebsiella pneumoniae KPN123ec,Resistant
573.66512,Klebsiella pneumoniae 27322_4#55,Resistant
573.46829,Klebsiella pneumoniae KP-101LU,Resistant
573.13352,Klebsiella pneumoniae KPN1409ec,Susceptible
573.14219,Klebsiella pneumoniae KPN535ec,Susceptible
573.67008,Klebsiella pneumoniae KP_NORM_BLD_60876,Susceptible
573.14227,Klebsiella pneumoniae KPN546ec,Susceptible
573.13845,Klebsiella pneumoniae KPN2015ec,Susceptible
573.12972,Klebsiella pneumoniae 3244,Susceptible
573.14353,Klebsiella pneumoniae KPN729ec,Resistant
573.67233,Klebsiella pneumoniae ERR7221216,Resistant
573.26139,Klebsiella pneumoniae strain 5012STDY7312755,Susceptible
573.66563,Klebsiella pneumoniae 29135_1#109,Resistant
573.13831,Klebsiella pneumoniae KPN2000ec,Resistant
573.67155,Klebsiella pneumoniae KP_NORM_URN_2014_101205,Susceptible
573.5768,Klebsiella pneumoniae strain 15_GR_13,Resistant
573.13108,Klebsiella pneumoniae KPN1104ec,Resistant
573.13034,Klebsiella pneumoniae KPN1004ec,Resistant
573.13577,Klebsiella pneumoniae KPN1671ec,Resistant
573.14509,Klebsiella pneumoniae KPN941ec,Resistant
573.26096,Klebsiella pneumoniae strain 5012STDY7312574,Susceptible
573.13275,Klebsiella pneumoniae KPN1311ec,Susceptible
573.66356,Klebsiella pneumoniae 26994_7#52,Resistant
573.23214,Klebsiella pneumoniae strain KP_093,Resistant
573.13207,Klebsiella pneumoniae KPN1217ec,Resistant
573.13444,Klebsiella pneumoniae KPN1511ec,Resistant
573.14200,Klebsiella pneumoniae KPN511ec,Resistant
573.14505,Klebsiella pneumoniae KPN934ec,Susceptible
573.30016,Klebsiella pneumoniae strain Kpngiani7132537,Resistant
573.13300,Klebsiella pneumoniae KPN133ec,Susceptible
573.13058,Klebsiella pneumoniae KPN1036ec,Susceptible
573.24298,Klebsiella pneumoniae strain 400,Susceptible
573.26131,Klebsiella pneumoniae strain 5012STDY7312748,Susceptible
573.26110,Klebsiella pneumoniae strain 5012STDY7312727,Susceptible
573.23218,Klebsiella pneumoniae strain KP_310,Resistant
573.66782,Klebsiella pneumoniae KP_NORM_BLD_13382,Susceptible
573.13904,Klebsiella pneumoniae KPN2081ec,Susceptible
573.13230,Klebsiella pneumoniae KPN124ec,Susceptible
573.29999,Klebsiella pneumoniae strain Kpngiani7132535,Resistant
573.66480,Klebsiella pneumoniae 27261_8#87,Resistant
573.5810,Klebsiella pneumoniae strain PB39,Susceptible
573.24273,Klebsiella pneumoniae strain 275,Susceptible
573.14308,Klebsiella pneumoniae KPN677ec,Resistant
573.13329,Klebsiella pneumoniae KPN1378ec,Susceptible
573.14247,Klebsiella pneumoniae KPN573ec,Resistant
573.66387,Klebsiella pneumoniae 26994_8#22,Resistant
573.13743,Klebsiella pneumoniae KPN187ec,Susceptible
573.67109,Klebsiella pneumoniae KP_NORM_BLD_63825,Susceptible
573.5809,Klebsiella pneumoniae strain PB270,Susceptible
573.66510,Klebsiella pneumoniae 27322_4#59,Resistant
573.13182,Klebsiella pneumoniae KPN1190ec,Resistant
573.13052,Klebsiella pneumoniae KPN1027ec,Resistant
573.46856,Klebsiella pneumoniae KP-26PI,Resistant
573.13221,Klebsiella pneumoniae KPN1240ec,Resistant
573.13382,Klebsiella pneumoniae KPN1440ec,Resistant
573.66954,Klebsiella pneumoniae KP_NORM_BLD_232,Susceptible
573.66887,Klebsiella pneumoniae KP_NORM_BLD_2011_74862,Susceptible
573.24249,Klebsiella pneumoniae strain 132,Resistant
573.66647,Klebsiella pneumoniae KP_NORM_BLD_114464,Susceptible
573.18477,Klebsiella pneumoniae strain CCUG 70747,Resistant
573.66348,Klebsiella pneumoniae 26994_6#168,Resistant
573.26209,Klebsiella pneumoniae strain 5012STDY7312675,Susceptible
573.13851,Klebsiella pneumoniae KPN2023ec,Susceptible
573.67268,Klebsiella pneumoniae ERR7221260,Resistant
573.26291,Klebsiella pneumoniae strain 5012STDY7626412,Susceptible
573.12993,Klebsiella pneumoniae 64,Susceptible
573.67043,Klebsiella pneumoniae KP_NORM_BLD_61889,Susceptible
573.23225,Klebsiella pneumoniae strain KP_307,Resistant
573.13899,Klebsiella pneumoniae KPN2077ec,Susceptible
573.26288,Klebsiella pneumoniae strain 5012STDY7626407,Susceptible
573.26100,Klebsiella pneumoniae strain 5012STDY7312702,Susceptible
573.15570,Klebsiella pneumoniae strain KSB1_4J,Susceptible
573.14398,Klebsiella pneumoniae KPN788ec,Susceptible
573.31084,Klebsiella pneumoniae strain WU9,Susceptible
573.12966,Klebsiella pneumoniae 3357,Resistant
573.13528,Klebsiella pneumoniae KPN1608ec,Susceptible
573.13088,Klebsiella pneumoniae KPN1075ec,Resistant
573.13983,Klebsiella pneumoniae KPN238ec,Susceptible
573.13572,Klebsiella pneumoniae KPN1666ec,Susceptible
573.14473,Klebsiella pneumoniae KPN894ec,Susceptible
573.15556,Klebsiella pneumoniae strain KSB1_4F,Susceptible
573.67005,Klebsiella pneumoniae KP_NORM_BLD_60872,Susceptible
573.13098,Klebsiella pneumoniae KPN1092ec,Susceptible
573.26240,Klebsiella pneumoniae strain 5012STDY7626482,Susceptible
573.14164,Klebsiella pneumoniae KPN448ec,Susceptible
573.15623,Klebsiella pneumoniae strain INF304,Susceptible
573.14033,Klebsiella pneumoniae KPN297ec,Resistant
573.5672,Klebsiella pneumoniae strain PB366,Susceptible
573.14359,Klebsiella pneumoniae KPN736ec,Susceptible
573.15376,Klebsiella pneumoniae strain INF274,Susceptible
573.67244,Klebsiella pneumoniae ERR7221231,Resistant
573.66425,Klebsiella pneumoniae 27097_7#7,Resistant
573.66377,Klebsiella pneumoniae 26994_7#155,Resistant
573.15572,Klebsiella pneumoniae strain KSB2_4A,Susceptible
573.13524,Klebsiella pneumoniae KPN1603ec,Resistant
573.26262,Klebsiella pneumoniae strain 5012STDY7626380,Susceptible
573.13939,Klebsiella pneumoniae KPN2128ec,Resistant
573.13272,Klebsiella pneumoniae KPN1307ec,Susceptible
573.67134,Klebsiella pneumoniae KP_NORM_URN_2012_81479,Susceptible
573.13264,Klebsiella pneumoniae KPN1285ec,Susceptible
573.13598,Klebsiella pneumoniae KPN1695ec,Susceptible
573.13980,Klebsiella pneumoniae KPN235ec,Susceptible
573.13165,Klebsiella pneumoniae KPN1170ec,Susceptible
573.66475,Klebsiella pneumoniae 27261_8#97,Resistant
573.13460,Klebsiella pneumoniae KPN1529ec,Susceptible
573.66405,Klebsiella pneumoniae 26994_8#154,Resistant
573.15470,Klebsiella pneumoniae strain 10315_6#61,Susceptible
573.14537,Klebsiella pneumoniae KPN978ec,Resistant
573.13416,Klebsiella pneumoniae KPN1477ec,Susceptible
573.66885,Klebsiella pneumoniae KP_NORM_BLD_2011_74861,Susceptible
573.24389,Klebsiella pneumoniae strain MUGSI_30,Resistant
573.30012,Klebsiella pneumoniae strain Kpngiani7132545,Resistant
573.67022,Klebsiella pneumoniae KP_NORM_BLD_61279,Susceptible
573.24279,Klebsiella pneumoniae strain 308,Susceptible
573.46065,Klebsiella pneumoniae INF261,Susceptible
573.66660,Klebsiella pneumoniae KP_NORM_BLD_115332,Susceptible
573.14207,Klebsiella pneumoniae KPN521ec,Susceptible
573.66223,Klebsiella pneumoniae 26968_5#66,Resistant
573.67673,Klebsiella pneumoniae 26994_6#100,Resistant
573.14045,Klebsiella pneumoniae KPN310ec,Susceptible
573.66421,Klebsiella pneumoniae 27097_7#1,Resistant
573.67255,Klebsiella pneumoniae ERR7221245,Resistant
573.13950,Klebsiella pneumoniae KPN2158ec,Susceptible
573.14337,Klebsiella pneumoniae KPN711ec,Susceptible
573.26213,Klebsiella pneumoniae strain 5012STDY7312676,Susceptible
573.13282,Klebsiella pneumoniae KPN1321ec,Susceptible
573.13784,Klebsiella pneumoniae KPN1932ec,Resistant
573.13048,Klebsiella pneumoniae KPN1022ec,Resistant
573.12988,Klebsiella pneumoniae 3312,Susceptible
573.46841,Klebsiella pneumoniae KP-15PI,Resistant
573.24306,Klebsiella pneumoniae strain 459,Resistant
573.26292,Klebsiella pneumoniae strain 5012STDY7626409,Susceptible
573.13471,Klebsiella pneumoniae KPN1542ec,Susceptible
573.5807,Klebsiella pneumoniae strain PB129,Susceptible
573.66706,Klebsiella pneumoniae KP_NORM_BLD_116338,Susceptible
573.13661,Klebsiella pneumoniae KPN1767ec,Resistant
573.66718,Klebsiella pneumoniae KP_NORM_BLD_116398,Susceptible
573.13407,Klebsiella pneumoniae KPN146ec,Susceptible
573.66453,Klebsiella pneumoniae 27261_7#68,Resistant
573.29951,Klebsiella pneumoniae strain Kpngiani7132505,Resistant
573.26171,Klebsiella pneumoniae strain 5012STDY7312615,Susceptible
573.14549,Klebsiella pneumoniae KPN997ec,Resistant
573.66491,Klebsiella pneumoniae 27261_8#111,Resistant
573.12936,Klebsiella pneumoniae 3323,Resistant
573.14521,Klebsiella pneumoniae KPN954ec,Resistant
573.24441,Klebsiella pneumoniae strain MUGSI_82,Resistant
573.66400,Klebsiella pneumoniae 26994_8#77,Resistant
573.13376,Klebsiella pneumoniae KPN1434ec,Susceptible
573.24356,Klebsiella pneumoniae strain MUGSI_146,Resistant
573.67327,Klebsiella pneumoniae ERR7221337,Susceptible
573.26226,Klebsiella pneumoniae strain 5012STDY7312688,Susceptible
573.66604,Klebsiella pneumoniae KP_NORM_BLD_112902,Susceptible
573.66925,Klebsiella pneumoniae KP_NORM_BLD_2014_104302,Susceptible
573.5815,Klebsiella pneumoniae strain PB38,Susceptible
573.46088,Klebsiella pneumoniae KSB1_10A,Susceptible
573.29985,Klebsiella pneumoniae strain Kpngiani7132529,Resistant
573.13257,Klebsiella pneumoniae KPN1278ec,Resistant
573.66825,Klebsiella pneumoniae KP_NORM_BLD_14177,Susceptible
573.14323,Klebsiella pneumoniae KPN694ec,Susceptible
573.66901,Klebsiella pneumoniae KP_NORM_BLD_2012_85073,Susceptible
573.14029,Klebsiella pneumoniae KPN292ec,Susceptible
573.24396,Klebsiella pneumoniae strain MUGSI_312,Resistant
573.13722,Klebsiella pneumoniae KPN185ec,Resistant
573.66763,Klebsiella pneumoniae KP_NORM_BLD_13117,Susceptible
573.13467,Klebsiella pneumoniae KPN1536ec,Susceptible
573.19877,Klebsiella pneumoniae strain AR_0454,Resistant
573.29880,Klebsiella pneumoniae strain Kpngiani7132582,Resistant
573.12878,Klebsiella pneumoniae 3262,Susceptible
573.67083,Klebsiella pneumoniae KP_NORM_BLD_62926,Susceptible
573.13297,Klebsiella pneumoniae KPN1336ec,Susceptible
573.46834,Klebsiella pneumoniae KP-122LU,Resistant
573.24421,Klebsiella pneumoniae strain MUGSI_57,Resistant
573.13565,Klebsiella pneumoniae KPN1658ec,Resistant
573.66557,Klebsiella pneumoniae 29105_1#128,Resistant
573.66688,Klebsiella pneumoniae KP_NORM_BLD_115984,Susceptible
573.13545,Klebsiella pneumoniae KPN1629ec,Susceptible
573.13735,Klebsiella pneumoniae KPN1871ec,Susceptible
573.26206,Klebsiella pneumoniae strain 5012STDY7312673,Susceptible
573.14127,Klebsiella pneumoniae KPN406ec,Susceptible
573.13489,Klebsiella pneumoniae KPN1560ec,Susceptible
573.13422,Klebsiella pneumoniae KPN1485ec,Susceptible
573.66966,Klebsiella pneumoniae KP_NORM_BLD_2793,Susceptible
573.67285,Klebsiella pneumoniae ERR7221281,Resistant
573.66280,Klebsiella pneumoniae 26975_4#93,Susceptible
573.13386,Klebsiella pneumoniae KPN1445ec,Susceptible
573.13969,Klebsiella pneumoniae KPN222ec,Susceptible
573.13368,Klebsiella pneumoniae KPN1427ec,Susceptible
573.15590,Klebsiella pneumoniae strain KSB2_5D,Susceptible
573.13232,Klebsiella pneumoniae KPN1252ec,Susceptible
573.31073,Klebsiella pneumoniae strain PH40,Susceptible
573.12863,Klebsiella pneumoniae 105,Susceptible
573.15520,Klebsiella pneumoniae strain INF074,Susceptible
573.66645,Klebsiella pneumoniae KP_NORM_BLD_114450,Susceptible
573.12773,Klebsiella pneumoniae strain AR_0138,Resistant
573.13560,Klebsiella pneumoniae KPN1651ec,Susceptible
573.66441,Klebsiella pneumoniae 27261_7#51,Resistant
573.15533,Klebsiella pneumoniae strain INF330,Susceptible
573.29923,Klebsiella pneumoniae strain Kpngiani7132629,Resistant
573.14468,Klebsiella pneumoniae KPN888ec,Susceptible
573.13968,Klebsiella pneumoniae KPN221ec,Susceptible
573.13085,Klebsiella pneumoniae KPN1071ec,Susceptible
573.13263,Klebsiella pneumoniae KPN1284ec,Susceptible
573.66826,Klebsiella pneumoniae KP_NORM_BLD_1672,Susceptible
573.66502,Klebsiella pneumoniae 27261_8#161,Resistant
573.46111,Klebsiella pneumoniae KSB2_10A,Susceptible
573.29932,Klebsiella pneumoniae strain Kpngiani7132620,Resistant
573.14451,Klebsiella pneumoniae KPN866ec,Susceptible
573.14324,Klebsiella pneumoniae KPN695ec,Susceptible
573.46075,Klebsiella pneumoniae KSB2_5A,Resistant
573.14366,Klebsiella pneumoniae KPN745ec,Susceptible
573.14119,Klebsiella pneumoniae KPN397ec,Susceptible
573.14137,Klebsiella pneumoniae KPN417ec,Resistant
573.66381,Klebsiella pneumoniae 26994_7#168,Resistant
573.67203,Klebsiella pneumoniae ERR7221178,Susceptible
573.66944,Klebsiella pneumoniae KP_NORM_BLD_2247,Susceptible
573.5695,Klebsiella pneumoniae strain PB295,Susceptible
573.29982,Klebsiella pneumoniae strain Kpngiani7132522,Resistant
573.67159,Klebsiella pneumoniae KP_NORM_URN_2014_97671,Susceptible
573.14393,Klebsiella pneumoniae KPN781ec,Resistant
573.66487,Klebsiella pneumoniae 27261_8#106,Resistant
573.46844,Klebsiella pneumoniae KP-18PI,Resistant
573.24394,Klebsiella pneumoniae strain MUGSI_310,Resistant
573.66862,Klebsiella pneumoniae KP_NORM_BLD_2009_63475,Susceptible
573.66827,Klebsiella pneumoniae KP_NORM_BLD_14222,Susceptible
573.7031,Klebsiella pneumoniae strain AR_0040,Resistant
573.67062,Klebsiella pneumoniae KP_NORM_BLD_622,Susceptible
573.14270,Klebsiella pneumoniae KPN599ec,Susceptible
573.66817,Klebsiella pneumoniae KP_NORM_BLD_14169,Susceptible
573.66530,Klebsiella pneumoniae 27322_4#141,Susceptible
573.29905,Klebsiella pneumoniae strain Kpngiani7132606,Resistant
573.12913,Klebsiella pneumoniae 3318,Resistant
573.14261,Klebsiella pneumoniae KPN588ec,Susceptible
573.66709,Klebsiella pneumoniae KP_NORM_BLD_116351,Susceptible
573.66788,Klebsiella pneumoniae KP_NORM_BLD_1344,Susceptible
573.66744,Klebsiella pneumoniae KP_NORM_BLD_117562,Susceptible
573.15607,Klebsiella pneumoniae strain KSB1_7I,Susceptible
573.14515,Klebsiella pneumoniae KPN947ec,Susceptible
573.13304,Klebsiella pneumoniae KPN1344ec,Susceptible
573.26315,Klebsiella pneumoniae strain 5012STDY7626437,Susceptible
573.14335,Klebsiella pneumoniae KPN708ec,Susceptible
573.14314,Klebsiella pneumoniae KPN683ec,Resistant
573.66751,Klebsiella pneumoniae KP_NORM_BLD_12876,Susceptible
573.29876,Klebsiella pneumoniae strain Kpngiani7132589,Resistant
573.30010,Klebsiella pneumoniae strain Kpngiani7132534,Resistant
573.66699,Klebsiella pneumoniae KP_NORM_BLD_116234,Susceptible
573.13802,Klebsiella pneumoniae KPN1955ec,Susceptible
573.33395,Klebsiella pneumoniae strain PMK14,Resistant
573.46096,Klebsiella pneumoniae KSB1_1D,Susceptible
573.15550,Klebsiella pneumoniae strain KSB1_3E,Susceptible
573.5701,Klebsiella pneumoniae strain PB388,Susceptible
573.66585,Klebsiella pneumoniae KP_NORM_BLD_110785,Susceptible
573.23223,Klebsiella pneumoniae strain KP_030,Susceptible
573.13727,Klebsiella pneumoniae KPN1864ec,Susceptible
573.31063,Klebsiella pneumoniae strain PH24-1,Susceptible
573.15613,Klebsiella pneumoniae strain KSB2_8B,Resistant
573.14091,Klebsiella pneumoniae KPN368ec,Resistant
573.66240,Klebsiella pneumoniae 26968_5#174,Resistant
573.14231,Klebsiella pneumoniae KPN553ec,Resistant
573.66761,Klebsiella pneumoniae KP_NORM_BLD_13121,Susceptible
573.24265,Klebsiella pneumoniae strain 22,Resistant
573.15601,Klebsiella pneumoniae strain INF326,Susceptible
573.66601,Klebsiella pneumoniae KP_NORM_BLD_112587,Susceptible
573.15442,Klebsiella pneumoniae strain 10315_6#22,Susceptible
573.14132,Klebsiella pneumoniae KPN412ec,Susceptible
573.14371,Klebsiella pneumoniae KPN752ec,Resistant
573.46089,Klebsiella pneumoniae KSB1_2B,Susceptible
573.24447,Klebsiella pneumoniae strain MUGSI_88,Resistant
573.14190,Klebsiella pneumoniae KPN483ec,Susceptible
573.13360,Klebsiella pneumoniae KPN1417ec,Susceptible
573.15531,Klebsiella pneumoniae strain INF220,Susceptible
573.66984,Klebsiella pneumoniae KP_NORM_BLD_392,Susceptible
573.66215,Klebsiella pneumoniae 26968_5#4,Resistant
573.12909,Klebsiella pneumoniae 3317,Susceptible
573.24342,Klebsiella pneumoniae strain MUGSI_125,Resistant
573.12934,Klebsiella pneumoniae 9,Susceptible
573.66247,Klebsiella pneumoniae 26968_6#8,Resistant
573.66189,Klebsiella pneumoniae KP_NORM_URN_2012_81428,Susceptible
573.5722,Klebsiella pneumoniae strain W2-13-ERG11,Susceptible
573.12782,Klebsiella pneumoniae strain AR_0148,Resistant
573.13280,Klebsiella pneumoniae KPN1317ec,Susceptible
573.13053,Klebsiella pneumoniae KPN1030ec,Resistant
573.66314,Klebsiella pneumoniae 26975_5#155,Resistant
573.26138,Klebsiella pneumoniae strain 5012STDY7312754,Susceptible
573.66464,Klebsiella pneumoniae 27261_8#32,Resistant
573.13708,Klebsiella pneumoniae KPN1845ec,Susceptible
573.46102,Klebsiella pneumoniae KSB1_8E,Susceptible
573.66243,Klebsiella pneumoniae 26968_5#192,Resistant
573.46867,Klebsiella pneumoniae KP-51LI,Resistant
573.15614,Klebsiella pneumoniae strain KSB2_2B,Resistant
573.66108,Klebsiella pneumoniae ERR1813604,Resistant
573.15521,Klebsiella pneumoniae strain INF168,Susceptible
573.13251,Klebsiella pneumoniae KPN1272ec,Resistant
573.29922,Klebsiella pneumoniae strain Kpngiani7132615,Resistant
573.14171,Klebsiella pneumoniae KPN460ec,Susceptible
573.24405,Klebsiella pneumoniae strain MUGSI_35,Resistant
573.66340,Klebsiella pneumoniae 26994_6#165,Resistant
573.66843,Klebsiella pneumoniae KP_NORM_BLD_1887,Susceptible
573.13788,Klebsiella pneumoniae KPN1937ec,Resistant
573.14098,Klebsiella pneumoniae KPN375ec,Resistant
573.5687,Klebsiella pneumoniae strain PB291,Susceptible
573.13809,Klebsiella pneumoniae KPN1973ec,Susceptible
573.66766,Klebsiella pneumoniae KP_NORM_BLD_13124,Susceptible
573.13534,Klebsiella pneumoniae KPN1613ec,Susceptible
573.13515,Klebsiella pneumoniae KPN1591ec,Susceptible
573.66463,Klebsiella pneumoniae 27261_8#22,Resistant
573.13506,Klebsiella pneumoniae KPN1580ec,Susceptible
573.13112,Klebsiella pneumoniae KPN1108ec,Susceptible
573.67320,Klebsiella pneumoniae ERR7221334,Susceptible
573.67225,Klebsiella pneumoniae ERR7221211,Resistant
573.67314,Klebsiella pneumoniae ERR7221316,Resistant
573.24293,Klebsiella pneumoniae strain 371,Susceptible
573.13480,Klebsiella pneumoniae KPN1550ec,Susceptible
573.31064,Klebsiella pneumoniae strain PH25,Susceptible
573.13891,Klebsiella pneumoniae KPN2067ec,Susceptible
573.14249,Klebsiella pneumoniae KPN575ec,Susceptible
573.66190,Klebsiella pneumoniae KP_NORM_URN_2015_107539,Susceptible
573.13693,Klebsiella pneumoniae KPN1828ec,Resistant
573.66834,Klebsiella pneumoniae KP_NORM_BLD_1687,Susceptible
573.67221,Klebsiella pneumoniae ERR7221201,Resistant
573.67325,Klebsiella pneumoniae ERR7221336,Susceptible
573.66713,Klebsiella pneumoniae KP_NORM_BLD_116361,Susceptible
573.14192,Klebsiella pneumoniae KPN485ec,Susceptible
573.14450,Klebsiella pneumoniae KPN865ec,Susceptible
573.24369,Klebsiella pneumoniae strain MUGSI_180,Susceptible
573.13557,Klebsiella pneumoniae KPN1649ec,Susceptible
573.26099,Klebsiella pneumoniae strain 5012STDY7312701,Susceptible
573.66367,Klebsiella pneumoniae 26994_7#90,Resistant
573.66773,Klebsiella pneumoniae KP_NORM_BLD_13139,Susceptible
573.66867,Klebsiella pneumoniae KP_NORM_BLD_2009_63477,Susceptible
573.67199,Klebsiella pneumoniae ERR7221176,Susceptible
573.13435,Klebsiella pneumoniae KPN1498ec,Susceptible
573.67136,Klebsiella pneumoniae KP_NORM_URN_2012_82063,Susceptible
573.14497,Klebsiella pneumoniae KPN925ec,Resistant
573.15498,Klebsiella pneumoniae strain 10315_6#93,Susceptible
573.13068,Klebsiella pneumoniae KPN1046ec,Resistant
573.23205,Klebsiella pneumoniae strain KP_301,Resistant
573.14051,Klebsiella pneumoniae KPN317ec,Susceptible
573.24366,Klebsiella pneumoniae strain MUGSI_165,Resistant
573.15497,Klebsiella pneumoniae strain 10315_6#92,Susceptible
573.13371,Klebsiella pneumoniae KPN142ec,Susceptible
573.26215,Klebsiella pneumoniae strain 5012STDY7312678,Susceptible
573.24406,Klebsiella pneumoniae strain MUGSI_37,Resistant
573.66390,Klebsiella pneumoniae 26994_8#37,Resistant
573.66894,Klebsiella pneumoniae KP_NORM_BLD_2011_76205,Susceptible
573.29893,Klebsiella pneumoniae strain Kpngiani7132586,Resistant
573.14408,Klebsiella pneumoniae KPN802ec,Susceptible
573.14117,Klebsiella pneumoniae KPN395ec,Susceptible
573.13027,Klebsiella pneumoniae 26,Susceptible
573.14365,Klebsiella pneumoniae KPN744ec,Susceptible
573.13597,Klebsiella pneumoniae KPN1694ec,Susceptible
573.66776,Klebsiella pneumoniae KP_NORM_BLD_13373,Susceptible
573.66820,Klebsiella pneumoniae KP_NORM_BLD_14165,Susceptible
573.33396,Klebsiella pneumoniae strain PMK16,Susceptible
573.13680,Klebsiella pneumoniae KPN1788ec,Resistant
573.13116,Klebsiella pneumoniae KPN1113ec,Susceptible
573.29896,Klebsiella pneumoniae strain Kpngiani7132600,Resistant
573.29886,Klebsiella pneumoniae strain Kpngiani7132579,Resistant
573.13303,Klebsiella pneumoniae KPN1342ec,Resistant
573.15527,Klebsiella pneumoniae strain INF208,Susceptible
573.29968,Klebsiella pneumoniae strain Kpngiani7132509,Resistant
573.66786,Klebsiella pneumoniae KP_NORM_BLD_1341,Susceptible
573.66275,Klebsiella pneumoniae 26968_6#191,Resistant
573.15618,Klebsiella pneumoniae strain KSB2_5A,Resistant
573.14501,Klebsiella pneumoniae KPN929ec,Resistant
573.66364,Klebsiella pneumoniae 26994_7#99,Resistant
573.26106,Klebsiella pneumoniae strain 5012STDY7312729,Susceptible
573.66702,Klebsiella pneumoniae KP_NORM_BLD_116244,Susceptible
573.13413,Klebsiella pneumoniae KPN1475ec,Susceptible
573.66870,Klebsiella pneumoniae KP_NORM_BLD_2010_70236,Susceptible
573.66177,Klebsiella pneumoniae KP_NORM_BLD_2014_100998,Susceptible
573.14484,Klebsiella pneumoniae KPN911ec,Susceptible
573.13666,Klebsiella pneumoniae KPN1771ec,Resistant
573.66371,Klebsiella pneumoniae 26994_7#120,Resistant
573.34294,Klebsiella pneumoniae strain INF279-sc-2280202,Susceptible
573.66729,Klebsiella pneumoniae KP_NORM_BLD_116574,Susceptible
573.66384,Klebsiella pneumoniae 26994_8#19,Resistant
573.13020,Klebsiella pneumoniae 41,Susceptible
573.67011,Klebsiella pneumoniae KP_NORM_BLD_60949,Susceptible
573.66576,Klebsiella pneumoniae KP_NORM_BLD_108856,Susceptible
573.14436,Klebsiella pneumoniae KPN841ec,Susceptible
573.15536,Klebsiella pneumoniae strain INF346,Susceptible
573.13671,Klebsiella pneumoniae KPN1777ec,Susceptible
573.26323,Klebsiella pneumoniae strain 5012STDY7626431,Susceptible
573.13434,Klebsiella pneumoniae KPN1497ec,Resistant
573.12882,Klebsiella pneumoniae 113,Susceptible
573.66209,Klebsiella pneumoniae KP_NORM_BLD_2015_112126,Susceptible
573.15528,Klebsiella pneumoniae strain INF209,Susceptible
573.24426,Klebsiella pneumoniae strain MUGSI_64,Resistant
573.12860,Klebsiella pneumoniae 3316,Susceptible
573.66760,Klebsiella pneumoniae KP_NORM_BLD_12931,Susceptible
573.66143,Klebsiella pneumoniae ERR1840998,Resistant
573.13935,Klebsiella pneumoniae KPN2121ec,Susceptible
573.14255,Klebsiella pneumoniae KPN581ec,Resistant
573.15467,Klebsiella pneumoniae strain 10315_6#6,Susceptible
573.13704,Klebsiella pneumoniae KPN1841ec,Resistant
573.5645,Klebsiella pneumoniae strain 3_GR_13,Resistant
573.13613,Klebsiella pneumoniae KPN1710ec,Susceptible
573.66722,Klebsiella pneumoniae KP_NORM_BLD_116444,Susceptible
573.13381,Klebsiella pneumoniae KPN143ec,Susceptible
573.13432,Klebsiella pneumoniae KPN1495ec,Resistant
573.13930,Klebsiella pneumoniae KPN2113ec,Resistant
573.14213,Klebsiella pneumoniae KPN527ec,Susceptible
573.13624,Klebsiella pneumoniae KPN1721ec,Susceptible
573.13705,Klebsiella pneumoniae KPN1842ec,Susceptible
573.13248,Klebsiella pneumoniae KPN126ec,Susceptible
573.12923,Klebsiella pneumoniae 83,Susceptible
573.66575,Klebsiella pneumoniae KP_NORM_BLD_108853,Susceptible
573.67131,Klebsiella pneumoniae KP_NORM_URN_2012_81229,Susceptible
573.13512,Klebsiella pneumoniae KPN1587ec,Resistant
573.66560,Klebsiella pneumoniae 29109_2#379,Resistant
573.29928,Klebsiella pneumoniae strain Kpngiani7132628,Resistant
573.67162,Klebsiella pneumoniae KP_NORM_URN_2014_98501,Susceptible
573.13573,Klebsiella pneumoniae KPN1667ec,Resistant
573.12905,Klebsiella pneumoniae 3263,Resistant
573.14528,Klebsiella pneumoniae KPN963ec,Resistant
573.14056,Klebsiella pneumoniae KPN322ec,Resistant
573.14350,Klebsiella pneumoniae KPN724ec,Susceptible
573.66472,Klebsiella pneumoniae 27261_8#46,Resistant
573.14532,Klebsiella pneumoniae KPN968ec,Susceptible
573.12942,Klebsiella pneumoniae 3353,Susceptible
573.66667,Klebsiella pneumoniae KP_NORM_BLD_115369,Susceptible
573.14254,Klebsiella pneumoniae KPN580ec,Resistant
573.13276,Klebsiella pneumoniae KPN1312ec,Susceptible
573.29977,Klebsiella pneumoniae strain Kpngiani7132518,Resistant
573.13739,Klebsiella pneumoniae KPN1876ec,Susceptible
573.67158,Klebsiella pneumoniae KP_NORM_URN_2014_103762,Susceptible
573.14289,Klebsiella pneumoniae KPN622ec,Susceptible
573.67271,Klebsiella pneumoniae ERR7221266,Resistant
573.26211,Klebsiella pneumoniae strain 5012STDY7312677,Susceptible
573.66663,Klebsiella pneumoniae KP_NORM_BLD_115351,Susceptible
573.14195,Klebsiella pneumoniae KPN504ec,Susceptible
573.18542,Klebsiella pneumoniae strain AR_0087,Susceptible
573.66895,Klebsiella pneumoniae KP_NORM_BLD_2011_76220,Susceptible
573.31072,Klebsiella pneumoniae strain PH44,Resistant
573.66986,Klebsiella pneumoniae KP_NORM_BLD_51,Susceptible
573.13123,Klebsiella pneumoniae KPN1121ec,Susceptible
573.13569,Klebsiella pneumoniae KPN1663ec,Susceptible
573.14196,Klebsiella pneumoniae KPN507ec,Susceptible
573.12918,Klebsiella pneumoniae 3340,Susceptible
573.14172,Klebsiella pneumoniae KPN461ec,Susceptible
573.12971,Klebsiella pneumoniae 3303,Susceptible
573.24416,Klebsiella pneumoniae strain MUGSI_5,Resistant
573.29927,Klebsiella pneumoniae strain Kpngiani7132617,Resistant
573.24372,Klebsiella pneumoniae strain MUGSI_187,Resistant
573.12779,Klebsiella pneumoniae strain AR_0139,Resistant
573.13050,Klebsiella pneumoniae KPN1025ec,Susceptible
573.15371,Klebsiella pneumoniae strain KSB1_9D,Susceptible
573.13548,Klebsiella pneumoniae KPN1635ec,Resistant
573.1729,Klebsiella pneumoniae strain KpVA-11,Resistant
573.66584,Klebsiella pneumoniae 27322_4#35,Resistant
573.13868,Klebsiella pneumoniae KPN2042ec,Susceptible
573.46835,Klebsiella pneumoniae KP-134LU,Resistant
573.13357,Klebsiella pneumoniae KPN1414ec,Susceptible
573.66768,Klebsiella pneumoniae KP_NORM_BLD_13129,Susceptible
573.13313,Klebsiella pneumoniae KPN1354ec,Susceptible
573.66342,Klebsiella pneumoniae 26994_6#164,Resistant
573.67217,Klebsiella pneumoniae ERR7221196,Resistant
573.29888,Klebsiella pneumoniae strain Kpngiani7132585,Resistant
573.13932,Klebsiella pneumoniae KPN2115ec,Susceptible
573.13128,Klebsiella pneumoniae KPN1126ec,Susceptible
573.66762,Klebsiella pneumoniae KP_NORM_BLD_13122,Susceptible
573.67279,Klebsiella pneumoniae ERR7221277,Susceptible
573.13716,Klebsiella pneumoniae KPN1853ec,Susceptible
573.13910,Klebsiella pneumoniae KPN2087ec,Susceptible
573.14182,Klebsiella pneumoniae KPN472ec,Susceptible
573.66732,Klebsiella pneumoniae KP_NORM_BLD_116598,Susceptible
573.66909,Klebsiella pneumoniae KP_NORM_BLD_2013_90851,Susceptible
573.24284,Klebsiella pneumoniae strain 324,Susceptible
573.14496,Klebsiella pneumoniae KPN924ec,Susceptible
573.7027,Klebsiella pneumoniae strain AR_0003,Resistant
573.66784,Klebsiella pneumoniae KP_NORM_BLD_13386,Susceptible
573.13222,Klebsiella pneumoniae KPN1241ec,Resistant
573.26189,Klebsiella pneumoniae strain 5012STDY7312569,Susceptible
573.66985,Klebsiella pneumoniae KP_NORM_BLD_389,Susceptible
573.15374,Klebsiella pneumoniae strain INF163,Susceptible
573.14046,Klebsiella pneumoniae KPN312ec,Susceptible
573.13897,Klebsiella pneumoniae KPN2075ec,Susceptible
573.13240,Klebsiella pneumoniae KPN1261ec,Resistant
573.26073,Klebsiella pneumoniae strain 5012STDY7312711,Susceptible
573.67088,Klebsiella pneumoniae KP_NORM_BLD_62774,Susceptible
573.14203,Klebsiella pneumoniae KPN514ec,Susceptible
573.66740,Klebsiella pneumoniae KP_NORM_BLD_117512,Susceptible
573.66285,Klebsiella pneumoniae 26975_5#10,Resistant
573.66846,Klebsiella pneumoniae KP_NORM_BLD_2006_36504,Susceptible
573.13803,Klebsiella pneumoniae KPN1956ec,Susceptible
573.14403,Klebsiella pneumoniae KPN796ec,Susceptible
573.66586,Klebsiella pneumoniae KP_NORM_BLD_111571,Susceptible
573.26271,Klebsiella pneumoniae strain 5012STDY7626390,Susceptible
573.13106,Klebsiella pneumoniae KPN1102ec,Susceptible
573.5700,Klebsiella pneumoniae strain PB122,Susceptible
573.29978,Klebsiella pneumoniae strain Kpngiani7132510,Resistant
573.15369,Klebsiella pneumoniae strain INF158,Resistant
573.30005,Klebsiella pneumoniae strain Kpngiani7132547,Resistant
573.66858,Klebsiella pneumoniae KP_NORM_BLD_2009_61633,Susceptible
573.14240,Klebsiella pneumoniae KPN564ec,Resistant
573.13157,Klebsiella pneumoniae KPN1162ec,Susceptible
573.66182,Klebsiella pneumoniae KP_NORM_BLD_2014_103973,Susceptible
573.13089,Klebsiella pneumoniae KPN1077ec,Susceptible
573.66971,Klebsiella pneumoniae KP_NORM_BLD_3070,Susceptible
573.34250,Klebsiella pneumoniae strain INF250-sc-2280154,Susceptible
573.66823,Klebsiella pneumoniae KP_NORM_BLD_14175,Susceptible
573.14128,Klebsiella pneumoniae KPN407ec,Resistant
573.13375,Klebsiella pneumoniae KPN1433ec,Susceptible
573.5825,Klebsiella pneumoniae strain W2-13-ERG7,Susceptible
573.14176,Klebsiella pneumoniae KPN465ec,Susceptible
573.66633,Klebsiella pneumoniae KP_NORM_BLD_114297,Susceptible
573.13985,Klebsiella pneumoniae KPN244ec,Susceptible
573.13993,Klebsiella pneumoniae KPN252ec,Susceptible
573.13635,Klebsiella pneumoniae KPN1735ec,Susceptible
573.29895,Klebsiella pneumoniae strain Kpngiani7132574,Resistant
573.12991,Klebsiella pneumoniae 62,Susceptible
573.29914,Klebsiella pneumoniae strain Kpngiani7132601,Resistant
573.5827,Klebsiella pneumoniae strain F1-9-ERG1,Susceptible
573.33416,Klebsiella pneumoniae strain PMK5a,Resistant
573.13212,Klebsiella pneumoniae KPN1222ec,Resistant
573.12973,Klebsiella pneumoniae 3306,Susceptible
573.66983,Klebsiella pneumoniae KP_NORM_BLD_391,Susceptible
573.13681,Klebsiella pneumoniae KPN1789ec,Susceptible
573.24397,Klebsiella pneumoniae strain MUGSI_314,Resistant
573.13334,Klebsiella pneumoniae KPN1384ec,Susceptible
573.66596,Klebsiella pneumoniae KP_NORM_BLD_112178,Susceptible
573.15568,Klebsiella pneumoniae strain KSB1_2J,Susceptible
573.66183,Klebsiella pneumoniae KP_NORM_BLD_2014_107242,Susceptible
573.14306,Klebsiella pneumoniae KPN675ec,Resistant
573.13061,Klebsiella pneumoniae KPN1039ec,Susceptible
573.22565,Klebsiella pneumoniae strain SU12,Susceptible
573.17908,Klebsiella pneumoniae strain AR_0066,Resistant
573.66759,Klebsiella pneumoniae KP_NORM_BLD_12938,Susceptible
573.15585,Klebsiella pneumoniae strain KSB2_8C,Susceptible
573.66279,Klebsiella pneumoniae 26975_4#30,Resistant
573.66694,Klebsiella pneumoniae KP_NORM_BLD_116226,Susceptible
573.26279,Klebsiella pneumoniae strain 5012STDY7626395,Susceptible
573.66687,Klebsiella pneumoniae KP_NORM_BLD_115981,Susceptible
573.14280,Klebsiella pneumoniae KPN613ec,Resistant
573.12930,Klebsiella pneumoniae 58,Susceptible
573.66793,Klebsiella pneumoniae KP_NORM_BLD_13540,Susceptible
573.66440,Klebsiella pneumoniae 27261_7#56,Resistant
573.15596,Klebsiella pneumoniae strain INF275,Susceptible
573.66164,Klebsiella pneumoniae ERR2118034,Resistant
573.26290,Klebsiella pneumoniae strain 5012STDY7626408,Susceptible
573.13975,Klebsiella pneumoniae KPN230ec,Resistant
573.67301,Klebsiella pneumoniae ERR7221304,Resistant
573.29875,Klebsiella pneumoniae strain Kpngiani7132570,Resistant
573.13046,Klebsiella pneumoniae KPN1020ec,Susceptible
573.14327,Klebsiella pneumoniae KPN698ec,Susceptible
573.67193,Klebsiella pneumoniae ERR7221166,Susceptible
573.14054,Klebsiella pneumoniae KPN320ec,Susceptible
573.14547,Klebsiella pneumoniae KPN994ec,Resistant
573.13762,Klebsiella pneumoniae KPN1903ec,Susceptible
573.13438,Klebsiella pneumoniae KPN1501ec,Resistant
573.26263,Klebsiella pneumoniae strain 5012STDY7626383,Susceptible
573.13254,Klebsiella pneumoniae KPN1275ec,Susceptible
573.24354,Klebsiella pneumoniae strain MUGSI_142,Resistant
573.14499,Klebsiella pneumoniae KPN927ec,Susceptible
573.13271,Klebsiella pneumoniae KPN1305ec,Susceptible
573.13160,Klebsiella pneumoniae KPN1165ec,Resistant
573.66594,Klebsiella pneumoniae KP_NORM_BLD_112137,Susceptible
573.14518,Klebsiella pneumoniae KPN952ec,Susceptible
573.26115,Klebsiella pneumoniae strain 5012STDY7312733,Susceptible
573.14281,Klebsiella pneumoniae KPN614ec,Resistant
573.66362,Klebsiella pneumoniae 26994_7#89,Resistant
573.13578,Klebsiella pneumoniae KPN1674ec,Resistant
573.67115,Klebsiella pneumoniae KP_NORM_BLD_63851,Susceptible
573.66789,Klebsiella pneumoniae KP_NORM_BLD_13534,Susceptible
573.13542,Klebsiella pneumoniae KPN1625ec,Susceptible
573.26153,Klebsiella pneumoniae strain 5012STDY7312591,Susceptible
573.12894,Klebsiella pneumoniae 3264,Susceptible
573.13538,Klebsiella pneumoniae KPN161ec,Susceptible
573.29918,Klebsiella pneumoniae strain Kpngiani7132621,Resistant
573.14052,Klebsiella pneumoniae KPN318ec,Resistant
573.29861,Klebsiella pneumoniae strain Kpngiani7132558,Resistant
573.66572,Klebsiella pneumoniae KP_NORM_BLD_1038,Susceptible
573.18090,Klebsiella pneumoniae strain AR_0141,Resistant
573.26094,Klebsiella pneumoniae strain 5012STDY7312697,Susceptible
573.26299,Klebsiella pneumoniae strain 5012STDY7626418,Susceptible
573.67126,Klebsiella pneumoniae KP_NORM_BLD_785,Susceptible
573.67048,Klebsiella pneumoniae KP_NORM_BLD_62,Susceptible
573.14479,Klebsiella pneumoniae KPN903ec,Susceptible
573.66524,Klebsiella pneumoniae 27322_4#71,Resistant
573.13485,Klebsiella pneumoniae KPN1557ec,Susceptible
573.67242,Klebsiella pneumoniae ERR7221236,Resistant
573.67323,Klebsiella pneumoniae ERR7221329,Susceptible
573.67104,Klebsiella pneumoniae KP_NORM_BLD_63339,Susceptible
573.29925,Klebsiella pneumoniae strain Kpngiani7132632,Resistant
573.13269,Klebsiella pneumoniae KPN1302ec,Susceptible
573.24377,Klebsiella pneumoniae strain MUGSI_200,Susceptible
573.66495,Klebsiella pneumoniae 27261_8#135,Susceptible
573.66919,Klebsiella pneumoniae KP_NORM_BLD_2013_92929,Susceptible
573.14463,Klebsiella pneumoniae KPN881ec,Susceptible
573.13249,Klebsiella pneumoniae KPN1270ec,Susceptible
573.13710,Klebsiella pneumoniae KPN1848ec,Susceptible
573.12892,Klebsiella pneumoniae 3371,Susceptible
573.13080,Klebsiella pneumoniae KPN1065ec,Susceptible
573.66794,Klebsiella pneumoniae KP_NORM_BLD_1355,Susceptible
573.15610,Klebsiella pneumoniae strain INF333,Susceptible
573.66673,Klebsiella pneumoniae KP_NORM_BLD_115408,Susceptible
573.12780,Klebsiella pneumoniae strain AR_0145,Resistant
573.13054,Klebsiella pneumoniae KPN1031ec,Susceptible
573.66639,Klebsiella pneumoniae KP_NORM_BLD_114315,Susceptible
573.66638,Klebsiella pneumoniae KP_NORM_BLD_114323,Susceptible
573.46084,Klebsiella pneumoniae INF112,Susceptible
573.66905,Klebsiella pneumoniae KP_NORM_BLD_2013_90216,Susceptible
573.14407,Klebsiella pneumoniae KPN800ec,Resistant
573.26105,Klebsiella pneumoniae strain 5012STDY7312707,Susceptible
573.66383,Klebsiella pneumoniae 26994_7#161,Resistant
573.14130,Klebsiella pneumoniae KPN409ec,Susceptible
573.66875,Klebsiella pneumoniae KP_NORM_BLD_2010_72017,Susceptible
573.5802,Klebsiella pneumoniae strain PB439,Susceptible
573.14506,Klebsiella pneumoniae KPN935ec,Resistant
573.66608,Klebsiella pneumoniae KP_NORM_BLD_112916,Susceptible
573.14039,Klebsiella pneumoniae KPN304ec,Susceptible
573.67259,Klebsiella pneumoniae ERR7221251,Resistant
573.13333,Klebsiella pneumoniae KPN1383ec,Susceptible
573.14163,Klebsiella pneumoniae KPN447ec,Resistant
573.13284,Klebsiella pneumoniae KPN1323ec,Susceptible
573.66323,Klebsiella pneumoniae 26994_6#77,Resistant
573.13010,Klebsiella pneumoniae 3224,Resistant
573.66724,Klebsiella pneumoniae KP_NORM_BLD_116446,Susceptible
573.13919,Klebsiella pneumoniae KPN2099ec,Resistant
573.13466,Klebsiella pneumoniae KPN1535ec,Susceptible
573.15523,Klebsiella pneumoniae strain INF092,Susceptible
573.15548,Klebsiella pneumoniae strain KSB1_4D,Susceptible
573.14345,Klebsiella pneumoniae KPN719ec,Susceptible
573.12968,Klebsiella pneumoniae 114,Susceptible
573.46115,Klebsiella pneumoniae INF332,Susceptible
573.67191,Klebsiella pneumoniae ERR7221162,Susceptible
573.13692,Klebsiella pneumoniae KPN1827ec,Resistant
573.20060,Klebsiella pneumoniae strain AR_0135,Resistant
573.26312,Klebsiella pneumoniae strain 5012STDY7626433,Susceptible
573.15469,Klebsiella pneumoniae strain 10315_6#58,Susceptible
573.14100,Klebsiella pneumoniae KPN377ec,Susceptible
573.66972,Klebsiella pneumoniae KP_NORM_BLD_2799,Susceptible
573.14395,Klebsiella pneumoniae KPN783ec,Susceptible
573.14217,Klebsiella pneumoniae KPN533ec,Resistant
573.26192,Klebsiella pneumoniae strain 5012STDY7312625,Susceptible
573.24401,Klebsiella pneumoniae strain MUGSI_32,Resistant
573.26184,Klebsiella pneumoniae strain 5012STDY7312617,Susceptible
573.66166,Klebsiella pneumoniae ERR2118036,Resistant
573.13156,Klebsiella pneumoniae KPN1160ec,Resistant
573.66115,Klebsiella pneumoniae ERR1815068,Resistant
573.33401,Klebsiella pneumoniae strain PMK20a,Susceptible
573.14503,Klebsiella pneumoniae KPN931ec,Susceptible
573.13197,Klebsiella pneumoniae KPN1206ec,Susceptible
573.13769,Klebsiella pneumoniae KPN1914ec,Resistant
573.66671,Klebsiella pneumoniae KP_NORM_BLD_115385,Susceptible
573.67145,Klebsiella pneumoniae KP_NORM_URN_2013_95819,Susceptible
573.46076,Klebsiella pneumoniae KSB1_10F,Susceptible
573.66902,Klebsiella pneumoniae KP_NORM_BLD_2012_85462,Susceptible
573.13358,Klebsiella pneumoniae KPN1415ec,Resistant
573.13225,Klebsiella pneumoniae KPN1244ec,Susceptible
573.67318,Klebsiella pneumoniae ERR7221324,Resistant
573.14342,Klebsiella pneumoniae KPN716ec,Resistant
573.14369,Klebsiella pneumoniae KPN749ec,Susceptible
573.66938,Klebsiella pneumoniae KP_NORM_BLD_2015_115372,Susceptible
573.14108,Klebsiella pneumoniae KPN385ec,Susceptible
573.29912,Klebsiella pneumoniae strain Kpngiani7132603,Resistant
573.14444,Klebsiella pneumoniae KPN854ec,Susceptible
573.5665,Klebsiella pneumoniae strain PB127,Susceptible
573.12884,Klebsiella pneumoniae 3335,Susceptible
573.29963,Klebsiella pneumoniae strain Kpngiani7132619,Resistant
573.67035,Klebsiella pneumoniae KP_NORM_BLD_61470,Susceptible
573.14169,Klebsiella pneumoniae KPN457ec,Susceptible
573.66929,Klebsiella pneumoniae KP_NORM_BLD_2014_101841,Susceptible
573.66430,Klebsiella pneumoniae 27097_7#75,Resistant
573.67036,Klebsiella pneumoniae KP_NORM_BLD_61475,Susceptible
573.14320,Klebsiella pneumoniae KPN690ec,Susceptible
573.66605,Klebsiella pneumoniae KP_NORM_BLD_112908,Susceptible
573.26127,Klebsiella pneumoniae strain 5012STDY7312746,Susceptible
573.14078,Klebsiella pneumoniae KPN353ec,Susceptible
573.14493,Klebsiella pneumoniae KPN921ec,Susceptible
573.5694,Klebsiella pneumoniae strain W2-1-ERG5,Susceptible
573.12946,Klebsiella pneumoniae 45,Susceptible
573.29957,Klebsiella pneumoniae strain Kpngiani7132490,Resistant
573.67236,Klebsiella pneumoniae ERR7221222,Resistant
573.13331,Klebsiella pneumoniae KPN1381ec,Susceptible
573.13622,Klebsiella pneumoniae KPN1719ec,Susceptible
573.26109,Klebsiella pneumoniae strain 5012STDY7312726,Susceptible
573.14424,Klebsiella pneumoniae KPN825ec,Susceptible
573.13602,Klebsiella pneumoniae KPN1699ec,Susceptible
573.66871,Klebsiella pneumoniae KP_NORM_BLD_2010_70364,Susceptible
573.67202,Klebsiella pneumoniae ERR7221180,Resistant
573.5711,Klebsiella pneumoniae strain W2-9-ERG10,Susceptible
573.67147,Klebsiella pneumoniae KP_NORM_URN_2013_95951,Susceptible
573.66588,Klebsiella pneumoniae KP_NORM_BLD_111583,Susceptible
573.13547,Klebsiella pneumoniae KPN1634ec,Susceptible
573.67132,Klebsiella pneumoniae KP_NORM_URN_2012_81432,Susceptible
573.26149,Klebsiella pneumoniae strain 5012STDY7312587,Susceptible
573.1724,Klebsiella pneumoniae strain KpVA-6,Resistant
573.46858,Klebsiella pneumoniae KP-2LU,Resistant
573.67246,Klebsiella pneumoniae ERR7221226,Resistant
573.67003,Klebsiella pneumoniae KP_NORM_BLD_60782,Susceptible
573.24437,Klebsiella pneumoniae strain MUGSI_78,Resistant
573.66877,Klebsiella pneumoniae KP_NORM_BLD_2011_72744,Susceptible
573.13780,Klebsiella pneumoniae KPN1928ec,Susceptible
573.5803,Klebsiella pneumoniae strain PB171,Susceptible
573.66940,Klebsiella pneumoniae KP_NORM_BLD_2015_116374,Susceptible
573.13159,Klebsiella pneumoniae KPN1164ec,Susceptible
573.13453,Klebsiella pneumoniae KPN1520ec,Susceptible
573.13951,Klebsiella pneumoniae KPN2159ec,Resistant
573.66829,Klebsiella pneumoniae KP_NORM_BLD_1676,Susceptible
573.1719,Klebsiella pneumoniae strain KpVA-1,Resistant
573.13224,Klebsiella pneumoniae KPN1243ec,Resistant
573.66325,Klebsiella pneumoniae 26994_6#93,Resistant
573.5793,Klebsiella pneumoniae strain PB256,Susceptible
573.13236,Klebsiella pneumoniae KPN1257ec,Resistant
573.67239,Klebsiella pneumoniae ERR7221220,Resistant
573.13619,Klebsiella pneumoniae KPN1716ec,Resistant
573.24367,Klebsiella pneumoniae strain MUGSI_166,Resistant
573.26305,Klebsiella pneumoniae strain 5012STDY7626425,Susceptible
573.46069,Klebsiella pneumoniae INF094,Susceptible
573.29890,Klebsiella pneumoniae strain Kpngiani7132581,Resistant
573.34262,Klebsiella pneumoniae strain KSB1_9J-sc-2280309,Susceptible
573.26113,Klebsiella pneumoniae strain 5012STDY7312732,Susceptible
573.13025,Klebsiella pneumoniae 3364,Susceptible
573.66621,Klebsiella pneumoniae KP_NORM_BLD_113777,Susceptible
573.23215,Klebsiella pneumoniae strain KP_084,Susceptible
573.13501,Klebsiella pneumoniae KPN1573ec,Susceptible
573.14099,Klebsiella pneumoniae KPN376ec,Susceptible
573.13978,Klebsiella pneumoniae KPN233ec,Resistant
573.15493,Klebsiella pneumoniae strain 10315_6#87,Susceptible
573.29904,Klebsiella pneumoniae strain Kpngiani7132612,Resistant
573.66273,Klebsiella pneumoniae 26975_4#26,Resistant
573.66866,Klebsiella pneumoniae KP_NORM_BLD_2009_62777,Susceptible
573.66242,Klebsiella pneumoniae 26968_6#1,Resistant
573.66335,Klebsiella pneumoniae 26994_6#120,Resistant
573.13657,Klebsiella pneumoniae KPN1761ec,Resistant
573.66193,Klebsiella pneumoniae KP_NORM_URN_2015_109059,Susceptible
573.66145,Klebsiella pneumoniae ERR1981104,Susceptible
573.24374,Klebsiella pneumoniae strain MUGSI_191,Resistant
573.67067,Klebsiella pneumoniae KP_NORM_BLD_624,Susceptible
573.31067,Klebsiella pneumoniae strain PH12,Resistant
573.66787,Klebsiella pneumoniae KP_NORM_BLD_1342,Susceptible
573.66437,Klebsiella pneumoniae 27261_7#14,Resistant
573.66258,Klebsiella pneumoniae 26968_6#72,Resistant
573.46110,Klebsiella pneumoniae KSB2_1D,Susceptible
573.66635,Klebsiella pneumoniae KP_NORM_BLD_114300,Susceptible
573.5710,Klebsiella pneumoniae strain W2-9-ERG2,Susceptible
573.66226,Klebsiella pneumoniae 26968_5#117,Resistant
573.67118,Klebsiella pneumoniae KP_NORM_BLD_65,Susceptible
573.66423,Klebsiella pneumoniae 27097_7#5,Resistant
573.12947,Klebsiella pneumoniae 3362,Susceptible
573.13470,Klebsiella pneumoniae KPN1540ec,Resistant
573.29884,Klebsiella pneumoniae strain Kpngiani7132590,Resistant
573.13132,Klebsiella pneumoniae KPN1131ec,Resistant
573.66483,Klebsiella pneumoniae 27261_8#62,Resistant
573.66815,Klebsiella pneumoniae KP_NORM_BLD_13983,Susceptible
573.12945,Klebsiella pneumoniae 3354,Susceptible
573.14310,Klebsiella pneumoniae KPN679ec,Resistant
573.13614,Klebsiella pneumoniae KPN1711ec,Susceptible
573.66434,Klebsiella pneumoniae 27097_7#78,Resistant
573.66844,Klebsiella pneumoniae KP_NORM_BLD_1880,Susceptible
573.13703,Klebsiella pneumoniae KPN1840ec,Susceptible
573.66554,Klebsiella pneumoniae 29109_2#213,Resistant
573.46119,Klebsiella pneumoniae INF115,Susceptible
573.66806,Klebsiella pneumoniae KP_NORM_BLD_13888,Susceptible
573.67211,Klebsiella pneumoniae ERR7221181,Susceptible
573.14410,Klebsiella pneumoniae KPN807ec,Susceptible
573.66347,Klebsiella pneumoniae 26994_6#181,Resistant
573.14228,Klebsiella pneumoniae KPN547ec,Resistant
573.14239,Klebsiella pneumoniae KPN563ec,Resistant
573.13452,Klebsiella pneumoniae KPN151ec,Susceptible
573.5623,Klebsiella pneumoniae strain 18_GR_14,Resistant
573.66976,Klebsiella pneumoniae KP_NORM_BLD_3086,Susceptible
573.13200,Klebsiella pneumoniae KPN1209ec,Susceptible
573.15361,Klebsiella pneumoniae strain INF322,Susceptible
573.26218,Klebsiella pneumoniae strain 5012STDY7312682,Susceptible
573.13725,Klebsiella pneumoniae KPN1862ec,Resistant
573.46846,Klebsiella pneumoniae KP-1PI,Resistant
573.13682,Klebsiella pneumoniae KPN178ec,Susceptible
573.13469,Klebsiella pneumoniae KPN1539ec,Susceptible
573.14010,Klebsiella pneumoniae KPN272ec,Susceptible
573.14159,Klebsiella pneumoniae KPN442ec,Susceptible
573.67001,Klebsiella pneumoniae KP_NORM_BLD_60613,Susceptible
573.67013,Klebsiella pneumoniae KP_NORM_BLD_61034,Susceptible
573.67339,Klebsiella pneumoniae ERR7221365,Susceptible
573.12921,Klebsiella pneumoniae 73,Susceptible
573.13476,Klebsiella pneumoniae KPN1547ec,Susceptible
573.14380,Klebsiella pneumoniae KPN763ec,Susceptible
573.14291,Klebsiella pneumoniae KPN626ec,Susceptible
573.13764,Klebsiella pneumoniae KPN1905ec,Susceptible
573.26156,Klebsiella pneumoniae strain 5012STDY7312588,Susceptible
573.13723,Klebsiella pneumoniae KPN1860ec,Susceptible
573.1721,Klebsiella pneumoniae strain KpVA-3,Resistant
573.67028,Klebsiella pneumoniae KP_NORM_BLD_61435,Susceptible
573.13379,Klebsiella pneumoniae KPN1438ec,Susceptible
573.13252,Klebsiella pneumoniae KPN1273ec,Resistant
573.24300,Klebsiella pneumoniae strain 402,Susceptible
573.29945,Klebsiella pneumoniae strain Kpngiani7132637,Resistant
573.67076,Klebsiella pneumoniae KP_NORM_BLD_62646,Susceptible
573.14491,Klebsiella pneumoniae KPN918ec,Susceptible
573.13813,Klebsiella pneumoniae KPN197ec,Susceptible
573.24324,Klebsiella pneumoniae strain MRSN20094,Resistant
573.66795,Klebsiella pneumoniae KP_NORM_BLD_13736,Susceptible
573.66535,Klebsiella pneumoniae 27322_4#117,Resistant
573.13832,Klebsiella pneumoniae KPN2002ec,Susceptible
573.13726,Klebsiella pneumoniae KPN1863ec,Susceptible
573.67197,Klebsiella pneumoniae ERR7221169,Resistant
573.13970,Klebsiella pneumoniae KPN223ec,Susceptible
573.66344,Klebsiella pneumoniae 26994_7#22,Resistant
573.46109,Klebsiella pneumoniae KSB1_3I,Susceptible
573.66924,Klebsiella pneumoniae KP_NORM_BLD_2014_101477,Susceptible
573.66813,Klebsiella pneumoniae KP_NORM_BLD_13985,Susceptible
573.34237,Klebsiella pneumoniae strain KSB1_7G-sc-2280277,Susceptible
573.14460,Klebsiella pneumoniae KPN878ec,Resistant
573.66146,Klebsiella pneumoniae ERR1981103,Resistant
573.15612,Klebsiella pneumoniae strain INF339,Susceptible
573.15621,Klebsiella pneumoniae strain KSB2_5B,Susceptible
573.34278,Klebsiella pneumoniae strain INF142-sc-2279977,Susceptible
573.13718,Klebsiella pneumoniae KPN1855ec,Susceptible
573.66125,Klebsiella pneumoniae ERR1829916,Resistant
573.66698,Klebsiella pneumoniae KP_NORM_BLD_116220,Susceptible
573.66111,Klebsiella pneumoniae ERR1813607,Resistant
573.13390,Klebsiella pneumoniae KPN1449ec,Resistant
573.24438,Klebsiella pneumoniae strain MUGSI_79,Resistant
573.67144,Klebsiella pneumoniae KP_NORM_URN_2014_100307,Susceptible
573.13440,Klebsiella pneumoniae KPN1505ec,Resistant
573.13940,Klebsiella pneumoniae KPN2129ec,Resistant
573.24264,Klebsiella pneumoniae strain 212,Resistant
573.14111,Klebsiella pneumoniae KPN388ec,Susceptible
573.13529,Klebsiella pneumoniae KPN1609ec,Susceptible
573.13441,Klebsiella pneumoniae KPN1507ec,Resistant
573.46103,Klebsiella pneumoniae KSB1_1F,Susceptible
573.13541,Klebsiella pneumoniae KPN1624ec,Susceptible
573.13849,Klebsiella pneumoniae KPN201ec,Resistant
573.14413,Klebsiella pneumoniae KPN811ec,Susceptible
573.46104,Klebsiella pneumoniae KSB1_2F,Susceptible
573.66504,Klebsiella pneumoniae 27261_8#173,Resistant
573.15375,Klebsiella pneumoniae strain INF164,Resistant
573.66657,Klebsiella pneumoniae KP_NORM_BLD_115319,Susceptible
573.26280,Klebsiella pneumoniae strain 5012STDY7626396,Susceptible
573.13361,Klebsiella pneumoniae KPN141ec,Resistant
573.13384,Klebsiella pneumoniae KPN1443ec,Resistant
573.14477,Klebsiella pneumoniae KPN900ec,Resistant
573.24450,Klebsiella pneumoniae strain MUGSI_92,Resistant
573.66515,Klebsiella pneumoniae 27261_8#191,Resistant
573.26227,Klebsiella pneumoniae strain 5012STDY7312693,Susceptible
573.20062,Klebsiella pneumoniae strain AR_0075,Resistant
573.13987,Klebsiella pneumoniae KPN246ec,Susceptible
573.12961,Klebsiella pneumoniae 10,Susceptible
573.66708,Klebsiella pneumoniae KP_NORM_BLD_116255,Susceptible
573.13055,Klebsiella pneumoniae KPN1032ec,Susceptible
573.13761,Klebsiella pneumoniae KPN1902ec,Susceptible
573.66137,Klebsiella pneumoniae ERR1840992,Susceptible
573.66589,Klebsiella pneumoniae KP_NORM_BLD_111590,Susceptible
573.13008,Klebsiella pneumoniae 3302,Susceptible
573.14251,Klebsiella pneumoniae KPN577ec,Resistant
573.12970,Klebsiella pneumoniae 3236,Susceptible
573.14264,Klebsiella pneumoniae KPN592ec,Resistant
573.13060,Klebsiella pneumoniae KPN1038ec,Susceptible
573.67024,Klebsiella pneumoniae KP_NORM_BLD_61288,Susceptible
573.14265,Klebsiella pneumoniae KPN593ec,Susceptible
573.66886,Klebsiella pneumoniae KP_NORM_BLD_2011_74838,Susceptible
573.67176,Klebsiella pneumoniae KP_NORM_URN_2015_111577,Susceptible
573.14076,Klebsiella pneumoniae KPN348ec,Resistant
573.46108,Klebsiella pneumoniae KSB1_8I,Susceptible
573.26074,Klebsiella pneumoniae strain 5012STDY7312720,Susceptible
573.33421,Klebsiella pneumoniae strain PMK7,Susceptible
573.66612,Klebsiella pneumoniae KP_NORM_BLD_113296,Susceptible
573.67287,Klebsiella pneumoniae ERR7221292,Resistant
573.13791,Klebsiella pneumoniae KPN1941ec,Susceptible
573.14386,Klebsiella pneumoniae KPN772ec,Susceptible
573.31083,Klebsiella pneumoniae strain WU8,Susceptible
573.67243,Klebsiella pneumoniae ERR7221232,Resistant
573.14396,Klebsiella pneumoniae KPN785ec,Susceptible
573.66312,Klebsiella pneumoniae 26975_5#156,Resistant
573.67262,Klebsiella pneumoniae ERR7221253,Susceptible
573.15455,Klebsiella pneumoniae strain 10315_6#41,Susceptible
573.66720,Klebsiella pneumoniae KP_NORM_BLD_116413,Susceptible
573.26183,Klebsiella pneumoniae strain 5012STDY7312618,Susceptible
573.24444,Klebsiella pneumoniae strain MUGSI_85,Resistant
573.46837,Klebsiella pneumoniae KP-135LU,Resistant
573.14433,Klebsiella pneumoniae KPN838ec,Resistant
573.13646,Klebsiella pneumoniae KPN1749ec,Resistant
573.13096,Klebsiella pneumoniae KPN1090ec,Resistant
573.14434,Klebsiella pneumoniae KPN839ec,Resistant
573.13202,Klebsiella pneumoniae KPN1211ec,Resistant
573.14136,Klebsiella pneumoniae KPN416ec,Resistant
573.13908,Klebsiella pneumoniae KPN2085ec,Resistant
573.13644,Klebsiella pneumoniae KPN1747ec,Susceptible
573.66881,Klebsiella pneumoniae KP_NORM_BLD_2011_74197,Susceptible
573.26146,Klebsiella pneumoniae strain 5012STDY7312581,Susceptible
573.66354,Klebsiella pneumoniae 26994_7#36,Resistant
573.13559,Klebsiella pneumoniae KPN1650ec,Susceptible
573.66266,Klebsiella pneumoniae 26968_6#121,Resistant
573.13209,Klebsiella pneumoniae KPN1219ec,Susceptible
573.14343,Klebsiella pneumoniae KPN717ec,Susceptible
573.13147,Klebsiella pneumoniae KPN1149ec,Susceptible
573.12960,Klebsiella pneumoniae 123,Susceptible
573.15624,Klebsiella pneumoniae strain INF255,Susceptible
573.66917,Klebsiella pneumoniae KP_NORM_BLD_2013_92550,Susceptible
573.67151,Klebsiella pneumoniae KP_NORM_URN_2014_100386,Susceptible
573.24295,Klebsiella pneumoniae strain 396,Susceptible
573.5712,Klebsiella pneumoniae strain W2-11-ERG2,Susceptible
573.15486,Klebsiella pneumoniae strain 10315_6#77,Susceptible
573.15512,Klebsiella pneumoniae strain INF109,Susceptible
573.13120,Klebsiella pneumoniae KPN1118ec,Susceptible
573.24455,Klebsiella pneumoniae strain MUGSI_98,Resistant
573.66975,Klebsiella pneumoniae KP_NORM_BLD_3080,Susceptible
573.12962,Klebsiella pneumoniae 28,Susceptible
573.66498,Klebsiella pneumoniae 27261_8#154,Resistant
573.66649,Klebsiella pneumoniae KP_NORM_BLD_114458,Susceptible
573.13442,Klebsiella pneumoniae KPN1508ec,Susceptible
573.15372,Klebsiella pneumoniae strain INF059,Susceptible
573.14146,Klebsiella pneumoniae KPN426ec,Susceptible
573.14181,Klebsiella pneumoniae KPN471ec,Resistant
573.14328,Klebsiella pneumoniae KPN700ec,Susceptible
573.66432,Klebsiella pneumoniae 27097_7#62,Resistant
573.13238,Klebsiella pneumoniae KPN125ec,Resistant
573.24305,Klebsiella pneumoniae strain 457,Resistant
573.13627,Klebsiella pneumoniae KPN1725ec,Susceptible
573.66449,Klebsiella pneumoniae 27261_7#156,Resistant
573.66868,Klebsiella pneumoniae KP_NORM_BLD_2010_71624,Susceptible
573.23202,Klebsiella pneumoniae strain KP_089,Resistant
573.24314,Klebsiella pneumoniae strain 66,Resistant
573.67315,Klebsiella pneumoniae ERR7221323,Resistant
573.13972,Klebsiella pneumoniae KPN226ec,Susceptible
573.13790,Klebsiella pneumoniae KPN1940ec,Resistant
573.14272,Klebsiella pneumoniae KPN601ec,Susceptible
573.66457,Klebsiella pneumoniae 27261_7#163,Susceptible
573.13124,Klebsiella pneumoniae KPN1122ec,Susceptible
573.66329,Klebsiella pneumoniae 26994_6#98,Resistant
573.66195,Klebsiella pneumoniae KP_NORM_URN_2015_108575,Susceptible
573.26120,Klebsiella pneumoniae strain 5012STDY7312740,Susceptible
573.13241,Klebsiella pneumoniae KPN1262ec,Susceptible
573.14006,Klebsiella pneumoniae KPN268ec,Susceptible
573.12781,Klebsiella pneumoniae strain AR_0152,Resistant
573.26233,Klebsiella pneumoniae strain 5012STDY7626498,Susceptible
573.15489,Klebsiella pneumoniae strain 10315_6#8,Resistant
573.15500,Klebsiella pneumoniae strain 10315_6#96,Susceptible
573.14542,Klebsiella pneumoniae KPN984ec,Resistant
573.46064,Klebsiella pneumoniae INF282,Susceptible
573.13383,Klebsiella pneumoniae KPN1441ec,Susceptible
573.66998,Klebsiella pneumoniae KP_NORM_BLD_60606,Susceptible
573.13887,Klebsiella pneumoniae KPN2063ec,Resistant
573.67298,Klebsiella pneumoniae ERR7221300,Resistant
573.13808,Klebsiella pneumoniae KPN196ec,Resistant
573.67046,Klebsiella pneumoniae KP_NORM_BLD_619,Susceptible
573.14520,Klebsiella pneumoniae KPN953ec,Resistant
573.13587,Klebsiella pneumoniae KPN1684ec,Resistant
573.66219,Klebsiella pneumoniae 26968_5#52,Resistant
573.14220,Klebsiella pneumoniae KPN536ec,Resistant
573.13356,Klebsiella pneumoniae KPN1413ec,Resistant
573.14488,Klebsiella pneumoniae KPN914ec,Susceptible
573.14036,Klebsiella pneumoniae KPN301ec,Susceptible
573.66610,Klebsiella pneumoniae KP_NORM_BLD_112927,Susceptible
573.13824,Klebsiella pneumoniae KPN1991ec,Susceptible
573.66850,Klebsiella pneumoniae KP_NORM_BLD_2007_48130,Susceptible
573.66745,Klebsiella pneumoniae KP_NORM_BLD_117583,Susceptible
573.26229,Klebsiella pneumoniae strain 5012STDY7312691,Susceptible
573.14458,Klebsiella pneumoniae KPN876ec,Susceptible
573.66627,Klebsiella pneumoniae KP_NORM_BLD_113971,Susceptible
573.15505,Klebsiella pneumoniae strain 10356_5#80,Susceptible
573.66731,Klebsiella pneumoniae KP_NORM_BLD_116589,Susceptible
573.13142,Klebsiella pneumoniae KPN1143ec,Susceptible
573.5705,Klebsiella pneumoniae strain PB157,Susceptible
573.66468,Klebsiella pneumoniae 27261_8#40,Resistant
573.66520,Klebsiella pneumoniae 27322_4#21,Resistant
573.26282,Klebsiella pneumoniae strain 5012STDY7626398,Susceptible
573.13456,Klebsiella pneumoniae KPN1523ec,Susceptible
573.26150,Klebsiella pneumoniae strain 5012STDY7312566,Susceptible
573.15443,Klebsiella pneumoniae strain 10315_6#23,Susceptible
573.66670,Klebsiella pneumoniae KP_NORM_BLD_115397,Susceptible
573.22559,Klebsiella pneumoniae strain SU8,Susceptible
573.66262,Klebsiella pneumoniae 26968_6#112,Resistant
573.67234,Klebsiella pneumoniae ERR7221228,Resistant
573.13004,Klebsiella pneumoniae 95,Susceptible
573.14037,Klebsiella pneumoniae KPN302ec,Susceptible
573.24418,Klebsiella pneumoniae strain MUGSI_51,Resistant
573.26164,Klebsiella pneumoniae strain 5012STDY7312601,Susceptible
573.67252,Klebsiella pneumoniae ERR7221240,Resistant
573.46113,Klebsiella pneumoniae KSB2_8D,Susceptible
573.15514,Klebsiella pneumoniae strain INF128,Susceptible
573.67182,Klebsiella pneumoniae ERR7221160,Susceptible
573.13488,Klebsiella pneumoniae KPN155ec,Susceptible
573.66254,Klebsiella pneumoniae 26968_6#62,Resistant
573.66630,Klebsiella pneumoniae KP_NORM_BLD_114056,Susceptible
573.46114,Klebsiella pneumoniae INF003,Susceptible
573.14149,Klebsiella pneumoniae KPN430ec,Susceptible
573.14373,Klebsiella pneumoniae KPN754ec,Susceptible
573.46099,Klebsiella pneumoniae KSB1_10C,Susceptible
573.24427,Klebsiella pneumoniae strain MUGSI_65,Resistant
573.13741,Klebsiella pneumoniae KPN1878ec,Resistant
573.13563,Klebsiella pneumoniae KPN1654ec,Resistant
573.14205,Klebsiella pneumoniae KPN516ec,Susceptible
573.67231,Klebsiella pneumoniae ERR7221218,Susceptible
573.26118,Klebsiella pneumoniae strain 5012STDY7312734,Susceptible
573.13859,Klebsiella pneumoniae KPN2032ec,Susceptible
573.14461,Klebsiella pneumoniae KPN879ec,Susceptible
573.13016,Klebsiella pneumoniae 68,Susceptible
573.66163,Klebsiella pneumoniae ERR2118032,Resistant
573.13989,Klebsiella pneumoniae KPN248ec,Resistant
573.26169,Klebsiella pneumoniae strain 5012STDY7312606,Susceptible
573.66485,Klebsiella pneumoniae 27261_8#102,Resistant
573.13129,Klebsiella pneumoniae KPN1127ec,Susceptible
573.14442,Klebsiella pneumoniae KPN852ec,Resistant
573.67116,Klebsiella pneumoniae KP_NORM_BLD_63845,Susceptible
573.66474,Klebsiella pneumoniae 27261_8#98,Resistant
573.66304,Klebsiella pneumoniae 26975_5#39,Resistant
573.13785,Klebsiella pneumoniae KPN1933ec,Susceptible
573.66175,Klebsiella pneumoniae KP_NORM_BLD_2014_100991,Susceptible
573.30003,Klebsiella pneumoniae strain Kpngiani7132536,Resistant
573.24303,Klebsiella pneumoniae strain 417,Resistant
573.24248,Klebsiella pneumoniae strain 13,Resistant
573.66237,Klebsiella pneumoniae 26968_5#165,Resistant
573.13097,Klebsiella pneumoniae KPN1091ec,Resistant
573.13214,Klebsiella pneumoniae KPN1226ec,Resistant
573.14002,Klebsiella pneumoniae KPN263ec,Resistant
573.23219,Klebsiella pneumoniae strain KP_320,Susceptible
573.66753,Klebsiella pneumoniae KP_NORM_BLD_12882,Susceptible
573.23204,Klebsiella pneumoniae strain KP_346,Resistant
573.24399,Klebsiella pneumoniae strain MUGSI_317,Resistant
573.15459,Klebsiella pneumoniae strain 10315_6#43,Susceptible
573.15580,Klebsiella pneumoniae strain KSB2_10B,Susceptible
573.66733,Klebsiella pneumoniae KP_NORM_BLD_116585,Susceptible
573.14214,Klebsiella pneumoniae KPN528ec,Resistant
573.14236,Klebsiella pneumoniae KPN559ec,Resistant
573.13729,Klebsiella pneumoniae KPN1866ec,Susceptible
573.66523,Klebsiella pneumoniae 27322_4#70,Resistant
573.66313,Klebsiella pneumoniae 26975_5#166,Resistant
573.15602,Klebsiella pneumoniae strain INF277,Resistant
573.66591,Klebsiella pneumoniae KP_NORM_BLD_111602,Susceptible
573.12977,Klebsiella pneumoniae 3377,Susceptible
573.13738,Klebsiella pneumoniae KPN1875ec,Susceptible
573.13928,Klebsiella pneumoniae KPN210ec,Susceptible
573.13242,Klebsiella pneumoniae KPN1263ec,Susceptible
573.24353,Klebsiella pneumoniae strain MUGSI_141,Resistant
573.13250,Klebsiella pneumoniae KPN1271ec,Susceptible
573.66879,Klebsiella pneumoniae KP_NORM_BLD_2011_74194,Susceptible
573.5813,Klebsiella pneumoniae strain PB473,Susceptible
573.66620,Klebsiella pneumoniae KP_NORM_BLD_113865,Susceptible
573.14392,Klebsiella pneumoniae KPN780ec,Susceptible
573.13100,Klebsiella pneumoniae KPN1094ec,Susceptible
573.13473,Klebsiella pneumoniae KPN1544ec,Susceptible
573.67300,Klebsiella pneumoniae ERR7221303,Resistant
573.13615,Klebsiella pneumoniae KPN1712ec,Susceptible
573.13349,Klebsiella pneumoniae KPN1405ec,Susceptible
573.29944,Klebsiella pneumoniae strain Kpngiani7132486,Resistant
573.23198,Klebsiella pneumoniae strain KP_208,Susceptible
573.13141,Klebsiella pneumoniae KPN1142ec,Susceptible
573.24261,Klebsiella pneumoniae strain 20,Resistant
573.13347,Klebsiella pneumoniae KPN1403ec,Susceptible
573.24275,Klebsiella pneumoniae strain 285,Susceptible
573.26117,Klebsiella pneumoniae strain 5012STDY7312735,Susceptible
573.14011,Klebsiella pneumoniae KPN273ec,Resistant
573.66389,Klebsiella pneumoniae 26994_8#28,Resistant
573.13175,Klebsiella pneumoniae KPN1183ec,Resistant
573.66546,Klebsiella pneumoniae 29105_1#132,Resistant
573.14024,Klebsiella pneumoniae KPN287ec,Susceptible
573.14179,Klebsiella pneumoniae KPN469ec,Resistant
573.14121,Klebsiella pneumoniae KPN400ec,Susceptible
573.29986,Klebsiella pneumoniae strain Kpngiani7132511,Resistant
573.15592,Klebsiella pneumoniae strain MSB1_8A,Susceptible
573.26202,Klebsiella pneumoniae strain 5012STDY7312670,Susceptible
573.66292,Klebsiella pneumoniae 26975_4#127,Resistant
573.14268,Klebsiella pneumoniae KPN597ec,Resistant
573.66791,Klebsiella pneumoniae KP_NORM_BLD_13541,Susceptible
573.5801,Klebsiella pneumoniae strain PB283,Susceptible
573.13418,Klebsiella pneumoniae KPN147ec,Susceptible
573.13797,Klebsiella pneumoniae KPN194ec,Resistant
573.13193,Klebsiella pneumoniae KPN1202ec,Resistant
573.66964,Klebsiella pneumoniae KP_NORM_BLD_2497,Susceptible
573.15506,Klebsiella pneumoniae strain 10356_5#81,Susceptible
573.67224,Klebsiella pneumoniae ERR7221205,Resistant
573.13424,Klebsiella pneumoniae KPN1484ec,Susceptible
573.12920,Klebsiella pneumoniae 3308,Susceptible
573.67077,Klebsiella pneumoniae KP_NORM_BLD_62649,Susceptible
573.13914,Klebsiella pneumoniae KPN2091ec,Susceptible
573.67066,Klebsiella pneumoniae KP_NORM_BLD_62484,Susceptible
573.12996,Klebsiella pneumoniae 54,Susceptible
573.67064,Klebsiella pneumoniae KP_NORM_BLD_62482,Susceptible
573.13807,Klebsiella pneumoniae KPN1968ec,Resistant
573.13610,Klebsiella pneumoniae KPN1707ec,Susceptible
573.66967,Klebsiella pneumoniae KP_NORM_BLD_3074,Susceptible
573.1733,Klebsiella pneumoniae strain KpVA-15,Resistant
573.29863,Klebsiella pneumoniae strain Kpngiani7132562,Resistant
573.33420,Klebsiella pneumoniae strain PMK9,Resistant
573.26268,Klebsiella pneumoniae strain 5012STDY7626388,Susceptible
573.14454,Klebsiella pneumoniae KPN871ec,Susceptible
573.1722,Klebsiella pneumoniae strain KpVA-4,Resistant
573.66227,Klebsiella pneumoniae 26968_5#119,Resistant
573.66123,Klebsiella pneumoniae ERR1829912,Resistant
573.24328,Klebsiella pneumoniae strain MUGSI_110,Resistant
573.12883,Klebsiella pneumoniae 48,Susceptible
573.15377,Klebsiella pneumoniae strain KSB1_4E,Susceptible
573.13170,Klebsiella pneumoniae KPN1177ec,Susceptible
573.67235,Klebsiella pneumoniae ERR7221229,Resistant
573.67316,Klebsiella pneumoniae ERR7221319,Susceptible
573.14103,Klebsiella pneumoniae KPN380ec,Susceptible
573.66339,Klebsiella pneumoniae 26994_6#162,Susceptible
573.24307,Klebsiella pneumoniae strain 460,Resistant
573.14486,Klebsiella pneumoniae KPN912ec,Susceptible
573.14070,Klebsiella pneumoniae KPN339ec,Susceptible
573.24250,Klebsiella pneumoniae strain 133,Susceptible
573.66407,Klebsiella pneumoniae 26994_8#160,Resistant
573.66203,Klebsiella pneumoniae KP_NORM_URN_2015_109003,Susceptible
573.66965,Klebsiella pneumoniae KP_NORM_BLD_2510,Susceptible
573.66583,Klebsiella pneumoniae KP_NORM_BLD_110766,Susceptible
573.26155,Klebsiella pneumoniae strain 5012STDY7312592,Susceptible
573.46845,Klebsiella pneumoniae KP-19PI,Resistant
573.26228,Klebsiella pneumoniae strain 5012STDY7312689,Susceptible
573.13905,Klebsiella pneumoniae KPN2082ec,Resistant
573.66415,Klebsiella pneumoniae 26994_8#181,Resistant
573.66982,Klebsiella pneumoniae KP_NORM_BLD_386,Susceptible
573.66431,Klebsiella pneumoniae 27097_7#63,Resistant
573.66896,Klebsiella pneumoniae KP_NORM_BLD_2011_76233,Susceptible
573.13429,Klebsiella pneumoniae KPN1491ec,Resistant
573.24337,Klebsiella pneumoniae strain MUGSI_119,Susceptible
573.14548,Klebsiella pneumoniae KPN995ec,Susceptible
573.66302,Klebsiella pneumoniae 26975_5#96,Resistant
573.13290,Klebsiella pneumoniae KPN132ec,Resistant
573.7096,Klebsiella pneumoniae strain W1-5-ERG6,Susceptible
573.66892,Klebsiella pneumoniae KP_NORM_BLD_2011_76199,Susceptible
573.14097,Klebsiella pneumoniae KPN374ec,Resistant
573.26116,Klebsiella pneumoniae strain 5012STDY7312738,Susceptible
573.66246,Klebsiella pneumoniae 26968_6#6,Resistant
573.14154,Klebsiella pneumoniae KPN436ec,Susceptible
573.14138,Klebsiella pneumoniae KPN418ec,Resistant
573.13397,Klebsiella pneumoniae KPN1456ec,Resistant
573.66317,Klebsiella pneumoniae 26994_6#54,Resistant
573.66490,Klebsiella pneumoniae 27261_8#115,Resistant
573.14170,Klebsiella pneumoniae KPN458ec,Susceptible
573.66170,Klebsiella pneumoniae ERR2118039,Resistant
573.26093,Klebsiella pneumoniae strain 5012STDY7312704,Susceptible
573.66336,Klebsiella pneumoniae 26994_6#118,Resistant
573.24266,Klebsiella pneumoniae strain 239,Susceptible
573.15615,Klebsiella pneumoniae strain KSB1_7B,Susceptible
573.67085,Klebsiella pneumoniae KP_NORM_BLD_62928,Susceptible
573.24254,Klebsiella pneumoniae strain 17,Resistant
573.66327,Klebsiella pneumoniae 26994_6#87,Resistant
573.66153,Klebsiella pneumoniae ERR2109183,Resistant
573.5828,Klebsiella pneumoniae strain PB86,Susceptible
573.66274,Klebsiella pneumoniae 26975_4#25,Resistant
573.66595,Klebsiella pneumoniae KP_NORM_BLD_112118,Susceptible
573.13964,Klebsiella pneumoniae KPN217ec,Susceptible
573.29998,Klebsiella pneumoniae strain Kpngiani7132552,Resistant
573.66514,Klebsiella pneumoniae 27261_8#187,Resistant
573.13205,Klebsiella pneumoniae KPN1215ec,Resistant
573.66392,Klebsiella pneumoniae 26994_8#49,Resistant
573.15465,Klebsiella pneumoniae strain 10315_6#54,Susceptible
573.46866,Klebsiella pneumoniae KP-50LI,Resistant
573.14453,Klebsiella pneumoniae KPN868ec,Susceptible
573.66723,Klebsiella pneumoniae KP_NORM_BLD_116441,Susceptible
573.67135,Klebsiella pneumoniae KP_NORM_URN_2012_81416,Susceptible
573.46865,Klebsiella pneumoniae KP-43LI,Resistant
573.66646,Klebsiella pneumoniae KP_NORM_BLD_114466,Susceptible
573.66943,Klebsiella pneumoniae KP_NORM_BLD_2015_116590,Susceptible
573.66333,Klebsiella pneumoniae 26994_6#115,Resistant
573.13555,Klebsiella pneumoniae KPN1647ec,Susceptible
573.13138,Klebsiella pneumoniae KPN1137ec,Resistant
573.67261,Klebsiella pneumoniae ERR7221252,Resistant
573.13992,Klebsiella pneumoniae KPN251ec,Susceptible
573.14372,Klebsiella pneumoniae KPN753ec,Susceptible
573.66714,Klebsiella pneumoniae KP_NORM_BLD_116378,Susceptible
573.29962,Klebsiella pneumoniae strain Kpngiani7132499,Resistant
573.66103,Klebsiella pneumoniae ERR1811833,Susceptible
573.24390,Klebsiella pneumoniae strain MUGSI_307,Resistant
573.13963,Klebsiella pneumoniae KPN2174ec,Susceptible
573.66847,Klebsiella pneumoniae KP_NORM_BLD_2005_1167,Susceptible
573.66436,Klebsiella pneumoniae 27261_7#1,Susceptible
573.12914,Klebsiella pneumoniae 3275,Susceptible
573.26238,Klebsiella pneumoniae strain 5012STDY7626475,Susceptible
573.23228,Klebsiella pneumoniae strain KP_343,Resistant
573.14151,Klebsiella pneumoniae KPN432ec,Susceptible
573.5638,Klebsiella pneumoniae strain 12_BR_13,Resistant
573.15362,Klebsiella pneumoniae strain KSB1_7E,Susceptible
573.14271,Klebsiella pneumoniae KPN600ec,Susceptible
573.26317,Klebsiella pneumoniae strain 5012STDY7626435,Susceptible
573.13185,Klebsiella pneumoniae KPN1193ec,Susceptible
573.67019,Klebsiella pneumoniae KP_NORM_BLD_61062,Susceptible
573.15043,Klebsiella pneumoniae strain AR_0146,Resistant
573.26161,Klebsiella pneumoniae strain 5012STDY7312598,Susceptible
573.13953,Klebsiella pneumoniae KPN2162ec,Susceptible
573.14309,Klebsiella pneumoniae KPN678ec,Susceptible
573.26318,Klebsiella pneumoniae strain 5012STDY7626438,Susceptible
573.66910,Klebsiella pneumoniae KP_NORM_BLD_2013_90871,Susceptible
573.5804,Klebsiella pneumoniae strain W2-1-ERG1,Susceptible
573.67288,Klebsiella pneumoniae ERR7221294,Resistant
573.66821,Klebsiella pneumoniae KP_NORM_BLD_14173,Susceptible
573.13336,Klebsiella pneumoniae KPN1386ec,Susceptible
573.66200,Klebsiella pneumoniae KP_NORM_URN_2015_109604,Susceptible
573.23210,Klebsiella pneumoniae strain KP_136,Susceptible
573.13021,Klebsiella pneumoniae 3253,Susceptible
573.66162,Klebsiella pneumoniae ERR2118031,Susceptible
573.13775,Klebsiella pneumoniae KPN1921ec,Susceptible
573.66113,Klebsiella pneumoniae ERR1815067,Susceptible
573.66404,Klebsiella pneumoniae 26994_8#124,Resistant
573.24247,Klebsiella pneumoniae strain 12,Resistant
573.13345,Klebsiella pneumoniae KPN139ec,Susceptible
573.24454,Klebsiella pneumoniae strain MUGSI_97,Resistant
573.15108,Klebsiella pneumoniae strain AR_0143,Resistant
573.13647,Klebsiella pneumoniae KPN1751ec,Susceptible
573.13618,Klebsiella pneumoniae KPN1715ec,Susceptible
573.46863,Klebsiella pneumoniae KP-39LI,Resistant
573.66188,Klebsiella pneumoniae KP_NORM_BLD_2015_115730,Susceptible
573.30008,Klebsiella pneumoniae strain Kpngiani7132544,Resistant
573.15501,Klebsiella pneumoniae strain 10356_5#76,Susceptible
573.13817,Klebsiella pneumoniae KPN1984ec,Susceptible
573.14303,Klebsiella pneumoniae KPN669ec,Resistant
573.14455,Klebsiella pneumoniae KPN870ec,Resistant
573.13902,Klebsiella pneumoniae KPN207ec,Susceptible
573.13513,Klebsiella pneumoniae KPN1588ec,Resistant
573.46070,Klebsiella pneumoniae INF314,Susceptible
573.13206,Klebsiella pneumoniae KPN1216ec,Resistant
573.66281,Klebsiella pneumoniae 26975_4#92,Susceptible
573.13274,Klebsiella pneumoniae KPN130ec,Resistant
573.46847,Klebsiella pneumoniae KP-20LU,Resistant
573.13494,Klebsiella pneumoniae KPN1566ec,Susceptible
573.15537,Klebsiella pneumoniae strain INF349,Susceptible
573.26198,Klebsiella pneumoniae strain 5012STDY7312662,Susceptible
573.67232,Klebsiella pneumoniae ERR7221217,Susceptible
573.13656,Klebsiella pneumoniae KPN1760ec,Susceptible
573.13414,Klebsiella pneumoniae KPN1476ec,Susceptible
573.13342,Klebsiella pneumoniae KPN1397ec,Susceptible
573.13246,Klebsiella pneumoniae KPN1268ec,Susceptible
573.13564,Klebsiella pneumoniae KPN1655ec,Resistant
573.24289,Klebsiella pneumoniae strain 351,Resistant
573.14487,Klebsiella pneumoniae KPN913ec,Susceptible
573.67299,Klebsiella pneumoniae ERR7221302,Resistant
573.29887,Klebsiella pneumoniae strain Kpngiani7132577,Resistant
573.66232,Klebsiella pneumoniae 26968_5#140,Resistant
573.14184,Klebsiella pneumoniae KPN475ec,Resistant
573.66470,Klebsiella pneumoniae 27261_8#48,Resistant
573.24375,Klebsiella pneumoniae strain MUGSI_194,Resistant
573.29973,Klebsiella pneumoniae strain Kpngiani7132502,Resistant
573.13825,Klebsiella pneumoniae KPN1992ec,Susceptible
573.33394,Klebsiella pneumoniae strain PMK11,Resistant
573.15539,Klebsiella pneumoniae strain KSB1_1A,Susceptible
573.14536,Klebsiella pneumoniae KPN977ec,Susceptible
573.15562,Klebsiella pneumoniae strain KSB1_3G,Susceptible
573.26203,Klebsiella pneumoniae strain 5012STDY7312672,Susceptible
573.66923,Klebsiella pneumoniae KP_NORM_BLD_2014_101821,Susceptible
573.26181,Klebsiella pneumoniae strain 5012STDY7312613,Susceptible
573.67105,Klebsiella pneumoniae KP_NORM_BLD_63395,Susceptible
573.13863,Klebsiella pneumoniae KPN2037ec,Susceptible
573.14086,Klebsiella pneumoniae KPN363ec,Susceptible
573.14539,Klebsiella pneumoniae KPN981ec,Susceptible
573.67263,Klebsiella pneumoniae ERR7221254,Susceptible
573.66974,Klebsiella pneumoniae KP_NORM_BLD_3076,Susceptible
573.26119,Klebsiella pneumoniae strain 5012STDY7312741,Susceptible
573.12893,Klebsiella pneumoniae 3238,Susceptible
573.13233,Klebsiella pneumoniae KPN1254ec,Resistant
573.15582,Klebsiella pneumoniae strain KSB2_3C,Susceptible
573.23201,Klebsiella pneumoniae strain KP_109,Resistant
573.13105,Klebsiella pneumoniae KPN1100ec,Resistant
573.66933,Klebsiella pneumoniae KP_NORM_BLD_2014_104360,Susceptible
573.26145,Klebsiella pneumoniae strain 5012STDY7312583,Susceptible
573.15558,Klebsiella pneumoniae strain KSB1_7F,Susceptible
573.13885,Klebsiella pneumoniae KPN2061ec,Susceptible
573.67082,Klebsiella pneumoniae KP_NORM_BLD_62922,Susceptible
573.14129,Klebsiella pneumoniae KPN408ec,Susceptible
573.13366,Klebsiella pneumoniae KPN1425ec,Susceptible
573.66517,Klebsiella pneumoniae 27322_4#39,Resistant
573.13226,Klebsiella pneumoniae KPN1245ec,Susceptible
573.15107,Klebsiella pneumoniae strain AR_0129,Resistant
573.14223,Klebsiella pneumoniae KPN540ec,Resistant
573.13942,Klebsiella pneumoniae KPN213ec,Resistant
573.26256,Klebsiella pneumoniae strain 5012STDY7626376,Susceptible
573.67016,Klebsiella pneumoniae KP_NORM_BLD_61049,Susceptible
573.13662,Klebsiella pneumoniae KPN1768ec,Susceptible
573.66957,Klebsiella pneumoniae KP_NORM_BLD_2399,Susceptible
573.29910,Klebsiella pneumoniae strain Kpngiani7132592,Resistant
573.24299,Klebsiella pneumoniae strain 401,Susceptible
573.12979,Klebsiella pneumoniae 3268,Susceptible
573.14112,Klebsiella pneumoniae KPN389ec,Susceptible
573.14023,Klebsiella pneumoniae KPN286ec,Resistant
573.12982,Klebsiella pneumoniae 3305,Susceptible
573.12925,Klebsiella pneumoniae 93,Susceptible
573.46077,Klebsiella pneumoniae KSB1_6C,Susceptible
573.66618,Klebsiella pneumoniae KP_NORM_BLD_113771,Susceptible
573.13702,Klebsiella pneumoniae KPN183ec,Susceptible
573.67170,Klebsiella pneumoniae KP_NORM_URN_2015_109221,Susceptible
573.24393,Klebsiella pneumoniae strain MUGSI_31,Resistant
573.46871,Klebsiella pneumoniae KP-83LU,Resistant
573.26158,Klebsiella pneumoniae strain 5012STDY7312595,Susceptible
573.66747,Klebsiella pneumoniae KP_NORM_BLD_117577,Susceptible
573.14158,Klebsiella pneumoniae KPN440ec,Resistant
573.24336,Klebsiella pneumoniae strain MUGSI_118,Resistant
573.66359,Klebsiella pneumoniae 26994_7#55,Resistant
573.13629,Klebsiella pneumoniae KPN1727ec,Susceptible
573.29897,Klebsiella pneumoniae strain Kpngiani7132598,Resistant
573.66167,Klebsiella pneumoniae ERR2118037,Susceptible
573.66133,Klebsiella pneumoniae ERR1830478,Susceptible
573.12976,Klebsiella pneumoniae 3277,Susceptible
573.14260,Klebsiella pneumoniae KPN587ec,Resistant
573.66419,Klebsiella pneumoniae 26994_8#164,Resistant
573.15461,Klebsiella pneumoniae strain 10315_6#5,Resistant
573.66802,Klebsiella pneumoniae KP_NORM_BLD_13877,Susceptible
573.13543,Klebsiella pneumoniae KPN1626ec,Resistant
573.13601,Klebsiella pneumoniae KPN1698ec,Susceptible
573.46862,Klebsiella pneumoniae KP-38LI,Resistant
573.14305,Klebsiella pneumoniae KPN674ec,Susceptible
573.13918,Klebsiella pneumoniae KPN2098ec,Resistant
573.12987,Klebsiella pneumoniae 3386,Susceptible
573.13259,Klebsiella pneumoniae KPN1280ec,Resistant
573.66838,Klebsiella pneumoniae KP_NORM_BLD_1692,Susceptible
573.67071,Klebsiella pneumoniae KP_NORM_BLD_62504,Susceptible
573.15364,Klebsiella pneumoniae strain INF278,Resistant
573.66622,Klebsiella pneumoniae KP_NORM_BLD_113773,Susceptible
573.46842,Klebsiella pneumoniae KP-16PI,Resistant
573.5649,Klebsiella pneumoniae strain DHQP1002001,Resistant
573.29956,Klebsiella pneumoniae strain Kpngiani7132487,Resistant
573.14123,Klebsiella pneumoniae KPN402ec,Susceptible
573.29933,Klebsiella pneumoniae strain Kpngiani7132625,Resistant
573.26281,Klebsiella pneumoniae strain 5012STDY7626401,Susceptible
573.67139,Klebsiella pneumoniae KP_NORM_URN_2013_95566,Susceptible
573.67056,Klebsiella pneumoniae KP_NORM_BLD_62196,Susceptible
573.14498,Klebsiella pneumoniae KPN926ec,Resistant
573.15450,Klebsiella pneumoniae strain 10315_6#32,Susceptible
573.13794,Klebsiella pneumoniae KPN1947ec,Susceptible
573.15526,Klebsiella pneumoniae strain INF204,Susceptible
573.24351,Klebsiella pneumoniae strain MUGSI_139,Resistant
573.14206,Klebsiella pneumoniae KPN520ec,Resistant
573.66951,Klebsiella pneumoniae KP_NORM_BLD_229,Susceptible
573.25568,Klebsiella pneumoniae strain 24_GR_13,Resistant
573.14409,Klebsiella pneumoniae KPN803ec,Susceptible
573.14242,Klebsiella pneumoniae KPN567ec,Resistant
573.13015,Klebsiella pneumoniae 70,Susceptible
573.13878,Klebsiella pneumoniae KPN2053ec,Susceptible
573.67200,Klebsiella pneumoniae ERR7221179,Susceptible
573.13070,Klebsiella pneumoniae KPN1049ec,Susceptible
573.67087,Klebsiella pneumoniae KP_NORM_BLD_62776,Susceptible
573.29913,Klebsiella pneumoniae strain Kpngiani7132611,Resistant
573.14448,Klebsiella pneumoniae KPN863ec,Susceptible
573.26304,Klebsiella pneumoniae strain 5012STDY7626421,Susceptible
573.13047,Klebsiella pneumoniae KPN1021ec,Susceptible
573.66839,Klebsiella pneumoniae KP_NORM_BLD_1693,Susceptible
573.14293,Klebsiella pneumoniae KPN630ec,Susceptible
573.66373,Klebsiella pneumoniae 26994_7#146,Susceptible
573.13394,Klebsiella pneumoniae KPN1453ec,Resistant
573.15588,Klebsiella pneumoniae strain KSB2_4D,Susceptible
573.13653,Klebsiella pneumoniae KPN1757ec,Susceptible
573.13324,Klebsiella pneumoniae KPN1369ec,Susceptible
573.66600,Klebsiella pneumoniae KP_NORM_BLD_112181,Susceptible
573.26242,Klebsiella pneumoniae strain 5012STDY7626522,Susceptible
573.46074,Klebsiella pneumoniae INF093,Susceptible
573.13884,Klebsiella pneumoniae KPN205ec,Susceptible
573.13695,Klebsiella pneumoniae KPN1830ec,Susceptible
573.24278,Klebsiella pneumoniae strain 30,Resistant
573.66420,Klebsiella pneumoniae 26994_8#177,Resistant
573.24380,Klebsiella pneumoniae strain MUGSI_225,Susceptible
573.13163,Klebsiella pneumoniae KPN1168ec,Resistant
573.12944,Klebsiella pneumoniae 3273,Susceptible
573.13166,Klebsiella pneumoniae KPN1171ec,Susceptible
573.26276,Klebsiella pneumoniae strain 5012STDY7626399,Susceptible
573.15477,Klebsiella pneumoniae strain 10315_6#69,Susceptible
573.15437,Klebsiella pneumoniae strain 10315_6#12,Susceptible
573.66270,Klebsiella pneumoniae 26968_6#183,Resistant
573.24341,Klebsiella pneumoniae strain MUGSI_124,Resistant
573.13328,Klebsiella pneumoniae KPN1377ec,Susceptible
573.13799,Klebsiella pneumoniae KPN1951ec,Resistant
573.24357,Klebsiella pneumoniae strain MUGSI_149,Resistant
573.13620,Klebsiella pneumoniae KPN1717ec,Susceptible
573.13998,Klebsiella pneumoniae KPN259ec,Susceptible
573.66719,Klebsiella pneumoniae KP_NORM_BLD_116410,Susceptible
573.66184,Klebsiella pneumoniae KP_NORM_BLD_2015_112900,Susceptible
573.66836,Klebsiella pneumoniae KP_NORM_BLD_1686,Susceptible
573.66328,Klebsiella pneumoniae 26994_6#95,Resistant
573.13071,Klebsiella pneumoniae KPN1052ec,Susceptible
573.12931,Klebsiella pneumoniae 3265,Susceptible
573.13604,Klebsiella pneumoniae KPN1700ec,Susceptible
573.14411,Klebsiella pneumoniae KPN809ec,Susceptible
573.12916,Klebsiella pneumoniae 3338,Susceptible
573.14296,Klebsiella pneumoniae KPN636ec,Resistant
573.13287,Klebsiella pneumoniae KPN1327ec,Susceptible
573.46873,Klebsiella pneumoniae KP-8PI,Resistant
573.13024,Klebsiella pneumoniae 3276,Resistant
573.26141,Klebsiella pneumoniae strain 5012STDY7312584,Susceptible
573.14431,Klebsiella pneumoniae KPN836ec,Resistant
573.14050,Klebsiella pneumoniae KPN316ec,Resistant
573.13850,Klebsiella pneumoniae KPN2020ec,Resistant
573.12953,Klebsiella pneumoniae 3256,Susceptible
573.24316,Klebsiella pneumoniae strain 9,Resistant
573.66916,Klebsiella pneumoniae KP_NORM_BLD_2013_92328,Susceptible
573.67108,Klebsiella pneumoniae KP_NORM_BLD_63815,Susceptible
573.13143,Klebsiella pneumoniae KPN1145ec,Resistant
573.66561,Klebsiella pneumoniae 29109_2#265,Resistant
573.66445,Klebsiella pneumoniae 27261_7#140,Resistant
573.12926,Klebsiella pneumoniae 23,Susceptible
573.24296,Klebsiella pneumoniae strain 397,Susceptible
573.67178,Klebsiella pneumoniae ERR7221152,Resistant
573.13701,Klebsiella pneumoniae KPN1839ec,Susceptible
573.26275,Klebsiella pneumoniae strain 5012STDY7626394,Susceptible
573.13737,Klebsiella pneumoniae KPN1873ec,Susceptible
573.13881,Klebsiella pneumoniae KPN2056ec,Resistant
573.30002,Klebsiella pneumoniae strain Kpngiani7132532,Resistant
573.66505,Klebsiella pneumoniae 27261_8#172,Resistant
573.29903,Klebsiella pneumoniae strain Kpngiani7132604,Resistant
573.13169,Klebsiella pneumoniae KPN1176ec,Resistant
573.13645,Klebsiella pneumoniae KPN1748ec,Resistant
573.13450,Klebsiella pneumoniae KPN1517ec,Resistant
573.29935,Klebsiella pneumoniae strain Kpngiani7132630,Resistant
573.13510,Klebsiella pneumoniae KPN1585ec,Susceptible
573.13636,Klebsiella pneumoniae KPN1736ec,Susceptible
573.66479,Klebsiella pneumoniae 27261_8#77,Resistant
573.14267,Klebsiella pneumoniae KPN596ec,Susceptible
573.5698,Klebsiella pneumoniae strain PB463,Resistant
573.66650,Klebsiella pneumoniae KP_NORM_BLD_114484,Susceptible
573.13839,Klebsiella pneumoniae KPN2009ec,Susceptible
573.26258,Klebsiella pneumoniae strain 5012STDY7626377,Susceptible
573.24251,Klebsiella pneumoniae strain 15,Resistant
573.13838,Klebsiella pneumoniae KPN2008ec,Susceptible
573.24402,Klebsiella pneumoniae strain MUGSI_320,Resistant
573.66845,Klebsiella pneumoniae KP_NORM_BLD_2004_19607,Susceptible
573.18543,Klebsiella pneumoniae strain AR_0140,Resistant
573.67091,Klebsiella pneumoniae KP_NORM_BLD_63325,Susceptible
573.15481,Klebsiella pneumoniae strain 10315_6#72,Susceptible
573.13074,Klebsiella pneumoniae KPN1056ec,Susceptible
573.12890,Klebsiella pneumoniae 103,Susceptible
573.29931,Klebsiella pneumoniae strain Kpngiani7132631,Resistant
573.33415,Klebsiella pneumoniae strain PMK4a,Susceptible
573.14511,Klebsiella pneumoniae KPN943ec,Susceptible
573.14147,Klebsiella pneumoniae KPN427ec,Susceptible
573.66848,Klebsiella pneumoniae KP_NORM_BLD_2006_37102,Susceptible
573.67245,Klebsiella pneumoniae ERR7221237,Resistant
573.66712,Klebsiella pneumoniae KP_NORM_BLD_116364,Susceptible
573.13683,Klebsiella pneumoniae KPN179ec,Susceptible
573.13954,Klebsiella pneumoniae KPN2163ec,Resistant
573.66656,Klebsiella pneumoniae KP_NORM_BLD_115323,Susceptible
573.67007,Klebsiella pneumoniae KP_NORM_BLD_60904,Susceptible
573.13122,Klebsiella pneumoniae KPN1120ec,Susceptible
573.13961,Klebsiella pneumoniae KPN2172ec,Resistant
573.66295,Klebsiella pneumoniae 26975_5#29,Resistant
573.66489,Klebsiella pneumoniae 27261_8#101,Resistant
573.13715,Klebsiella pneumoniae KPN1852ec,Resistant
573.13531,Klebsiella pneumoniae KPN1610ec,Resistant
573.14167,Klebsiella pneumoniae KPN451ec,Resistant
573.66921,Klebsiella pneumoniae KP_NORM_BLD_2013_92959,Susceptible
573.13742,Klebsiella pneumoniae KPN1879ec,Susceptible
573.13603,Klebsiella pneumoniae KPN169ec,Resistant
573.14349,Klebsiella pneumoniae KPN723ec,Susceptible
573.13199,Klebsiella pneumoniae KPN1208ec,Susceptible
573.13750,Klebsiella pneumoniae KPN1889ec,Susceptible
573.66443,Klebsiella pneumoniae 27261_7#26,Resistant
573.66467,Klebsiella pneumoniae 27261_8#53,Resistant
573.14478,Klebsiella pneumoniae KPN902ec,Susceptible
573.24323,Klebsiella pneumoniae strain MRSN19181,Resistant
573.18088,Klebsiella pneumoniae strain AR_0079,Resistant
573.5706,Klebsiella pneumoniae strain W2-4-ERG4,Susceptible
573.14376,Klebsiella pneumoniae KPN758ec,Susceptible
573.66567,Klebsiella pneumoniae KP_NORM_BLD_621,Susceptible
573.29900,Klebsiella pneumoniae strain Kpngiani7132610,Resistant
573.15447,Klebsiella pneumoniae strain 10315_6#29,Susceptible
573.26205,Klebsiella pneumoniae strain 5012STDY7312669,Susceptible
573.13087,Klebsiella pneumoniae KPN1074ec,Susceptible
573.24385,Klebsiella pneumoniae strain MUGSI_27,Resistant
573.67094,Klebsiella pneumoniae KP_NORM_BLD_62934,Susceptible
573.14238,Klebsiella pneumoniae KPN561ec,Resistant
573.15629,Klebsiella pneumoniae strain INF158,Resistant
573.13877,Klebsiella pneumoniae KPN2052ec,Susceptible
573.66547,Klebsiella pneumoniae 29105_1#141,Resistant
573.13253,Klebsiella pneumoniae KPN1274ec,Susceptible
573.26223,Klebsiella pneumoniae strain 5012STDY7312687,Susceptible
573.13781,Klebsiella pneumoniae KPN1929ec,Resistant
573.26196,Klebsiella pneumoniae strain 5012STDY7312660,Resistant
573.66105,Klebsiella pneumoniae ERR1813603,Susceptible
573.5777,Klebsiella pneumoniae strain 14_GR_14,Resistant
573.15484,Klebsiella pneumoniae strain 10315_6#75,Susceptible
573.13049,Klebsiella pneumoniae KPN1023ec,Resistant
573.66696,Klebsiella pneumoniae KP_NORM_BLD_1162,Susceptible
573.26176,Klebsiella pneumoniae strain 5012STDY7312607,Susceptible
573.24309,Klebsiella pneumoniae strain 469,Resistant
573.66456,Klebsiella pneumoniae 27261_8#14,Resistant
573.14066,Klebsiella pneumoniae KPN335ec,Resistant
573.13745,Klebsiella pneumoniae KPN1881ec,Susceptible
573.29936,Klebsiella pneumoniae strain Kpngiani7132484,Resistant
573.13306,Klebsiella pneumoniae KPN1346ec,Susceptible
573.66640,Klebsiella pneumoniae KP_NORM_BLD_114326,Susceptible
573.24301,Klebsiella pneumoniae strain 414,Susceptible
573.66684,Klebsiella pneumoniae KP_NORM_BLD_115781,Susceptible
573.13760,Klebsiella pneumoniae KPN1901ec,Susceptible
573.13514,Klebsiella pneumoniae KPN1590ec,Susceptible
573.46092,Klebsiella pneumoniae KSB1_8B,Susceptible
573.14492,Klebsiella pneumoniae KPN919ec,Resistant
573.13996,Klebsiella pneumoniae KPN257ec,Susceptible
573.24333,Klebsiella pneumoniae strain MUGSI_115,Resistant
573.13638,Klebsiella pneumoniae KPN1739ec,Susceptible
573.66644,Klebsiella pneumoniae KP_NORM_BLD_114446,Susceptible
573.66455,Klebsiella pneumoniae 27261_8#10,Susceptible
573.24292,Klebsiella pneumoniae strain 373,Susceptible
573.26216,Klebsiella pneumoniae strain 5012STDY7312679,Susceptible
573.26108,Klebsiella pneumoniae strain 5012STDY7312728,Susceptible
573.26188,Klebsiella pneumoniae strain 5012STDY7312622,Susceptible
573.14174,Klebsiella pneumoniae KPN463ec,Susceptible
573.13411,Klebsiella pneumoniae KPN1473ec,Susceptible
573.29899,Klebsiella pneumoniae strain Kpngiani7132602,Resistant
573.15552,Klebsiella pneumoniae strain KSB1_5E,Susceptible
573.13544,Klebsiella pneumoniae KPN1627ec,Resistant
573.67164,Klebsiella pneumoniae KP_NORM_URN_2015_106696,Susceptible
573.13773,Klebsiella pneumoniae KPN191ec,Resistant
573.26250,Klebsiella pneumoniae strain 5012STDY7626370,Susceptible
573.67340,Klebsiella pneumoniae ERR7221437,Resistant
573.24431,Klebsiella pneumoniae strain MUGSI_69,Resistant
573.13023,Klebsiella pneumoniae 3235,Susceptible
573.26087,Klebsiella pneumoniae strain 5012STDY7312714,Susceptible
573.13377,Klebsiella pneumoniae KPN1435ec,Susceptible
573.13011,Klebsiella pneumoniae 3221,Resistant
573.31059,Klebsiella pneumoniae strain PH10,Susceptible
573.66956,Klebsiella pneumoniae KP_NORM_BLD_2398,Susceptible
573.13906,Klebsiella pneumoniae KPN2083ec,Susceptible
573.13956,Klebsiella pneumoniae KPN2167ec,Resistant
573.46872,Klebsiella pneumoniae KP-84LU,Resistant
573.29907,Klebsiella pneumoniae strain Kpngiani7132599,Resistant
573.24452,Klebsiella pneumoniae strain MUGSI_95,Resistant
573.66851,Klebsiella pneumoniae KP_NORM_BLD_2007_48136,Susceptible
573.13811,Klebsiella pneumoniae KPN1975ec,Resistant
573.13819,Klebsiella pneumoniae KPN1986ec,Resistant
573.30007,Klebsiella pneumoniae strain Kpngiani7132533,Resistant
573.66114,Klebsiella pneumoniae ERR1815065,Resistant
573.66107,Klebsiella pneumoniae ERR1813606,Susceptible
573.67121,Klebsiella pneumoniae KP_NORM_BLD_72,Susceptible
573.24364,Klebsiella pneumoniae strain MUGSI_160,Resistant
573.67112,Klebsiella pneumoniae KP_NORM_BLD_63837,Susceptible
573.66435,Klebsiella pneumoniae 27097_7#77,Resistant
573.66376,Klebsiella pneumoniae 26994_7#124,Resistant
573.67308,Klebsiella pneumoniae ERR7221310,Susceptible
573.26302,Klebsiella pneumoniae strain 5012STDY7626422,Susceptible
573.14028,Klebsiella pneumoniae KPN291ec,Susceptible
573.14331,Klebsiella pneumoniae KPN703ec,Susceptible
573.14524,Klebsiella pneumoniae KPN958ec,Susceptible
573.66907,Klebsiella pneumoniae KP_NORM_BLD_2012_86925,Susceptible
573.24411,Klebsiella pneumoniae strain MUGSI_42,Resistant
573.14017,Klebsiella pneumoniae KPN279ec,Susceptible
573.14089,Klebsiella pneumoniae KPN366ec,Susceptible
573.66414,Klebsiella pneumoniae 26994_8#183,Resistant
573.5826,Klebsiella pneumoniae strain W2-13-ERG8,Susceptible
573.13014,Klebsiella pneumoniae 3284,Susceptible
573.14367,Klebsiella pneumoniae KPN747ec,Susceptible
573.24325,Klebsiella pneumoniae strain MRSN20097,Resistant
573.24428,Klebsiella pneumoniae strain MUGSI_66,Resistant
573.66176,Klebsiella pneumoniae KP_NORM_BLD_2014_101814,Susceptible
573.12981,Klebsiella pneumoniae 3332,Susceptible
573.24331,Klebsiella pneumoniae strain MUGSI_113,Resistant
573.13570,Klebsiella pneumoniae KPN1664ec,Susceptible
573.26173,Klebsiella pneumoniae strain 5012STDY7312612,Susceptible
573.26088,Klebsiella pneumoniae strain 5012STDY7312725,Susceptible
573.67228,Klebsiella pneumoniae ERR7221214,Susceptible
573.15557,Klebsiella pneumoniae strain KSB1_5F,Susceptible
573.15488,Klebsiella pneumoniae strain 10315_6#79,Susceptible
573.29979,Klebsiella pneumoniae strain Kpngiani7132525,Resistant
573.67059,Klebsiella pneumoniae KP_NORM_BLD_62212,Susceptible
573.66669,Klebsiella pneumoniae KP_NORM_BLD_115403,Susceptible
573.24379,Klebsiella pneumoniae strain MUGSI_22,Resistant
573.12872,Klebsiella pneumoniae 15,Susceptible
573.14026,Klebsiella pneumoniae KPN289ec,Susceptible
573.14043,Klebsiella pneumoniae KPN308ec,Susceptible
573.66566,Klebsiella pneumoniae KP_NORM_BLD_1035,Susceptible
573.20059,Klebsiella pneumoniae strain AR_0076,Resistant
573.67264,Klebsiella pneumoniae ERR7221265,Susceptible
573.66559,Klebsiella pneumoniae 29109_2#334,Susceptible
573.66477,Klebsiella pneumoniae 27261_8#96,Resistant
573.46106,Klebsiella pneumoniae KSB1_8H,Susceptible
573.66920,Klebsiella pneumoniae KP_NORM_BLD_2013_92947,Susceptible
573.13844,Klebsiella pneumoniae KPN2013ec,Susceptible
573.15517,Klebsiella pneumoniae strain INF150,Susceptible
573.26220,Klebsiella pneumoniae strain 5012STDY7312685,Susceptible
573.66968,Klebsiella pneumoniae KP_NORM_BLD_2803,Susceptible
573.26270,Klebsiella pneumoniae strain 5012STDY7626386,Susceptible
573.22567,Klebsiella pneumoniae strain SU10,Susceptible
573.66860,Klebsiella pneumoniae KP_NORM_BLD_2009_61298,Susceptible
573.13148,Klebsiella pneumoniae KPN1150ec,Susceptible
573.30006,Klebsiella pneumoniae strain Kpngiani7132540,Resistant
573.13268,Klebsiella pneumoniae KPN1301ec,Susceptible
573.66837,Klebsiella pneumoniae KP_NORM_BLD_1684,Susceptible
573.13234,Klebsiella pneumoniae KPN1255ec,Resistant
573.13860,Klebsiella pneumoniae KPN2034ec,Susceptible
573.5683,Klebsiella pneumoniae strain W2-5-ERG4,Susceptible
573.13079,Klebsiella pneumoniae KPN1064ec,Resistant
573.14013,Klebsiella pneumoniae KPN275ec,Susceptible
573.13507,Klebsiella pneumoniae KPN1582ec,Susceptible
573.24350,Klebsiella pneumoniae strain MUGSI_136,Resistant
573.7029,Klebsiella pneumoniae strain AR_0005,Resistant
573.67150,Klebsiella pneumoniae KP_NORM_URN_2014_100377,Susceptible
573.14362,Klebsiella pneumoniae KPN740ec,Resistant
573.66538,Klebsiella pneumoniae 29105_1#108,Resistant
573.5780,Klebsiella pneumoniae strain 9_GR_12,Resistant
573.26076,Klebsiella pneumoniae strain 5012STDY7312713,Susceptible
573.14257,Klebsiella pneumoniae KPN583ec,Susceptible
573.13589,Klebsiella pneumoniae KPN1686ec,Susceptible
573.66999,Klebsiella pneumoniae KP_NORM_BLD_60571,Susceptible
573.67106,Klebsiella pneumoniae KP_NORM_BLD_63801,Susceptible
573.26204,Klebsiella pneumoniae strain 5012STDY7312666,Susceptible
573.66160,Klebsiella pneumoniae ERR2118028,Resistant
573.66790,Klebsiella pneumoniae KP_NORM_BLD_1347,Susceptible
573.66234,Klebsiella pneumoniae 26968_5#67,Resistant
573.66582,Klebsiella pneumoniae KP_NORM_BLD_110764,Susceptible
573.66388,Klebsiella pneumoniae 26994_8#33,Resistant
573.24425,Klebsiella pneumoniae strain MUGSI_63,Resistant
573.67292,Klebsiella pneumoniae ERR7221295,Susceptible
573.24276,Klebsiella pneumoniae strain 29,Resistant
573.14038,Klebsiella pneumoniae KPN303ec,Susceptible
573.66990,Klebsiella pneumoniae KP_NORM_BLD_60427,Susceptible
573.14209,Klebsiella pneumoniae KPN523ec,Susceptible
573.29943,Klebsiella pneumoniae strain Kpngiani7132497,Resistant
573.12937,Klebsiella pneumoniae 3251,Susceptible
573.13981,Klebsiella pneumoniae KPN236ec,Resistant
573.66899,Klebsiella pneumoniae KP_NORM_BLD_2012_84379,Susceptible
573.66991,Klebsiella pneumoniae KP_NORM_BLD_60429,Susceptible
573.14300,Klebsiella pneumoniae KPN649ec,Susceptible
573.67034,Klebsiella pneumoniae KP_NORM_BLD_61459,Susceptible
573.46854,Klebsiella pneumoniae KP-25PA,Resistant
573.24395,Klebsiella pneumoniae strain MUGSI_311,Resistant
573.13697,Klebsiella pneumoniae KPN1832ec,Susceptible
573.14062,Klebsiella pneumoniae KPN330ec,Susceptible
573.13568,Klebsiella pneumoniae KPN1662ec,Susceptible
573.14221,Klebsiella pneumoniae KPN538ec,Susceptible
573.67102,Klebsiella pneumoniae KP_NORM_BLD_63375,Susceptible
573.14298,Klebsiella pneumoniae KPN641ec,Susceptible
573.12940,Klebsiella pneumoniae 87,Susceptible
573.26269,Klebsiella pneumoniae strain 5012STDY7626389,Susceptible
573.66703,Klebsiella pneumoniae KP_NORM_BLD_116241,Susceptible
573.15583,Klebsiella pneumoniae strain KSB2_6C,Susceptible
573.67187,Klebsiella pneumoniae ERR7221157,Resistant
573.14067,Klebsiella pneumoniae KPN336ec,Susceptible
573.29980,Klebsiella pneumoniae strain Kpngiani7132520,Resistant
573.12967,Klebsiella pneumoniae 18,Susceptible
573.5673,Klebsiella pneumoniae strain PB94,Susceptible
573.66207,Klebsiella pneumoniae KP_NORM_URN_2012_81473,Susceptible
573.66685,Klebsiella pneumoniae KP_NORM_BLD_115760,Susceptible
573.15367,Klebsiella pneumoniae strain KSB2_1B,Susceptible
573.67267,Klebsiella pneumoniae ERR7221257,Resistant
573.14507,Klebsiella pneumoniae KPN939ec,Resistant
573.13678,Klebsiella pneumoniae KPN1785ec,Susceptible
573.29960,Klebsiella pneumoniae strain Kpngiani7132488,Resistant
573.14259,Klebsiella pneumoniae KPN585ec,Susceptible
573.66531,Klebsiella pneumoniae 27322_4#137,Resistant
573.46101,Klebsiella pneumoniae KSB1_3F,Susceptible
573.30000,Klebsiella pneumoniae strain Kpngiani7132542,Resistant
573.22563,Klebsiella pneumoniae strain SU2,Susceptible
573.15507,Klebsiella pneumoniae strain 10356_5#82,Susceptible
573.13013,Klebsiella pneumoniae 125,Susceptible
573.66757,Klebsiella pneumoniae KP_NORM_BLD_12939,Susceptible
573.26129,Klebsiella pneumoniae strain 5012STDY7312743,Susceptible
573.26082,Klebsiella pneumoniae strain 5012STDY7312724,Susceptible
573.13305,Klebsiella pneumoniae KPN1345ec,Susceptible
573.13667,Klebsiella pneumoniae KPN1772ec,Susceptible
573.13174,Klebsiella pneumoniae KPN1182ec,Resistant
573.24378,Klebsiella pneumoniae strain MUGSI_21,Resistant
573.67080,Klebsiella pneumoniae KP_NORM_BLD_62770,Susceptible
573.5636,Klebsiella pneumoniae strain 16_GR_13,Resistant
573.67157,Klebsiella pneumoniae KP_NORM_URN_2014_96621,Susceptible
573.66401,Klebsiella pneumoniae 26994_8#70,Resistant
573.26107,Klebsiella pneumoniae strain 5012STDY7312709,Susceptible
573.13679,Klebsiella pneumoniae KPN1786ec,Susceptible
573.15543,Klebsiella pneumoniae strain KSB1_3C,Susceptible
573.67044,Klebsiella pneumoniae KP_NORM_BLD_61894,Susceptible
573.12876,Klebsiella pneumoniae 3296,Susceptible
573.26295,Klebsiella pneumoniae strain 5012STDY7626414,Susceptible
573.29917,Klebsiella pneumoniae strain Kpngiani7132613,Resistant
573.14426,Klebsiella pneumoniae KPN828ec,Resistant
573.24384,Klebsiella pneumoniae strain MUGSI_246,Susceptible
573.24412,Klebsiella pneumoniae strain MUGSI_43,Resistant
573.66528,Klebsiella pneumoniae 27322_4#110,Resistant
573.66465,Klebsiella pneumoniae 27261_8#35,Resistant
573.67177,Klebsiella pneumoniae KP_NORM_URN_2015_111534,Susceptible
573.14482,Klebsiella pneumoniae KPN907ec,Susceptible
573.67017,Klebsiella pneumoniae KP_NORM_BLD_61269,Susceptible
573.26221,Klebsiella pneumoniae strain 5012STDY7312686,Susceptible
573.24318,Klebsiella pneumoniae strain FDA-CDC-AR_0106,Resistant
573.14232,Klebsiella pneumoniae KPN554ec,Susceptible
573.26187,Klebsiella pneumoniae strain 5012STDY7312621,Susceptible
573.13747,Klebsiella pneumoniae KPN1883ec,Susceptible
573.66666,Klebsiella pneumoniae KP_NORM_BLD_115375,Susceptible
573.24408,Klebsiella pneumoniae strain MUGSI_39,Resistant
573.66797,Klebsiella pneumoniae KP_NORM_BLD_13738,Susceptible
573.15559,Klebsiella pneumoniae strain KSB1_9F,Susceptible
573.24424,Klebsiella pneumoniae strain MUGSI_61,Resistant
573.67069,Klebsiella pneumoniae KP_NORM_BLD_625,Susceptible
573.66606,Klebsiella pneumoniae KP_NORM_BLD_112603,Susceptible
573.14339,Klebsiella pneumoniae KPN713ec,Resistant
573.13641,Klebsiella pneumoniae KPN1743ec,Susceptible
573.5707,Klebsiella pneumoniae strain W2-5-ERG7,Susceptible
573.12903,Klebsiella pneumoniae 61,Susceptible
573.13293,Klebsiella pneumoniae KPN1332ec,Susceptible
573.5799,Klebsiella pneumoniae strain PB65,Susceptible
573.66632,Klebsiella pneumoniae KP_NORM_BLD_114291,Susceptible
573.24344,Klebsiella pneumoniae strain MUGSI_127,Resistant
573.46852,Klebsiella pneumoniae KP-23PI,Resistant
573.14483,Klebsiella pneumoniae KPN908ec,Resistant
573.13388,Klebsiella pneumoniae KPN1447ec,Susceptible
573.24246,Klebsiella pneumoniae strain 110,Susceptible
573.29955,Klebsiella pneumoniae strain Kpngiani7132495,Resistant
573.26314,Klebsiella pneumoniae strain 5012STDY7626434,Susceptible
573.22560,Klebsiella pneumoniae strain SU5,Susceptible
573.66543,Klebsiella pneumoniae 27261_8#89,Resistant
573.14325,Klebsiella pneumoniae KPN696ec,Susceptible
573.13823,Klebsiella pneumoniae KPN198ec,Susceptible
573.13178,Klebsiella pneumoniae KPN1186ec,Resistant
573.13907,Klebsiella pneumoniae KPN2084ec,Susceptible
573.13261,Klebsiella pneumoniae KPN1282ec,Susceptible
573.13895,Klebsiella pneumoniae KPN2072ec,Susceptible
573.15487,Klebsiella pneumoniae strain 10315_6#78,Susceptible
573.66206,Klebsiella pneumoniae KP_NORM_BLD_2014_103384,Susceptible
573.26260,Klebsiella pneumoniae strain 5012STDY7626379,Susceptible
573.14004,Klebsiella pneumoniae KPN265ec,Susceptible
573.14148,Klebsiella pneumoniae KPN428ec,Resistant
573.13447,Klebsiella pneumoniae KPN1514ec,Resistant
573.13104,Klebsiella pneumoniae KPN1099ec,Susceptible
573.24256,Klebsiella pneumoniae strain 18,Resistant
573.66682,Klebsiella pneumoniae KP_NORM_BLD_115796,Susceptible
573.67114,Klebsiella pneumoniae KP_NORM_BLD_63839,Susceptible
573.13492,Klebsiella pneumoniae KPN1564ec,Resistant
573.13288,Klebsiella pneumoniae KPN1328ec,Resistant
573.66522,Klebsiella pneumoniae 27261_8#185,Resistant
573.67097,Klebsiella pneumoniae KP_NORM_BLD_63331,Susceptible
573.67006,Klebsiella pneumoniae KP_NORM_BLD_60874,Susceptible
573.14003,Klebsiella pneumoniae KPN264ec,Susceptible
573.26212,Klebsiella pneumoniae strain 5012STDY7312571,Susceptible
573.66331,Klebsiella pneumoniae 26994_6#102,Resistant
573.13245,Klebsiella pneumoniae KPN1267ec,Susceptible
573.13448,Klebsiella pneumoniae KPN1515ec,Resistant
573.14447,Klebsiella pneumoniae KPN860ec,Resistant
573.14016,Klebsiella pneumoniae KPN278ec,Susceptible
573.12902,Klebsiella pneumoniae 119,Susceptible
573.14467,Klebsiella pneumoniae KPN887ec,Susceptible
573.66315,Klebsiella pneumoniae 26975_5#179,Resistant
573.26190,Klebsiella pneumoniae strain 5012STDY7312623,Susceptible
573.66777,Klebsiella pneumoniae KP_NORM_BLD_13376,Susceptible
573.14014,Klebsiella pneumoniae KPN276ec,Susceptible
573.13247,Klebsiella pneumoniae KPN1269ec,Resistant
573.14020,Klebsiella pneumoniae KPN282ec,Susceptible
573.12873,Klebsiella pneumoniae 106,Susceptible
573.14355,Klebsiella pneumoniae KPN731ec,Susceptible
573.66936,Klebsiella pneumoniae KP_NORM_BLD_2015_116357,Susceptible
573.22564,Klebsiella pneumoniae strain SU1,Susceptible
573.13400,Klebsiella pneumoniae KPN1460ec,Resistant
573.15485,Klebsiella pneumoniae strain 10315_6#76,Resistant
573.29870,Klebsiella pneumoniae strain Kpngiani7132564,Resistant
573.67051,Klebsiella pneumoniae KP_NORM_BLD_62187,Susceptible
573.30014,Klebsiella pneumoniae strain Kpngiani7132530,Resistant
573.14193,Klebsiella pneumoniae KPN486ec,Susceptible
573.13880,Klebsiella pneumoniae KPN2055ec,Susceptible
573.66289,Klebsiella pneumoniae 26975_4#133,Resistant
573.24391,Klebsiella pneumoniae strain MUGSI_309,Resistant
573.66897,Klebsiella pneumoniae KP_NORM_BLD_2012_83884,Susceptible
573.67175,Klebsiella pneumoniae KP_NORM_URN_2015_113007,Susceptible
573.67002,Klebsiella pneumoniae KP_NORM_BLD_60723,Susceptible
573.14235,Klebsiella pneumoniae KPN558ec,Susceptible
573.13012,Klebsiella pneumoniae 3326,Susceptible
573.66525,Klebsiella pneumoniae 27322_4#82,Resistant
573.67257,Klebsiella pneumoniae ERR7221247,Resistant
573.13041,Klebsiella pneumoniae KPN1014ec,Susceptible
573.66928,Klebsiella pneumoniae KP_NORM_BLD_2014_102382,Susceptible
573.14384,Klebsiella pneumoniae KPN769ec,Susceptible
573.14189,Klebsiella pneumoniae KPN482ec,Susceptible
573.14198,Klebsiella pneumoniae KPN509ec,Susceptible
573.14114,Klebsiella pneumoniae KPN392ec,Susceptible
573.33413,Klebsiella pneumoniae strain PMK21a,Susceptible
573.66615,Klebsiella pneumoniae KP_NORM_BLD_113321,Susceptible
573.5800,Klebsiella pneumoniae strain PB121,Susceptible
573.24313,Klebsiella pneumoniae strain 7,Resistant
573.66912,Klebsiella pneumoniae KP_NORM_BLD_2013_91198,Susceptible
573.13640,Klebsiella pneumoniae KPN1741ec,Resistant
573.13843,Klebsiella pneumoniae KPN2012ec,Susceptible
573.14049,Klebsiella pneumoniae KPN315ec,Susceptible
573.15503,Klebsiella pneumoniae strain 10356_5#78,Susceptible
573.15589,Klebsiella pneumoniae strain KSB2_6D,Susceptible
573.13858,Klebsiella pneumoniae KPN2031ec,Susceptible
573.66695,Klebsiella pneumoniae KP_NORM_BLD_116231,Susceptible
573.14068,Klebsiella pneumoniae KPN337ec,Susceptible
573.66245,Klebsiella pneumoniae 26968_6#3,Resistant
573.14237,Klebsiella pneumoniae KPN560ec,Susceptible
573.14419,Klebsiella pneumoniae KPN819ec,Resistant
573.66294,Klebsiella pneumoniae 26975_4#126,Resistant
573.66741,Klebsiella pneumoniae KP_NORM_BLD_117519,Susceptible
573.26265,Klebsiella pneumoniae strain 5012STDY7626384,Susceptible
573.67079,Klebsiella pneumoniae KP_NORM_BLD_62772,Susceptible
573.14109,Klebsiella pneumoniae KPN386ec,Resistant
573.1732,Klebsiella pneumoniae strain KpVA-14,Resistant
573.26261,Klebsiella pneumoniae strain 5012STDY7626375,Susceptible
573.15436,Klebsiella pneumoniae strain 10315_6#13,Susceptible
573.13391,Klebsiella pneumoniae KPN144ec,Susceptible
573.14368,Klebsiella pneumoniae KPN748ec,Resistant
573.13198,Klebsiella pneumoniae KPN1207ec,Susceptible
573.67041,Klebsiella pneumoniae KP_NORM_BLD_61879,Susceptible
573.66654,Klebsiella pneumoniae KP_NORM_BLD_114603,Susceptible
573.23212,Klebsiella pneumoniae strain KP_135,Susceptible
573.66180,Klebsiella pneumoniae KP_NORM_BLD_2014_103381,Susceptible
573.13192,Klebsiella pneumoniae KPN1200ec,Susceptible
573.23233,Klebsiella pneumoniae strain KP_008,Susceptible
573.14141,Klebsiella pneumoniae KPN421ec,Susceptible
573.31071,Klebsiella pneumoniae strain WU10,Susceptible
573.13651,Klebsiella pneumoniae KPN1755ec,Resistant
573.66597,Klebsiella pneumoniae KP_NORM_BLD_112162,Susceptible
573.14412,Klebsiella pneumoniae KPN810ec,Susceptible
573.66721,Klebsiella pneumoniae KP_NORM_BLD_116439,Susceptible
573.34234,Klebsiella pneumoniae strain INF357-sc-2280189,Susceptible
573.66205,Klebsiella pneumoniae KP_NORM_URN_2015_109629,Susceptible
573.13748,Klebsiella pneumoniae KPN1884ec,Susceptible
573.13005,Klebsiella pneumoniae 24,Susceptible
573.12865,Klebsiella pneumoniae 34,Susceptible
573.13490,Klebsiella pneumoniae KPN1561ec,Resistant
573.66478,Klebsiella pneumoniae 27261_8#70,Resistant
573.13076,Klebsiella pneumoniae KPN1058ec,Susceptible
573.26182,Klebsiella pneumoniae strain 5012STDY7312619,Susceptible
573.66171,Klebsiella pneumoniae ERR2130428,Resistant
573.14234,Klebsiella pneumoniae KPN557ec,Resistant
573.29915,Klebsiella pneumoniae strain Kpngiani7132593,Resistant
573.66977,Klebsiella pneumoniae KP_NORM_BLD_3085,Susceptible
573.29984,Klebsiella pneumoniae strain Kpngiani7132524,Resistant
573.14218,Klebsiella pneumoniae KPN534ec,Susceptible
573.14122,Klebsiella pneumoniae KPN401ec,Susceptible
573.66754,Klebsiella pneumoniae KP_NORM_BLD_12932,Susceptible
573.14546,Klebsiella pneumoniae KPN990ec,Susceptible
573.13173,Klebsiella pneumoniae KPN1181ec,Susceptible
573.24449,Klebsiella pneumoniae strain MUGSI_91,Resistant
573.66194,Klebsiella pneumoniae KP_NORM_URN_2015_109356,Susceptible
573.33407,Klebsiella pneumoniae strain PMK23,Susceptible
573.13649,Klebsiella pneumoniae KPN1753ec,Susceptible
573.29921,Klebsiella pneumoniae strain Kpngiani7132633,Resistant
573.13431,Klebsiella pneumoniae KPN1494ec,Resistant
573.13033,Klebsiella pneumoniae KPN1002ec,Susceptible
573.66735,Klebsiella pneumoniae KP_NORM_BLD_116604,Susceptible
573.13765,Klebsiella pneumoniae KPN1906ec,Susceptible
573.66272,Klebsiella pneumoniae 26968_6#187,Resistant
573.14208,Klebsiella pneumoniae KPN522ec,Susceptible
573.29990,Klebsiella pneumoniae strain Kpngiani7132517,Resistant
573.66261,Klebsiella pneumoniae 26968_6#98,Resistant
573.29926,Klebsiella pneumoniae strain Kpngiani7132626,Resistant
573.24388,Klebsiella pneumoniae strain MUGSI_293,Susceptible
573.14273,Klebsiella pneumoniae KPN604ec,Susceptible
573.14069,Klebsiella pneumoniae KPN338ec,Susceptible
573.13847,Klebsiella pneumoniae KPN2017ec,Resistant
573.66962,Klebsiella pneumoniae KP_NORM_BLD_2496,Susceptible
573.29864,Klebsiella pneumoniae strain Kpngiani7132571,Resistant
573.13026,Klebsiella pneumoniae 43,Susceptible
573.13783,Klebsiella pneumoniae KPN1931ec,Resistant
573.5663,Klebsiella pneumoniae strain PB533,Susceptible
573.14274,Klebsiella pneumoniae KPN605ec,Susceptible
573.66290,Klebsiella pneumoniae 26975_4#155,Susceptible
573.13229,Klebsiella pneumoniae KPN1249ec,Susceptible
573.66466,Klebsiella pneumoniae 27261_8#37,Resistant
573.13258,Klebsiella pneumoniae KPN1279ec,Susceptible
573.66931,Klebsiella pneumoniae KP_NORM_BLD_2015_113765,Susceptible
573.66277,Klebsiella pneumoniae 26975_4#28,Resistant
573.66668,Klebsiella pneumoniae KP_NORM_BLD_115378,Susceptible
573.5716,Klebsiella pneumoniae strain W2-13-ERG4,Susceptible
573.66915,Klebsiella pneumoniae KP_NORM_BLD_2013_92320,Susceptible
573.13103,Klebsiella pneumoniae KPN1097ec,Susceptible
573.26084,Klebsiella pneumoniae strain 5012STDY7312575,Susceptible
573.12984,Klebsiella pneumoniae 63,Susceptible
573.14278,Klebsiella pneumoniae KPN611ec,Susceptible
573.13804,Klebsiella pneumoniae KPN1958ec,Resistant
573.13588,Klebsiella pneumoniae KPN1685ec,Susceptible
573.67180,Klebsiella pneumoniae KP_NORM_URN_2015_114831,Susceptible
573.13019,Klebsiella pneumoniae 3313,Resistant
573.66979,Klebsiella pneumoniae KP_NORM_BLD_3090,Susceptible
573.66994,Klebsiella pneumoniae KP_NORM_BLD_60442,Susceptible
573.13595,Klebsiella pneumoniae KPN1692ec,Resistant
573.66872,Klebsiella pneumoniae KP_NORM_BLD_2010_71723,Susceptible
573.66255,Klebsiella pneumoniae 26968_6#39,Resistant
573.46097,Klebsiella pneumoniae KSB1_3D,Susceptible
573.5770,Klebsiella pneumoniae strain 8_GR_13,Resistant
573.14201,Klebsiella pneumoniae KPN512ec,Susceptible
573.13955,Klebsiella pneumoniae KPN2166ec,Resistant
573.29961,Klebsiella pneumoniae strain Kpngiani7132504,Resistant
573.66241,Klebsiella pneumoniae 26968_5#176,Susceptible
573.13833,Klebsiella pneumoniae KPN2003ec,Susceptible
573.18472,Klebsiella pneumoniae strain 203,Susceptible
573.13691,Klebsiella pneumoniae KPN1826ec,Resistant
573.26091,Klebsiella pneumoniae strain 5012STDY7312699,Susceptible
573.66382,Klebsiella pneumoniae 26994_7#171,Resistant
573.13281,Klebsiella pneumoniae KPN131ec,Susceptible
573.13511,Klebsiella pneumoniae KPN1586ec,Susceptible
573.13167,Klebsiella pneumoniae KPN1172ec,Resistant
573.24274,Klebsiella pneumoniae strain 28,Resistant
573.14065,Klebsiella pneumoniae KPN333ec,Susceptible
573.5797,Klebsiella pneumoniae strain PB173,Susceptible
573.67275,Klebsiella pneumoniae ERR7221274,Resistant
573.66403,Klebsiella pneumoniae 26994_8#138,Resistant
573.13901,Klebsiella pneumoniae KPN2079ec,Susceptible
573.12895,Klebsiella pneumoniae 3209,Susceptible
573.13835,Klebsiella pneumoniae KPN2005ec,Susceptible
573.26297,Klebsiella pneumoniae strain 5012STDY7626417,Susceptible
573.66739,Klebsiella pneumoniae KP_NORM_BLD_117503,Susceptible
573.22568,Klebsiella pneumoniae strain SU9,Susceptible
573.13474,Klebsiella pneumoniae KPN1545ec,Susceptible
573.13017,Klebsiella pneumoniae 3242,Susceptible
573.29902,Klebsiella pneumoniae strain Kpngiani7132607,Resistant
573.12941,Klebsiella pneumoniae 29,Susceptible
573.13991,Klebsiella pneumoniae KPN250ec,Resistant
573.29881,Klebsiella pneumoniae strain Kpngiani7132584,Resistant
573.14399,Klebsiella pneumoniae KPN790ec,Resistant
573.5769,Klebsiella pneumoniae strain 17_GR_14,Resistant
573.29976,Klebsiella pneumoniae strain Kpngiani7132515,Resistant
573.31070,Klebsiella pneumoniae strain PH9,Susceptible
573.66213,Klebsiella pneumoniae 26968_5#2,Susceptible
573.13335,Klebsiella pneumoniae KPN1385ec,Susceptible
573.13552,Klebsiella pneumoniae KPN1643ec,Resistant
573.66550,Klebsiella pneumoniae 29105_1#161,Susceptible
573.66616,Klebsiella pneumoniae KP_NORM_BLD_113311,Susceptible
573.12985,Klebsiella pneumoniae 3396,Susceptible
573.14290,Klebsiella pneumoniae KPN623ec,Resistant
573.66681,Klebsiella pneumoniae KP_NORM_BLD_115771,Susceptible
573.13732,Klebsiella pneumoniae KPN1869ec,Susceptible
573.67117,Klebsiella pneumoniae KP_NORM_BLD_70,Susceptible
573.13315,Klebsiella pneumoniae KPN1356ec,Susceptible
573.66648,Klebsiella pneumoniae KP_NORM_BLD_114460,Susceptible
573.15441,Klebsiella pneumoniae strain 10315_6#20,Resistant
573.13139,Klebsiella pneumoniae KPN1139ec,Resistant
573.67167,Klebsiella pneumoniae KP_NORM_URN_2015_109056,Susceptible
573.29877,Klebsiella pneumoniae strain Kpngiani7132561,Resistant
573.34261,Klebsiella pneumoniae strain INF313-sc-2280106,Susceptible
573.13051,Klebsiella pneumoniae KPN1026ec,Susceptible
573.67194,Klebsiella pneumoniae ERR7221167,Susceptible
573.14027,Klebsiella pneumoniae KPN290ec,Susceptible
573.46838,Klebsiella pneumoniae KP-13LU,Resistant
573.15555,Klebsiella pneumoniae strain KSB1_10E,Susceptible
573.66454,Klebsiella pneumoniae 27261_7#59,Resistant
573.66540,Klebsiella pneumoniae 27322_4#178,Resistant
573.12998,Klebsiella pneumoniae 80,Susceptible
573.23211,Klebsiella pneumoniae strain KP_160,Resistant
573.13109,Klebsiella pneumoniae KPN1105ec,Resistant
573.15566,Klebsiella pneumoniae strain KSB1_4H,Susceptible
573.66626,Klebsiella pneumoniae KP_NORM_BLD_113905,Susceptible
573.14160,Klebsiella pneumoniae KPN443ec,Susceptible
573.13876,Klebsiella pneumoniae KPN2050ec,Susceptible
573.66775,Klebsiella pneumoniae KP_NORM_BLD_13374,Susceptible
573.13092,Klebsiella pneumoniae KPN1080ec,Susceptible
573.67154,Klebsiella pneumoniae KP_NORM_URN_2014_97411,Susceptible
573.66628,Klebsiella pneumoniae KP_NORM_BLD_113968,Susceptible
573.66564,Klebsiella pneumoniae 29339_1#51,Resistant
573.66643,Klebsiella pneumoniae KP_NORM_BLD_114330,Susceptible
573.13018,Klebsiella pneumoniae 3319,Susceptible
573.67053,Klebsiella pneumoniae KP_NORM_BLD_62189,Susceptible
573.15440,Klebsiella pneumoniae strain 10315_6#2,Resistant
573.26085,Klebsiella pneumoniae strain 5012STDY7312717,Susceptible
573.13584,Klebsiella pneumoniae KPN167ec,Susceptible
573.22557,Klebsiella pneumoniae strain SU13,Susceptible
573.67282,Klebsiella pneumoniae ERR7221282,Susceptible
573.66558,Klebsiella pneumoniae 29109_2#172,Resistant
573.13477,Klebsiella pneumoniae KPN1548ec,Resistant
573.66811,Klebsiella pneumoniae KP_NORM_BLD_13978,Susceptible
573.67129,Klebsiella pneumoniae KP_NORM_URN_2012_80587,Susceptible
573.46839,Klebsiella pneumoniae KP-14442FI,Resistant
573.5820,Klebsiella pneumoniae strain W2-5-ERG8,Susceptible
573.13810,Klebsiella pneumoniae KPN1974ec,Susceptible
573.26124,Klebsiella pneumoniae strain 5012STDY7312737,Susceptible
573.66446,Klebsiella pneumoniae 27261_7#97,Resistant
573.14333,Klebsiella pneumoniae KPN705ec,Susceptible
573.14519,Klebsiella pneumoniae KPN951ec,Susceptible
573.66716,Klebsiella pneumoniae KP_NORM_BLD_116392,Susceptible
573.13043,Klebsiella pneumoniae KPN1017ec,Susceptible
573.66152,Klebsiella pneumoniae ERR2109180,Susceptible
573.14277,Klebsiella pneumoniae KPN610ec,Susceptible
573.15473,Klebsiella pneumoniae strain 10315_6#65,Susceptible
573.13717,Klebsiella pneumoniae KPN1854ec,Susceptible
573.5764,Klebsiella pneumoniae strain 13_GR_14,Resistant
573.66296,Klebsiella pneumoniae 26975_5#31,Resistant
573.13763,Klebsiella pneumoniae KPN1904ec,Susceptible
573.67274,Klebsiella pneumoniae ERR7221270,Susceptible
573.66930,Klebsiella pneumoniae KP_NORM_BLD_2015_113891,Susceptible
573.13183,Klebsiella pneumoniae KPN1191ec,Resistant
573.13840,Klebsiella pneumoniae KPN200ec,Susceptible
573.67253,Klebsiella pneumoniae ERR7221239,Resistant
573.14194,Klebsiella pneumoniae KPN503ec,Susceptible
573.15546,Klebsiella pneumoniae strain KSB1_8C,Susceptible
573.29901,Klebsiella pneumoniae strain Kpngiani7132605,Resistant
573.66772,Klebsiella pneumoniae KP_NORM_BLD_13375,Susceptible
573.29994,Klebsiella pneumoniae strain Kpngiani7132551,Resistant
573.67089,Klebsiella pneumoniae KP_NORM_BLD_62914,Susceptible
573.12963,Klebsiella pneumoniae 31,Susceptible
573.31068,Klebsiella pneumoniae strain PH38-1,Susceptible
573.66781,Klebsiella pneumoniae KP_NORM_BLD_13381,Susceptible
573.23203,Klebsiella pneumoniae strain KP_017,Susceptible
573.13828,Klebsiella pneumoniae KPN1997ec,Susceptible
573.66678,Klebsiella pneumoniae KP_NORM_BLD_115734,Susceptible
573.66481,Klebsiella pneumoniae 27261_8#85,Susceptible
573.15576,Klebsiella pneumoniae strain KSB2_3B,Susceptible
573.13830,Klebsiella pneumoniae KPN1999ec,Susceptible
573.66675,Klebsiella pneumoniae KP_NORM_BLD_115390,Susceptible
573.15586,Klebsiella pneumoniae strain KSB2_9C,Susceptible
573.12950,Klebsiella pneumoniae 75,Susceptible
573.66201,Klebsiella pneumoniae KP_NORM_URN_2015_109627,Susceptible
573.14490,Klebsiella pneumoniae KPN916ec,Susceptible
573.5709,Klebsiella pneumoniae strain W2-9-ERG1,Susceptible
573.14288,Klebsiella pneumoniae KPN621ec,Susceptible
573.14316,Klebsiella pneumoniae KPN685ec,Resistant
573.67283,Klebsiella pneumoniae ERR7221283,Susceptible
573.66204,Klebsiella pneumoniae KP_NORM_URN_2013_96219,Susceptible
573.67004,Klebsiella pneumoniae KP_NORM_BLD_60817,Susceptible
573.66332,Klebsiella pneumoniae 26994_6#104,Resistant
573.12948,Klebsiella pneumoniae 3291,Resistant
573.13028,Klebsiella pneumoniae 3254,Susceptible
573.13633,Klebsiella pneumoniae KPN1730ec,Susceptible
573.24287,Klebsiella pneumoniae strain 349,Susceptible
573.13685,Klebsiella pneumoniae KPN1817ec,Resistant
573.13576,Klebsiella pneumoniae KPN166ec,Susceptible
573.13408,Klebsiella pneumoniae KPN1470ec,Susceptible
573.13285,Klebsiella pneumoniae KPN1325ec,Susceptible
573.13517,Klebsiella pneumoniae KPN1593ec,Susceptible
573.13317,Klebsiella pneumoniae KPN1358ec,Susceptible
573.13913,Klebsiella pneumoniae KPN2090ec,Resistant
573.66939,Klebsiella pneumoniae KP_NORM_BLD_2015_114050,Susceptible
573.26257,Klebsiella pneumoniae strain 5012STDY7626382,Susceptible
573.12772,Klebsiella pneumoniae strain AR_0113,Resistant
573.24271,Klebsiella pneumoniae strain 26,Resistant
573.66883,Klebsiella pneumoniae KP_NORM_BLD_2011_74363,Susceptible
573.66422,Klebsiella pneumoniae 27097_7#3,Resistant
573.13314,Klebsiella pneumoniae KPN1355ec,Susceptible
573.24370,Klebsiella pneumoniae strain MUGSI_181,Resistant
573.14035,Klebsiella pneumoniae KPN300ec,Susceptible
573.13298,Klebsiella pneumoniae KPN1337ec,Susceptible
573.29939,Klebsiella pneumoniae strain Kpngiani7132635,Resistant
573.13321,Klebsiella pneumoniae KPN1363ec,Susceptible
573.15608,Klebsiella pneumoniae strain INF311,Susceptible
573.14415,Klebsiella pneumoniae KPN814ec,Susceptible
573.66672,Klebsiella pneumoniae KP_NORM_BLD_115382,Susceptible
573.13455,Klebsiella pneumoniae KPN1522ec,Resistant
573.13378,Klebsiella pneumoniae KPN1437ec,Resistant
573.14329,Klebsiella pneumoniae KPN701ec,Resistant
573.13736,Klebsiella pneumoniae KPN1872ec,Susceptible
573.66211,Klebsiella pneumoniae KP_NORM_URN_2013_95579,Susceptible
573.13658,Klebsiella pneumoniae KPN1763ec,Resistant
573.66169,Klebsiella pneumoniae ERR2118040,Resistant
573.66372,Klebsiella pneumoniae 26994_7#121,Resistant
573.14110,Klebsiella pneumoniae KPN387ec,Susceptible
573.66212,Klebsiella pneumoniae 26968_5#1,Resistant
573.29924,Klebsiella pneumoniae strain Kpngiani7132614,Resistant
573.24448,Klebsiella pneumoniae strain MUGSI_89,Resistant
573.9722,Klebsiella pneumoniae strain AR_0068,Resistant
573.15458,Klebsiella pneumoniae strain 10315_6#49,Susceptible
573.14084,Klebsiella pneumoniae KPN360ec,Resistant
573.26243,Klebsiella pneumoniae strain 5012STDY7626530,Susceptible
573.66306,Klebsiella pneumoniae 26975_5#62,Resistant
573.14104,Klebsiella pneumoniae KPN381ec,Susceptible
573.46116,Klebsiella pneumoniae INF269,Susceptible
573.15569,Klebsiella pneumoniae strain KSB1_3J,Susceptible
573.66358,Klebsiella pneumoniae 26994_7#73,Resistant
573.66963,Klebsiella pneumoniae KP_NORM_BLD_2499,Susceptible
573.13273,Klebsiella pneumoniae KPN1309ec,Resistant
573.26078,Klebsiella pneumoniae strain 5012STDY7312715,Susceptible
573.66301,Klebsiella pneumoniae 26975_5#105,Resistant
573.14538,Klebsiella pneumoniae KPN980ec,Susceptible
573.14425,Klebsiella pneumoniae KPN826ec,Susceptible
573.66927,Klebsiella pneumoniae KP_NORM_BLD_2014_101840,Susceptible
573.5681,Klebsiella pneumoniae strain PB5,Susceptible
573.13771,Klebsiella pneumoniae KPN1917ec,Resistant
573.14094,Klebsiella pneumoniae KPN371ec,Susceptible
573.67186,Klebsiella pneumoniae ERR7221153,Resistant
573.66822,Klebsiella pneumoniae KP_NORM_BLD_14172,Susceptible
573.14356,Klebsiella pneumoniae KPN733ec,Susceptible
573.14134,Klebsiella pneumoniae KPN414ec,Susceptible
573.24382,Klebsiella pneumoniae strain MUGSI_23,Resistant
573.26293,Klebsiella pneumoniae strain 5012STDY7626410,Susceptible
573.13714,Klebsiella pneumoniae KPN1851ec,Susceptible
573.14150,Klebsiella pneumoniae KPN431ec,Susceptible
573.66819,Klebsiella pneumoniae KP_NORM_BLD_14168,Susceptible
573.67037,Klebsiella pneumoniae KP_NORM_BLD_61482,Susceptible
573.22562,Klebsiella pneumoniae strain SU3,Susceptible
573.13001,Klebsiella pneumoniae 3290,Susceptible
573.66810,Klebsiella pneumoniae KP_NORM_BLD_13976,Susceptible
573.13883,Klebsiella pneumoniae KPN2060ec,Susceptible
573.14489,Klebsiella pneumoniae KPN915ec,Susceptible
573.13211,Klebsiella pneumoniae KPN1221ec,Resistant
573.13039,Klebsiella pneumoniae KPN1012ec,Resistant
573.46085,Klebsiella pneumoniae INF356,Susceptible
573.33392,Klebsiella pneumoniae strain PMK1,Resistant
573.5692,Klebsiella pneumoniae strain PB21,Susceptible
573.26300,Klebsiella pneumoniae strain 5012STDY7626419,Susceptible
573.14311,Klebsiella pneumoniae KPN680ec,Resistant
573.14354,Klebsiella pneumoniae KPN728ec,Resistant
573.26191,Klebsiella pneumoniae strain 5012STDY7312626,Susceptible
573.13871,Klebsiella pneumoniae KPN2045ec,Susceptible
573.13567,Klebsiella pneumoniae KPN1660ec,Susceptible
573.66216,Klebsiella pneumoniae 26968_5#13,Resistant
573.13814,Klebsiella pneumoniae KPN1980ec,Susceptible
573.66104,Klebsiella pneumoniae ERR1811835,Susceptible
573.13800,Klebsiella pneumoniae KPN1952ec,Susceptible
573.66461,Klebsiella pneumoniae 27261_8#18,Resistant
573.29967,Klebsiella pneumoniae strain Kpngiani7132526,Resistant
573.14459,Klebsiella pneumoniae KPN877ec,Susceptible
573.24243,Klebsiella pneumoniae strain 10,Resistant
573.13862,Klebsiella pneumoniae KPN2036ec,Susceptible
573.66202,Klebsiella pneumoniae KP_NORM_BLD_2012_86987,Susceptible
573.18087,Klebsiella pneumoniae strain AR438,Resistant
573.13938,Klebsiella pneumoniae KPN2127ec,Resistant
573.13146,Klebsiella pneumoniae KPN1148ec,Susceptible
573.14191,Klebsiella pneumoniae KPN484ec,Susceptible
573.15449,Klebsiella pneumoniae strain 10315_6#31,Susceptible
573.29954,Klebsiella pneumoniae strain Kpngiani7132491,Resistant
573.67141,Klebsiella pneumoniae KP_NORM_URN_2013_95505,Susceptible
573.13045,Klebsiella pneumoniae KPN1019ec,Susceptible
573.15438,Klebsiella pneumoniae strain 10315_6#19,Resistant
573.26075,Klebsiella pneumoniae strain 5012STDY7312723,Susceptible
573.66592,Klebsiella pneumoniae KP_NORM_BLD_112124,Susceptible
573.13227,Klebsiella pneumoniae KPN1246ec,Susceptible
573.66380,Klebsiella pneumoniae 26994_8#5,Resistant
573.66859,Klebsiella pneumoniae KP_NORM_BLD_2009_61037,Susceptible
573.14263,Klebsiella pneumoniae KPN591ec,Resistant
573.66552,Klebsiella pneumoniae 29109_2#205,Resistant
573.66861,Klebsiella pneumoniae KP_NORM_BLD_2009_61903,Susceptible
573.29988,Klebsiella pneumoniae strain Kpngiani7132512,Resistant
573.13022,Klebsiella pneumoniae 40,Susceptible
573.24423,Klebsiella pneumoniae strain MUGSI_59,Resistant
573.14061,Klebsiella pneumoniae KPN329ec,Resistant
573.24415,Klebsiella pneumoniae strain MUGSI_49,Resistant
573.67241,Klebsiella pneumoniae ERR7221234,Resistant
573.66693,Klebsiella pneumoniae KP_NORM_BLD_116099,Susceptible
573.67166,Klebsiella pneumoniae KP_NORM_URN_2015_107836,Susceptible
573.46861,Klebsiella pneumoniae KP-37LI,Resistant
573.13006,Klebsiella pneumoniae 30,Susceptible
573.66814,Klebsiella pneumoniae KP_NORM_BLD_13982,Susceptible
573.14381,Klebsiella pneumoniae KPN765ec,Susceptible
573.5678,Klebsiella pneumoniae strain PB28,Susceptible
573.66569,Klebsiella pneumoniae KP_NORM_BLD_1032,Susceptible
573.14351,Klebsiella pneumoniae KPN725ec,Susceptible
573.15530,Klebsiella pneumoniae strain INF305,Resistant
573.67216,Klebsiella pneumoniae ERR7221194,Susceptible
573.12888,Klebsiella pneumoniae 3279,Susceptible
573.33393,Klebsiella pneumoniae strain PMK12,Susceptible
573.14155,Klebsiella pneumoniae KPN437ec,Susceptible
573.29997,Klebsiella pneumoniae strain Kpngiani7132541,Resistant
573.24368,Klebsiella pneumoniae strain MUGSI_173,Resistant
573.26319,Klebsiella pneumoniae strain 5012STDY7626439,Susceptible
573.14319,Klebsiella pneumoniae KPN688ec,Susceptible
573.13921,Klebsiella pneumoniae KPN2100ec,Susceptible
573.67140,Klebsiella pneumoniae KP_NORM_URN_2013_95533,Susceptible
573.12907,Klebsiella pneumoniae 89,Susceptible
573.66959,Klebsiella pneumoniae KP_NORM_BLD_2494,Susceptible
573.23216,Klebsiella pneumoniae strain KP_063,Resistant
573.29983,Klebsiella pneumoniae strain Kpngiani7132527,Resistant
573.66484,Klebsiella pneumoniae 27261_8#99,Resistant
573.66689,Klebsiella pneumoniae KP_NORM_BLD_115802,Susceptible
573.26289,Klebsiella pneumoniae strain 5012STDY7626411,Susceptible
573.66199,Klebsiella pneumoniae KP_NORM_BLD_2011_75140,Susceptible
573.24286,Klebsiella pneumoniae strain 336,Susceptible
573.13609,Klebsiella pneumoniae KPN1706ec,Susceptible
573.66268,Klebsiella pneumoniae 26968_6#180,Resistant
573.33419,Klebsiella pneumoniae strain PMK6,Susceptible
573.67306,Klebsiella pneumoniae ERR7221318,Resistant
573.14495,Klebsiella pneumoniae KPN923ec,Susceptible
573.67009,Klebsiella pneumoniae KP_NORM_BLD_60946,Susceptible
573.14107,Klebsiella pneumoniae KPN384ec,Susceptible
573.66318,Klebsiella pneumoniae 26994_6#57,Resistant
573.14452,Klebsiella pneumoniae KPN867ec,Resistant
573.24269,Klebsiella pneumoniae strain 25,Resistant
573.17914,Klebsiella pneumoniae strain AR_0363,Resistant
573.66130,Klebsiella pneumoniae ERR1830483,Resistant
573.23197,Klebsiella pneumoniae strain KP_280,Susceptible
573.26179,Klebsiella pneumoniae strain 5012STDY7312614,Susceptible
573.13482,Klebsiella pneumoniae KPN1552ec,Susceptible
573.14420,Klebsiella pneumoniae KPN821ec,Susceptible
573.67294,Klebsiella pneumoniae ERR7221297,Resistant
573.14481,Klebsiella pneumoniae KPN906ec,Susceptible
573.66742,Klebsiella pneumoniae KP_NORM_BLD_117530,Susceptible
573.14294,Klebsiella pneumoniae KPN632ec,Resistant
573.66980,Klebsiella pneumoniae KP_NORM_BLD_385,Susceptible
573.13445,Klebsiella pneumoniae KPN1512ec,Susceptible
573.15366,Klebsiella pneumoniae strain INF042,Susceptible
573.13990,Klebsiella pneumoniae KPN249ec,Resistant
573.14317,Klebsiella pneumoniae KPN686ec,Resistant
573.13152,Klebsiella pneumoniae KPN1154ec,Susceptible
573.24338,Klebsiella pneumoniae strain MUGSI_120,Resistant
573.66469,Klebsiella pneumoniae 27261_8#39,Resistant
573.31081,Klebsiella pneumoniae strain WU6,Susceptible
573.26224,Klebsiella pneumoniae strain 5012STDY7312690,Susceptible
573.66785,Klebsiella pneumoniae KP_NORM_BLD_13388,Susceptible
573.66653,Klebsiella pneumoniae KP_NORM_BLD_114491,Susceptible
573.13518,Klebsiella pneumoniae KPN1594ec,Resistant
573.67052,Klebsiella pneumoniae KP_NORM_BLD_62173,Susceptible
573.14225,Klebsiella pneumoniae KPN544ec,Resistant
573.13731,Klebsiella pneumoniae KPN1868ec,Resistant
573.13911,Klebsiella pneumoniae KPN2088ec,Resistant
573.13428,Klebsiella pneumoniae KPN1490ec,Susceptible
573.23207,Klebsiella pneumoniae strain KP_215,Resistant
573.13350,Klebsiella pneumoniae KPN1406ec,Resistant
573.26248,Klebsiella pneumoniae strain 5012STDY7626367,Susceptible
573.66196,Klebsiella pneumoniae KP_NORM_BLD_2009_61895,Susceptible
573.24365,Klebsiella pneumoniae strain MUGSI_161,Resistant
573.14440,Klebsiella pneumoniae KPN848ec,Susceptible
573.14040,Klebsiella pneumoniae KPN305ec,Resistant
573.13443,Klebsiella pneumoniae KPN1509ec,Susceptible
573.66749,Klebsiella pneumoniae KP_NORM_BLD_12880,Susceptible
573.5805,Klebsiella pneumoniae strain PB517,Susceptible
573.13744,Klebsiella pneumoniae KPN1880ec,Susceptible
573.15446,Klebsiella pneumoniae strain 10315_6#28,Susceptible
573.14081,Klebsiella pneumoniae KPN356ec,Resistant
573.66536,Klebsiella pneumoniae 27322_4#155,Resistant
573.17915,Klebsiella pneumoniae strain AR_0361,Resistant
573.12862,Klebsiella pneumoniae 3288,Susceptible
573.13279,Klebsiella pneumoniae KPN1316ec,Susceptible
573.13749,Klebsiella pneumoniae KPN1888ec,Susceptible
573.67341,Klebsiella pneumoniae ERR7221438,Susceptible
573.13594,Klebsiella pneumoniae KPN1691ec,Susceptible
573.66218,Klebsiella pneumoniae 26968_5#8,Resistant
573.5766,Klebsiella pneumoniae strain 1_GR_13,Resistant
573.66251,Klebsiella pneumoniae 26968_6#28,Resistant
573.13433,Klebsiella pneumoniae KPN1496ec,Resistant
573.13903,Klebsiella pneumoniae KPN2080ec,Susceptible
573.15617,Klebsiella pneumoniae strain KSB2_5C,Susceptible
573.14533,Klebsiella pneumoniae KPN973ec,Susceptible
573.17927,Klebsiella pneumoniae strain AR_0080,Resistant
573.20064,Klebsiella pneumoniae strain AR_0109,Resistant
573.46072,Klebsiella pneumoniae KSB2_2B,Resistant
573.66496,Klebsiella pneumoniae 27261_8#141,Resistant
573.13842,Klebsiella pneumoniae KPN2011ec,Resistant
573.14140,Klebsiella pneumoniae KPN420ec,Susceptible
573.14105,Klebsiella pneumoniae KPN382ec,Resistant
573.66462,Klebsiella pneumoniae 27261_8#29,Susceptible
573.13081,Klebsiella pneumoniae KPN1066ec,Susceptible
573.29953,Klebsiella pneumoniae strain Kpngiani7132500,Resistant
573.14175,Klebsiella pneumoniae KPN464ec,Susceptible
573.13805,Klebsiella pneumoniae KPN1960ec,Susceptible
573.66537,Klebsiella pneumoniae 27098_8#1,Resistant
573.13286,Klebsiella pneumoniae KPN1326ec,Susceptible
573.13812,Klebsiella pneumoniae KPN1976ec,Resistant
573.66337,Klebsiella pneumoniae 26994_6#122,Resistant
573.12879,Klebsiella pneumoniae 3289,Susceptible
573.22558,Klebsiella pneumoniae strain SU6,Susceptible
573.12935,Klebsiella pneumoniae 104,Susceptible
573.14269,Klebsiella pneumoniae KPN598ec,Resistant
573.66320,Klebsiella pneumoniae 26994_6#71,Resistant
573.66482,Klebsiella pneumoniae 27261_8#79,Resistant
573.66284,Klebsiella pneumoniae 26975_5#16,Susceptible
573.12924,Klebsiella pneumoniae 3230,Susceptible
573.15439,Klebsiella pneumoniae strain 10315_6#18,Resistant
573.5682,Klebsiella pneumoniae strain PB14,Susceptible
573.66661,Klebsiella pneumoniae KP_NORM_BLD_115327,Susceptible
573.13793,Klebsiella pneumoniae KPN1946ec,Resistant
573.26122,Klebsiella pneumoniae strain 5012STDY7312577,Susceptible
573.13481,Klebsiella pneumoniae KPN1551ec,Susceptible
573.66961,Klebsiella pneumoniae KP_NORM_BLD_2505,Susceptible
573.26172,Klebsiella pneumoniae strain 5012STDY7312611,Susceptible
573.66330,Klebsiella pneumoniae 26994_6#76,Resistant
573.26102,Klebsiella pneumoniae strain 5012STDY7312705,Susceptible
573.5816,Klebsiella pneumoniae strain W2-5-ERG5,Susceptible
573.14295,Klebsiella pneumoniae KPN635ec,Susceptible
573.14276,Klebsiella pneumoniae KPN609ec,Resistant
573.13652,Klebsiella pneumoniae KPN1756ec,Susceptible
573.66970,Klebsiella pneumoniae KP_NORM_BLD_3069,Susceptible
573.46869,Klebsiella pneumoniae KP-7PI,Resistant
573.66641,Klebsiella pneumoniae KP_NORM_BLD_114331,Susceptible
573.67332,Klebsiella pneumoniae ERR7221346,Resistant
573.13038,Klebsiella pneumoniae KPN1011ec,Susceptible
573.13556,Klebsiella pneumoniae KPN1648ec,Susceptible
573.67055,Klebsiella pneumoniae KP_NORM_BLD_62193,Susceptible
573.13126,Klebsiella pneumoniae KPN1124ec,Susceptible
573.66214,Klebsiella pneumoniae 26968_5#5,Resistant
573.12951,Klebsiella pneumoniae 97,Susceptible
573.13194,Klebsiella pneumoniae KPN1203ec,Susceptible
573.66752,Klebsiella pneumoniae KP_NORM_BLD_12877,Susceptible
573.66507,Klebsiella pneumoniae 27261_8#165,Resistant
573.26167,Klebsiella pneumoniae strain 5012STDY7312599,Susceptible
573.29889,Klebsiella pneumoniae strain Kpngiani7132573,Resistant
573.13446,Klebsiella pneumoniae KPN1513ec,Susceptible
573.14018,Klebsiella pneumoniae KPN280ec,Susceptible
573.26114,Klebsiella pneumoniae strain 5012STDY7312731,Susceptible
573.12955,Klebsiella pneumoniae 126,Susceptible
573.13180,Klebsiella pneumoniae KPN1188ec,Susceptible
573.13756,Klebsiella pneumoniae KPN1895ec,Susceptible
573.66159,Klebsiella pneumoniae ERR2118026,Resistant
573.29892,Klebsiella pneumoniae strain Kpngiani7132578,Resistant
573.14125,Klebsiella pneumoniae KPN404ec,Susceptible
573.66549,Klebsiella pneumoniae 29105_1#149,Resistant
573.13772,Klebsiella pneumoniae KPN1918ec,Susceptible
573.26163,Klebsiella pneumoniae strain 5012STDY7312602,Susceptible
573.26086,Klebsiella pneumoniae strain 5012STDY7312719,Susceptible
573.66987,Klebsiella pneumoniae KP_NORM_BLD_52,Susceptible
573.13203,Klebsiella pneumoniae KPN1213ec,Susceptible
573.13090,Klebsiella pneumoniae KPN1078ec,Susceptible
573.12859,Klebsiella pneumoniae 3248,Susceptible
573.14180,Klebsiella pneumoniae KPN470ec,Susceptible
573.31060,Klebsiella pneumoniae strain PH139,Susceptible
573.14012,Klebsiella pneumoniae KPN274ec,Susceptible
573.26322,Klebsiella pneumoniae strain 5012STDY7626442,Susceptible
573.66570,Klebsiella pneumoniae KP_NORM_BLD_1031,Susceptible
573.24420,Klebsiella pneumoniae strain MUGSI_54,Resistant
573.12864,Klebsiella pneumoniae 3376,Resistant
573.13509,Klebsiella pneumoniae KPN1584ec,Susceptible
573.1727,Klebsiella pneumoniae strain KpVA-9,Resistant
573.14352,Klebsiella pneumoniae KPN727ec,Resistant
573.67123,Klebsiella pneumoniae KP_NORM_BLD_776,Susceptible
573.13278,Klebsiella pneumoniae KPN1315ec,Resistant
573.13267,Klebsiella pneumoniae KPN129ec,Susceptible
573.23200,Klebsiella pneumoniae strain KP_116,Resistant
573.26140,Klebsiella pneumoniae strain 5012STDY7312579,Susceptible
573.13479,Klebsiella pneumoniae KPN154ec,Susceptible
573.14348,Klebsiella pneumoniae KPN722ec,Susceptible
573.13801,Klebsiella pneumoniae KPN1953ec,Susceptible
573.5691,Klebsiella pneumoniae strain PB484,Susceptible
573.14058,Klebsiella pneumoniae KPN324ec,Resistant
573.31069,Klebsiella pneumoniae strain PH28-1,Susceptible
573.14093,Klebsiella pneumoniae KPN370ec,Susceptible
573.31077,Klebsiella pneumoniae strain PH72,Susceptible
573.14456,Klebsiella pneumoniae KPN874ec,Resistant
573.13655,Klebsiella pneumoniae KPN1759ec,Resistant
573.67023,Klebsiella pneumoniae KP_NORM_BLD_61286,Susceptible
573.29971,Klebsiella pneumoniae strain Kpngiani7132494,Resistant
573.66711,Klebsiella pneumoniae KP_NORM_BLD_116371,Susceptible
573.31065,Klebsiella pneumoniae strain PH124,Susceptible
573.66300,Klebsiella pneumoniae 26975_5#33,Resistant
573.14514,Klebsiella pneumoniae KPN946ec,Susceptible
573.13611,Klebsiella pneumoniae KPN1708ec,Susceptible
573.13816,Klebsiella pneumoniae KPN1983ec,Resistant
573.66473,Klebsiella pneumoniae 27261_8#42,Resistant
573.14379,Klebsiella pneumoniae KPN762ec,Susceptible
573.66500,Klebsiella pneumoniae 27261_8#159,Resistant
573.1730,Klebsiella pneumoniae strain KpVA-12,Resistant
573.66101,Klebsiella pneumoniae ERR1811832,Susceptible
573.66831,Klebsiella pneumoniae KP_NORM_BLD_1673,Susceptible
573.13204,Klebsiella pneumoniae KPN1214ec,Susceptible
573.13574,Klebsiella pneumoniae KPN1668ec,Susceptible
573.13459,Klebsiella pneumoniae KPN1527ec,Susceptible
573.66324,Klebsiella pneumoniae 26994_6#78,Resistant
573.66835,Klebsiella pneumoniae KP_NORM_BLD_1689,Susceptible
573.24346,Klebsiella pneumoniae strain MUGSI_129,Resistant
573.26160,Klebsiella pneumoniae strain 5012STDY7312597,Susceptible
573.14143,Klebsiella pneumoniae KPN423ec,Susceptible
573.13585,Klebsiella pneumoniae KPN1680ec,Resistant
573.66397,Klebsiella pneumoniae 26994_8#116,Resistant
573.13909,Klebsiella pneumoniae KPN2086ec,Resistant
573.26277,Klebsiella pneumoniae strain 5012STDY7626400,Susceptible
573.14338,Klebsiella pneumoniae KPN712ec,Susceptible
573.22556,Klebsiella pneumoniae strain SU14,Susceptible
573.13412,Klebsiella pneumoniae KPN1474ec,Resistant
573.14059,Klebsiella pneumoniae KPN325ec,Susceptible
573.66617,Klebsiella pneumoniae KP_NORM_BLD_113867,Susceptible
573.66360,Klebsiella pneumoniae 26994_7#78,Resistant
573.66593,Klebsiella pneumoniae KP_NORM_BLD_112121,Susceptible
573.46836,Klebsiella pneumoniae KP-12PI,Resistant
573.13153,Klebsiella pneumoniae KPN1155ec,Resistant
573.66366,Klebsiella pneumoniae 26994_7#92,Resistant
573.13848,Klebsiella pneumoniae KPN2019ec,Susceptible
573.15627,Klebsiella pneumoniae strain KSB1_5G,Susceptible
573.12980,Klebsiella pneumoniae 101,Susceptible
573.13302,Klebsiella pneumoniae KPN1341ec,Susceptible
573.66738,Klebsiella pneumoniae KP_NORM_BLD_117483,Susceptible
573.13946,Klebsiella pneumoniae KPN2154ec,Susceptible
573.15480,Klebsiella pneumoniae strain 10315_6#71,Susceptible
573.13270,Klebsiella pneumoniae KPN1303ec,Susceptible
573.67095,Klebsiella pneumoniae KP_NORM_BLD_63321,Susceptible
573.13137,Klebsiella pneumoniae KPN1136ec,Susceptible
573.66634,Klebsiella pneumoniae KP_NORM_BLD_114294,Susceptible
573.13550,Klebsiella pneumoniae KPN163ec,Resistant
573.66513,Klebsiella pneumoniae 27322_4#63,Resistant
573.66370,Klebsiella pneumoniae 26994_7#119,Resistant
573.24277,Klebsiella pneumoniae strain 3,Resistant
573.12771,Klebsiella pneumoniae strain AR_0126,Resistant
573.67188,Klebsiella pneumoniae ERR7221159,Resistant
573.18086,Klebsiella pneumoniae strain AR376,Susceptible
573.13040,Klebsiella pneumoniae KPN1013ec,Susceptible
573.15553,Klebsiella pneumoniae strain KSB1_6E,Susceptible
573.14297,Klebsiella pneumoniae KPN639ec,Susceptible
573.24432,Klebsiella pneumoniae strain MUGSI_7,Resistant
573.13579,Klebsiella pneumoniae KPN1675ec,Susceptible
573.24373,Klebsiella pneumoniae strain MUGSI_190,Resistant
573.66830,Klebsiella pneumoniae KP_NORM_BLD_1678,Susceptible
573.13299,Klebsiella pneumoniae KPN1338ec,Susceptible
573.24285,Klebsiella pneumoniae strain 335,Susceptible
573.13037,Klebsiella pneumoniae KPN1010ec,Resistant
573.66989,Klebsiella pneumoniae KP_NORM_BLD_60421,Susceptible
573.66809,Klebsiella pneumoniae KP_NORM_BLD_13975,Susceptible
573.13133,Klebsiella pneumoniae KPN1132ec,Susceptible
573.7026,Klebsiella pneumoniae strain AR_0039,Resistant
573.13208,Klebsiella pneumoniae KPN1218ec,Resistant
573.13239,Klebsiella pneumoniae KPN1260ec,Susceptible
573.24257,Klebsiella pneumoniae strain 180,Susceptible
573.46120,Klebsiella pneumoniae KSB1_5A,Susceptible
573.34252,Klebsiella pneumoniae strain KSB1_8D-sc-2280250,Susceptible
573.13260,Klebsiella pneumoniae KPN1281ec,Susceptible
573.14284,Klebsiella pneumoniae KPN617ec,Resistant
573.46090,Klebsiella pneumoniae KSB1_3B,Susceptible
573.66309,Klebsiella pneumoniae 26975_5#141,Resistant
573.23222,Klebsiella pneumoniae strain KP_040,Resistant
573.26193,Klebsiella pneumoniae strain 5012STDY7312624,Susceptible
573.13600,Klebsiella pneumoniae KPN1697ec,Resistant
573.24451,Klebsiella pneumoniae strain MUGSI_94,Resistant
573.13982,Klebsiella pneumoniae KPN237ec,Susceptible
573.31066,Klebsiella pneumoniae strain PH102,Susceptible
573.13925,Klebsiella pneumoniae KPN2106ec,Susceptible
573.66263,Klebsiella pneumoniae 26968_6#116,Resistant
573.13606,Klebsiella pneumoniae KPN1703ec,Susceptible
573.67711,Klebsiella pneumoniae KP_NORM_BLD_13758,Susceptible
573.66948,Klebsiella pneumoniae KP_NORM_BLD_2255,Susceptible
573.7362,Klebsiella pneumoniae strain AR_0049,Resistant
573.13493,Klebsiella pneumoniae KPN1565ec,Susceptible
573.29987,Klebsiella pneumoniae strain Kpngiani7132521,Resistant
573.66730,Klebsiella pneumoniae KP_NORM_BLD_116578,Susceptible
573.13751,Klebsiella pneumoniae KPN188ec,Resistant
573.13498,Klebsiella pneumoniae KPN1570ec,Susceptible
573.66828,Klebsiella pneumoniae KP_NORM_BLD_14180,Susceptible
573.14302,Klebsiella pneumoniae KPN660ec,Susceptible
573.13690,Klebsiella pneumoniae KPN1824ec,Susceptible
573.14513,Klebsiella pneumoniae KPN945ec,Resistant
573.13700,Klebsiella pneumoniae KPN1836ec,Susceptible
573.13642,Klebsiella pneumoniae KPN1744ec,Susceptible
573.67289,Klebsiella pneumoniae ERR7221289,Resistant
573.14550,Klebsiella pneumoniae KPN999ec,Susceptible
573.13398,Klebsiella pneumoniae KPN1458ec,Resistant
573.66345,Klebsiella pneumoniae 26994_6#179,Resistant
573.13554,Klebsiella pneumoniae KPN1646ec,Susceptible
573.14177,Klebsiella pneumoniae KPN467ec,Susceptible
573.66282,Klebsiella pneumoniae 26975_5#18,Resistant
573.26077,Klebsiella pneumoniae strain 5012STDY7312718,Susceptible
573.13562,Klebsiella pneumoniae KPN1653ec,Susceptible
573.5794,Klebsiella pneumoniae strain PB450,Susceptible
573.15491,Klebsiella pneumoniae strain 10315_6#82,Susceptible
573.13774,Klebsiella pneumoniae KPN1920ec,Susceptible
573.67070,Klebsiella pneumoniae KP_NORM_BLD_62501,Susceptible
573.24381,Klebsiella pneumoniae strain MUGSI_227,Susceptible
573.15579,Klebsiella pneumoniae strain KSB2_7B,Susceptible
573.66771,Klebsiella pneumoniae KP_NORM_BLD_13135,Susceptible
573.13344,Klebsiella pneumoniae KPN1398ec,Susceptible
573.14438,Klebsiella pneumoniae KPN844ec,Resistant
573.5823,Klebsiella pneumoniae strain W2-13-ERG3,Susceptible
573.66321,Klebsiella pneumoniae 26994_6#67,Resistant
573.26311,Klebsiella pneumoniae strain 5012STDY7626430,Susceptible
573.13102,Klebsiella pneumoniae KPN1096ec,Susceptible
573.13846,Klebsiella pneumoniae KPN2016ec,Resistant
573.13461,Klebsiella pneumoniae KPN1530ec,Resistant
573.66355,Klebsiella pneumoniae 26994_7#23,Susceptible
573.26316,Klebsiella pneumoniae strain 5012STDY7626436,Susceptible
573.29949,Klebsiella pneumoniae strain Kpngiani7132507,Resistant
573.13309,Klebsiella pneumoniae KPN1349ec,Susceptible
573.66629,Klebsiella pneumoniae KP_NORM_BLD_114054,Susceptible
573.67042,Klebsiella pneumoniae KP_NORM_BLD_61892,Susceptible
573.15573,Klebsiella pneumoniae strain KSB2_6A,Susceptible
573.13599,Klebsiella pneumoniae KPN1696ec,Susceptible
573.66174,Klebsiella pneumoniae KP_NORM_BLD_2013_91760,Susceptible
573.13643,Klebsiella pneumoniae KPN1746ec,Susceptible
573.67030,Klebsiella pneumoniae KP_NORM_BLD_61439,Susceptible
573.30011,Klebsiella pneumoniae strain Kpngiani7132531,Resistant
573.13787,Klebsiella pneumoniae KPN1936ec,Susceptible
573.66607,Klebsiella pneumoniae KP_NORM_BLD_112914,Susceptible
573.14285,Klebsiella pneumoniae KPN618ec,Susceptible
573.26296,Klebsiella pneumoniae strain 5012STDY7626416,Susceptible
573.13296,Klebsiella pneumoniae KPN1335ec,Susceptible
573.13826,Klebsiella pneumoniae KPN1993ec,Susceptible
573.13110,Klebsiella pneumoniae KPN1106ec,Resistant
573.12989,Klebsiella pneumoniae 46,Susceptible
573.21114,Klebsiella pneumoniae strain EuSCAPE_TR117,Susceptible
573.20953,Klebsiella pneumoniae strain EuSCAPE_HR022,Susceptible
573.21863,Klebsiella pneumoniae strain EuSCAPE_IT385,Susceptible
573.20772,Klebsiella pneumoniae strain EuSCAPE_UK069,Resistant
573.65979,Klebsiella pneumoniae JBCDADA-19-0140,Susceptible
573.20960,Klebsiella pneumoniae strain EuSCAPE_RO107,Resistant
573.21311,Klebsiella pneumoniae strain EuSCAPE_EE012,Susceptible
573.21601,Klebsiella pneumoniae strain EuSCAPE_IT027,Susceptible
573.20958,Klebsiella pneumoniae strain EuSCAPE_HR024,Susceptible
573.21557,Klebsiella pneumoniae strain EuSCAPE_DE041,Susceptible
573.20491,Klebsiella pneumoniae strain EuSCAPE_ES141,Susceptible
573.20874,Klebsiella pneumoniae strain EuSCAPE_HR091,Susceptible
573.21209,Klebsiella pneumoniae strain EuSCAPE_AT015,Susceptible
573.21983,Klebsiella pneumoniae strain EuSCAPE_HU011,Susceptible
573.21233,Klebsiella pneumoniae strain EuSCAPE_IT095,Susceptible
573.21618,Klebsiella pneumoniae strain EuSCAPE_IT047,Susceptible
573.21672,Klebsiella pneumoniae strain EuSCAPE_IL062,Resistant
573.21049,Klebsiella pneumoniae strain EuSCAPE_BE049,Susceptible
573.20995,Klebsiella pneumoniae strain EuSCAPE_HR074,Resistant
573.65939,Klebsiella pneumoniae JBBDABE-19-0081,Susceptible
573.65965,Klebsiella pneumoniae JBBFABG-19-0109,Susceptible
573.67350,Klebsiella pneumoniae 86794,Susceptible
573.46411,Klebsiella pneumoniae CX58,Resistant
573.21505,Klebsiella pneumoniae strain EuSCAPE_MT006,Susceptible
573.21080,Klebsiella pneumoniae strain EuSCAPE_BE085,Susceptible
573.21253,Klebsiella pneumoniae strain EuSCAPE_TR204,Resistant
573.67681,Klebsiella pneumoniae JBCDABA-19-0111,Susceptible
573.21626,Klebsiella pneumoniae strain EuSCAPE_IT043,Susceptible
573.21755,Klebsiella pneumoniae strain EuSCAPE_IT224,Resistant
573.21508,Klebsiella pneumoniae strain EuSCAPE_MT015,Susceptible
573.22011,Klebsiella pneumoniae strain EuSCAPE_HU047,Susceptible
573.21668,Klebsiella pneumoniae strain EuSCAPE_IL059,Resistant
573.21700,Klebsiella pneumoniae strain EuSCAPE_ME007,Susceptible
573.20964,Klebsiella pneumoniae strain EuSCAPE_RO108,Susceptible
573.21001,Klebsiella pneumoniae strain EuSCAPE_HR080,Susceptible
573.21914,Klebsiella pneumoniae strain EuSCAPE_IT336,Resistant
573.65981,Klebsiella pneumoniae JBCDAFI-19-0005,Susceptible
573.21778,Klebsiella pneumoniae strain EuSCAPE_IT256,Resistant
573.21260,Klebsiella pneumoniae strain EuSCAPE_TR211,Susceptible
573.21326,Klebsiella pneumoniae strain EuSCAPE_PL013,Susceptible
573.21602,Klebsiella pneumoniae strain EuSCAPE_IT030,Resistant
573.21798,Klebsiella pneumoniae strain EuSCAPE_IT124,Resistant
573.20682,Klebsiella pneumoniae strain EuSCAPE_SI009,Susceptible
573.21957,Klebsiella pneumoniae strain EuSCAPE_ES067,Susceptible
573.21238,Klebsiella pneumoniae strain EuSCAPE_TR184,Resistant
573.20864,Klebsiella pneumoniae strain EuSCAPE_RO005,Resistant
573.20619,Klebsiella pneumoniae strain EuSCAPE_GR163,Susceptible
573.21257,Klebsiella pneumoniae strain EuSCAPE_TR210,Susceptible
573.67668,Klebsiella pneumoniae 128143,Susceptible
573.21131,Klebsiella pneumoniae strain EuSCAPE_TR160,Susceptible
573.21265,Klebsiella pneumoniae strain EuSCAPE_TR170,Susceptible
573.21585,Klebsiella pneumoniae strain EuSCAPE_DE088,Susceptible
573.21367,Klebsiella pneumoniae strain EuSCAPE_SK001,Susceptible
573.66044,Klebsiella pneumoniae JBDDABB-19-0006,Resistant
573.21738,Klebsiella pneumoniae strain EuSCAPE_IT102,Resistant
573.21483,Klebsiella pneumoniae strain EuSCAPE_EE007,Susceptible
573.22055,Klebsiella pneumoniae strain EuSCAPE_ES245,Susceptible
573.20498,Klebsiella pneumoniae strain EuSCAPE_ES150,Resistant
573.31623,Klebsiella pneumoniae strain KP-MO-3,Resistant
573.21097,Klebsiella pneumoniae strain EuSCAPE_RS118,Susceptible
573.20500,Klebsiella pneumoniae strain EuSCAPE_ES174,Susceptible
573.14777,Klebsiella pneumoniae strain 56,Resistant
573.21841,Klebsiella pneumoniae strain EuSCAPE_IT180,Resistant
573.65911,Klebsiella pneumoniae JBAJAAJ-19-0066,Susceptible
573.21388,Klebsiella pneumoniae strain EuSCAPE_SK025,Susceptible
573.20837,Klebsiella pneumoniae strain EuSCAPE_RO028,Resistant
573.21052,Klebsiella pneumoniae strain EuSCAPE_BE053,Resistant
573.21597,Klebsiella pneumoniae strain EuSCAPE_IT026,Resistant
573.20815,Klebsiella pneumoniae strain EuSCAPE_RO086,Susceptible
573.21904,Klebsiella pneumoniae strain EuSCAPE_IT324,Resistant
573.21943,Klebsiella pneumoniae strain EuSCAPE_HU005,Susceptible
573.22084,Klebsiella pneumoniae strain EuSCAPE_ES291,Resistant
573.14800,Klebsiella pneumoniae strain 23,Resistant
573.21614,Klebsiella pneumoniae strain EuSCAPE_IT044,Resistant
573.21150,Klebsiella pneumoniae strain EuSCAPE_TR018,Susceptible
573.20520,Klebsiella pneumoniae strain EuSCAPE_GR004,Susceptible
573.20621,Klebsiella pneumoniae strain EuSCAPE_GR165,Resistant
573.46334,Klebsiella pneumoniae CX21,Resistant
573.14804,Klebsiella pneumoniae strain 6,Resistant
573.66083,Klebsiella pneumoniae JBEBAAD-19-0010,Susceptible
573.46361,Klebsiella pneumoniae CX78,Resistant
573.31606,Klebsiella pneumoniae strain KP-MO-24,Resistant
573.21590,Klebsiella pneumoniae strain EuSCAPE_NO002,Resistant
573.21172,Klebsiella pneumoniae strain EuSCAPE_TR057,Resistant
573.46407,Klebsiella pneumoniae CX65,Resistant
573.65973,Klebsiella pneumoniae JBCDAAB-19-0116,Susceptible
573.21587,Klebsiella pneumoniae strain EuSCAPE_DE091,Susceptible
573.31620,Klebsiella pneumoniae strain KP-MO-6,Resistant
573.20781,Klebsiella pneumoniae strain EuSCAPE_RO045,Susceptible
573.21649,Klebsiella pneumoniae strain EuSCAPE_IT086,Resistant
573.67365,Klebsiella pneumoniae 125709,Susceptible
573.21985,Klebsiella pneumoniae strain EuSCAPE_HU013,Susceptible
573.21565,Klebsiella pneumoniae strain EuSCAPE_DE054,Susceptible
573.21992,Klebsiella pneumoniae strain EuSCAPE_BU021,Susceptible
573.66020,Klebsiella pneumoniae JBCIAAB-19-0126,Susceptible
573.65883,Klebsiella pneumoniae 1D-187,Susceptible
573.67351,Klebsiella pneumoniae 98131,Susceptible
573.21116,Klebsiella pneumoniae strain EuSCAPE_TR129,Susceptible
573.21847,Klebsiella pneumoniae strain EuSCAPE_IT190,Resistant
573.21346,Klebsiella pneumoniae strain EuSCAPE_FR005,Susceptible
573.20522,Klebsiella pneumoniae strain EuSCAPE_GR112,Susceptible
573.65953,Klebsiella pneumoniae JBBDAFH-19-0115,Susceptible
573.21366,Klebsiella pneumoniae strain EuSCAPE_AT014,Resistant
573.21615,Klebsiella pneumoniae strain EuSCAPE_IT046,Resistant
573.21090,Klebsiella pneumoniae strain EuSCAPE_RS108,Resistant
573.21470,Klebsiella pneumoniae strain EuSCAPE_FR017,Susceptible
573.21544,Klebsiella pneumoniae strain EuSCAPE_DE024,Resistant
573.46396,Klebsiella pneumoniae CX50,Resistant
573.20729,Klebsiella pneumoniae strain EuSCAPE_RS054,Resistant
573.21712,Klebsiella pneumoniae strain EuSCAPE_ME019,Susceptible
573.21197,Klebsiella pneumoniae strain EuSCAPE_TR290,Resistant
573.21608,Klebsiella pneumoniae strain EuSCAPE_IT036,Resistant
573.66032,Klebsiella pneumoniae JBCIACE-19-0041,Susceptible
573.20878,Klebsiella pneumoniae strain EuSCAPE_HR102,Susceptible
573.20973,Klebsiella pneumoniae strain EuSCAPE_HR042,Susceptible
573.20722,Klebsiella pneumoniae strain EuSCAPE_RS031,Resistant
573.21531,Klebsiella pneumoniae strain EuSCAPE_IL015,Susceptible
573.20716,Klebsiella pneumoniae strain EuSCAPE_HR028,Susceptible
573.20512,Klebsiella pneumoniae strain EuSCAPE_GR066,Susceptible
573.66004,Klebsiella pneumoniae JBCHACG-19-0308,Susceptible
573.20620,Klebsiella pneumoniae strain EuSCAPE_GR149,Resistant
573.20610,Klebsiella pneumoniae strain EuSCAPE_GR127,Resistant
573.21762,Klebsiella pneumoniae strain EuSCAPE_IT240,Resistant
573.21772,Klebsiella pneumoniae strain EuSCAPE_IT249,Susceptible
573.20677,Klebsiella pneumoniae strain EuSCAPE_SI002,Resistant
573.14788,Klebsiella pneumoniae strain 45,Resistant
573.20752,Klebsiella pneumoniae strain EuSCAPE_LU019,Resistant
573.20762,Klebsiella pneumoniae strain EuSCAPE_SC022,Susceptible
573.20684,Klebsiella pneumoniae strain EuSCAPE_SI020,Susceptible
573.66072,Klebsiella pneumoniae JBEAAEI-19-0002,Susceptible
573.21918,Klebsiella pneumoniae strain EuSCAPE_IT342,Susceptible
573.21160,Klebsiella pneumoniae strain EuSCAPE_TR038,Susceptible
573.66014,Klebsiella pneumoniae JBCHAEJ-19-0038,Resistant
573.20928,Klebsiella pneumoniae strain EuSCAPE_RS083,Susceptible
573.20771,Klebsiella pneumoniae strain EuSCAPE_UK067,Resistant
573.21493,Klebsiella pneumoniae strain EuSCAPE_MT001,Susceptible
573.66021,Klebsiella pneumoniae JBCIAAH-19-0233,Resistant
573.21715,Klebsiella pneumoniae strain EuSCAPE_IT005,Resistant
573.21179,Klebsiella pneumoniae strain EuSCAPE_TR065,Susceptible
573.67357,Klebsiella pneumoniae 111757,Susceptible
573.66073,Klebsiella pneumoniae JBEAAEI-19-0008,Susceptible
573.31610,Klebsiella pneumoniae strain KP-MO-15,Resistant
573.21023,Klebsiella pneumoniae strain EuSCAPE_IE042,Susceptible
573.20743,Klebsiella pneumoniae strain EuSCAPE_LU010,Susceptible
573.20895,Klebsiella pneumoniae strain EuSCAPE_RS032,Resistant
573.21348,Klebsiella pneumoniae strain EuSCAPE_FR002,Susceptible
573.21215,Klebsiella pneumoniae strain EuSCAPE_SK012,Susceptible
573.21038,Klebsiella pneumoniae strain EuSCAPE_BE017,Susceptible
573.21471,Klebsiella pneumoniae strain EuSCAPE_FR018,Susceptible
573.65993,Klebsiella pneumoniae JBCGAAG-19-0249,Resistant
573.21547,Klebsiella pneumoniae strain EuSCAPE_DE034,Susceptible
573.66003,Klebsiella pneumoniae JBCHAAB-19-0118,Resistant
573.20528,Klebsiella pneumoniae strain EuSCAPE_GR119,Susceptible
573.21282,Klebsiella pneumoniae strain EuSCAPE_TR241,Resistant
573.20770,Klebsiella pneumoniae strain EuSCAPE_UK063,Resistant
573.21405,Klebsiella pneumoniae strain EuSCAPE_SK046,Resistant
573.21031,Klebsiella pneumoniae strain EuSCAPE_BE008,Susceptible
573.20485,Klebsiella pneumoniae strain EuSCAPE_ES135,Susceptible
573.65917,Klebsiella pneumoniae JBBBACD-19-0009,Susceptible
573.21259,Klebsiella pneumoniae strain EuSCAPE_TR209,Resistant
573.65990,Klebsiella pneumoniae JBCGAAG-19-0196,Susceptible
573.15029,Klebsiella pneumoniae strain 24,Resistant
573.21437,Klebsiella pneumoniae strain EuSCAPE_AT029,Resistant
573.46327,Klebsiella pneumoniae CX95,Susceptible
573.27323,Klebsiella pneumoniae strain 18,Resistant
573.20731,Klebsiella pneumoniae strain EuSCAPE_RS061,Susceptible
573.20857,Klebsiella pneumoniae strain EuSCAPE_UK019,Susceptible
573.65932,Klebsiella pneumoniae JBBDAAI-19-0017,Susceptible
573.21303,Klebsiella pneumoniae strain EuSCAPE_AT020,Susceptible
573.22074,Klebsiella pneumoniae strain EuSCAPE_ES281,Susceptible
573.20790,Klebsiella pneumoniae strain EuSCAPE_RO057,Resistant
573.31622,Klebsiella pneumoniae strain KP-MO-5,Resistant
573.20724,Klebsiella pneumoniae strain EuSCAPE_RS035,Susceptible
573.21630,Klebsiella pneumoniae strain EuSCAPE_IT059,Susceptible
573.21477,Klebsiella pneumoniae strain EuSCAPE_FR045,Susceptible
573.20935,Klebsiella pneumoniae strain EuSCAPE_RS094,Susceptible
573.21183,Klebsiella pneumoniae strain EuSCAPE_TR075,Susceptible
573.20759,Klebsiella pneumoniae strain EuSCAPE_UK001,Susceptible
573.67685,Klebsiella pneumoniae JBCBAAD-19-0043,Susceptible
573.67366,Klebsiella pneumoniae 122215,Susceptible
573.14819,Klebsiella pneumoniae strain 64,Resistant
573.21536,Klebsiella pneumoniae strain EuSCAPE_DE017,Susceptible
573.21413,Klebsiella pneumoniae strain EuSCAPE_FR071,Susceptible
573.21101,Klebsiella pneumoniae strain EuSCAPE_BE104,Susceptible
573.21370,Klebsiella pneumoniae strain EuSCAPE_FR051,Susceptible
573.21684,Klebsiella pneumoniae strain EuSCAPE_IL078,Resistant
573.22031,Klebsiella pneumoniae strain EuSCAPE_ES204,Susceptible
573.21856,Klebsiella pneumoniae strain EuSCAPE_IT375,Susceptible
573.21213,Klebsiella pneumoniae strain EuSCAPE_FR049,Susceptible
573.21875,Klebsiella pneumoniae strain EuSCAPE_IT404,Resistant
573.26067,Klebsiella pneumoniae strain EuSCAPE_ES108,Susceptible
573.65882,Klebsiella pneumoniae 1D-190,Susceptible
573.21060,Klebsiella pneumoniae strain EuSCAPE_BE061,Resistant
573.21776,Klebsiella pneumoniae strain EuSCAPE_IT254,Resistant
573.20939,Klebsiella pneumoniae strain EuSCAPE_RO124,Susceptible
573.20726,Klebsiella pneumoniae strain EuSCAPE_RS038,Susceptible
573.21194,Klebsiella pneumoniae strain EuSCAPE_TR282,Susceptible
573.46373,Klebsiella pneumoniae CX26,Resistant
573.65947,Klebsiella pneumoniae JBBDAFG-19-0090,Susceptible
573.21432,Klebsiella pneumoniae strain EuSCAPE_AT013,Susceptible
573.20927,Klebsiella pneumoniae strain EuSCAPE_RS086,Resistant
573.21781,Klebsiella pneumoniae strain EuSCAPE_IT223,Susceptible
573.21812,Klebsiella pneumoniae strain EuSCAPE_IT140,Resistant
573.22026,Klebsiella pneumoniae strain EuSCAPE_ES202,Resistant
573.20691,Klebsiella pneumoniae strain EuSCAPE_UK086,Susceptible
573.20676,Klebsiella pneumoniae strain EuSCAPE_SI001,Susceptible
573.65875,Klebsiella pneumoniae ERR2931018,Susceptible
573.20886,Klebsiella pneumoniae strain EuSCAPE_RS012,Susceptible
573.21963,Klebsiella pneumoniae strain EuSCAPE_ES083,Susceptible
573.31604,Klebsiella pneumoniae strain KP-MO-25,Resistant
573.21434,Klebsiella pneumoniae strain EuSCAPE_AT026,Susceptible
573.20969,Klebsiella pneumoniae strain EuSCAPE_HR038,Susceptible
573.21873,Klebsiella pneumoniae strain EuSCAPE_IT399,Susceptible
573.21830,Klebsiella pneumoniae strain EuSCAPE_IT163,Susceptible
573.67694,Klebsiella pneumoniae JBEAAAI-19-0100,Susceptible
573.21295,Klebsiella pneumoniae strain EuSCAPE_TR276,Resistant
573.22095,Klebsiella pneumoniae strain EuSCAPE_MK006,Resistant
573.21909,Klebsiella pneumoniae strain EuSCAPE_IT330,Resistant
573.22610,Klebsiella pneumoniae strain EuSCAPE_BE027,Susceptible
573.20458,Klebsiella pneumoniae strain EuSCAPE_GR046,Susceptible
573.20991,Klebsiella pneumoniae strain EuSCAPE_HR071,Susceptible
573.20688,Klebsiella pneumoniae strain EuSCAPE_SI022,Susceptible
573.20519,Klebsiella pneumoniae strain EuSCAPE_GR107,Resistant
573.66001,Klebsiella pneumoniae JBCHAAB-19-0076,Resistant
573.46336,Klebsiella pneumoniae CX76,Resistant
573.27339,Klebsiella pneumoniae strain 12,Resistant
573.22050,Klebsiella pneumoniae strain EuSCAPE_ES273,Susceptible
573.20923,Klebsiella pneumoniae strain EuSCAPE_RS079,Susceptible
573.21033,Klebsiella pneumoniae strain EuSCAPE_BE010,Susceptible
573.21472,Klebsiella pneumoniae strain EuSCAPE_FR022,Susceptible
573.20751,Klebsiella pneumoniae strain EuSCAPE_LU015,Susceptible
573.67368,Klebsiella pneumoniae 129832,Susceptible
573.31599,Klebsiella pneumoniae strain KP-MO-31,Resistant
573.21006,Klebsiella pneumoniae strain EuSCAPE_HR088,Susceptible
573.20549,Klebsiella pneumoniae strain EuSCAPE_GR079,Susceptible
573.21759,Klebsiella pneumoniae strain EuSCAPE_IT225,Susceptible
573.21424,Klebsiella pneumoniae strain EuSCAPE_AT001,Susceptible
573.20501,Klebsiella pneumoniae strain EuSCAPE_ES172,Susceptible
573.21840,Klebsiella pneumoniae strain EuSCAPE_IT184,Resistant
573.21422,Klebsiella pneumoniae strain EuSCAPE_CZ025,Susceptible
573.21191,Klebsiella pneumoniae strain EuSCAPE_TR089,Resistant
573.21834,Klebsiella pneumoniae strain EuSCAPE_IT169,Susceptible
573.21693,Klebsiella pneumoniae strain EuSCAPE_ME004,Resistant
573.21796,Klebsiella pneumoniae strain EuSCAPE_IT118,Resistant
573.20839,Klebsiella pneumoniae strain EuSCAPE_RO027,Resistant
573.21928,Klebsiella pneumoniae strain EuSCAPE_IT358,Susceptible
573.20698,Klebsiella pneumoniae strain EuSCAPE_UK115,Susceptible
573.21616,Klebsiella pneumoniae strain EuSCAPE_IT045,Susceptible
573.21441,Klebsiella pneumoniae strain EuSCAPE_CZ001,Susceptible
573.20499,Klebsiella pneumoniae strain EuSCAPE_ES158,Susceptible
573.21770,Klebsiella pneumoniae strain EuSCAPE_IT245,Susceptible
573.21014,Klebsiella pneumoniae strain EuSCAPE_IE019,Resistant
573.46387,Klebsiella pneumoniae CX44,Resistant
573.21716,Klebsiella pneumoniae strain EuSCAPE_IT004,Susceptible
573.20727,Klebsiella pneumoniae strain EuSCAPE_RS045,Resistant
573.21818,Klebsiella pneumoniae strain EuSCAPE_IT143,Susceptible
573.20809,Klebsiella pneumoniae strain EuSCAPE_RO080,Resistant
573.21409,Klebsiella pneumoniae strain EuSCAPE_CZ012,Susceptible
573.21354,Klebsiella pneumoniae strain EuSCAPE_FR016,Susceptible
573.21289,Klebsiella pneumoniae strain EuSCAPE_TR175,Susceptible
573.67358,Klebsiella pneumoniae 101683,Resistant
573.21436,Klebsiella pneumoniae strain EuSCAPE_FR079,Susceptible
573.21725,Klebsiella pneumoniae strain EuSCAPE_IT015,Resistant
573.21453,Klebsiella pneumoniae strain EuSCAPE_PL024,Resistant
573.21741,Klebsiella pneumoniae strain EuSCAPE_IT199,Resistant
573.21325,Klebsiella pneumoniae strain EuSCAPE_PL028,Susceptible
573.21913,Klebsiella pneumoniae strain EuSCAPE_IT341,Resistant
573.65922,Klebsiella pneumoniae JBBCACA-19-0055,Susceptible
573.21603,Klebsiella pneumoniae strain EuSCAPE_IT032,Resistant
573.66060,Klebsiella pneumoniae JBDGAAD-19-0050,Susceptible
573.21666,Klebsiella pneumoniae strain EuSCAPE_IL055,Susceptible
573.65937,Klebsiella pneumoniae JBBDABA-19-0064,Resistant
573.21221,Klebsiella pneumoniae strain EuSCAPE_SK026,Susceptible
573.20983,Klebsiella pneumoniae strain EuSCAPE_HR061,Resistant
573.21960,Klebsiella pneumoniae strain EuSCAPE_ES079,Resistant
573.21420,Klebsiella pneumoniae strain EuSCAPE_CZ032,Susceptible
573.21300,Klebsiella pneumoniae strain EuSCAPE_AT022,Resistant
573.20811,Klebsiella pneumoniae strain EuSCAPE_RO082,Resistant
573.65987,Klebsiella pneumoniae JBCGAAG-19-0044,Susceptible
573.21792,Klebsiella pneumoniae strain EuSCAPE_IT121,Susceptible
573.21610,Klebsiella pneumoniae strain EuSCAPE_IT039,Susceptible
573.21867,Klebsiella pneumoniae strain EuSCAPE_IT394,Resistant
573.21756,Klebsiella pneumoniae strain EuSCAPE_IT104,Resistant
573.22018,Klebsiella pneumoniae strain EuSCAPE_ES039,Susceptible
573.21034,Klebsiella pneumoniae strain EuSCAPE_BE015,Susceptible
573.65905,Klebsiella pneumoniae JBAEABJ-19-0006,Susceptible
573.65974,Klebsiella pneumoniae JBCDAAB-19-0006,Resistant
573.21258,Klebsiella pneumoniae strain EuSCAPE_TR213,Susceptible
573.21249,Klebsiella pneumoniae strain EuSCAPE_TR200,Resistant
573.21382,Klebsiella pneumoniae strain EuSCAPE_SK016,Susceptible
573.22020,Klebsiella pneumoniae strain EuSCAPE_HU002,Susceptible
573.22044,Klebsiella pneumoniae strain EuSCAPE_ES223,Susceptible
573.20779,Klebsiella pneumoniae strain EuSCAPE_RO046,Resistant
573.20802,Klebsiella pneumoniae strain EuSCAPE_RO074,Susceptible
573.67364,Klebsiella pneumoniae 114768,Resistant
573.21369,Klebsiella pneumoniae strain EuSCAPE_SK002,Resistant
573.21416,Klebsiella pneumoniae strain EuSCAPE_CZ031,Susceptible
573.21376,Klebsiella pneumoniae strain EuSCAPE_SK011,Susceptible
573.20748,Klebsiella pneumoniae strain EuSCAPE_LU011,Susceptible
573.20542,Klebsiella pneumoniae strain EuSCAPE_RS001,Susceptible
573.46376,Klebsiella pneumoniae CX35,Resistant
573.21521,Klebsiella pneumoniae strain EuSCAPE_IL009,Resistant
573.21583,Klebsiella pneumoniae strain EuSCAPE_DE083,Susceptible
573.14789,Klebsiella pneumoniae strain 40,Resistant
573.21611,Klebsiella pneumoniae strain EuSCAPE_IL036,Susceptible
573.21924,Klebsiella pneumoniae strain EuSCAPE_IT347,Resistant
573.21582,Klebsiella pneumoniae strain EuSCAPE_DE086,Susceptible
573.20869,Klebsiella pneumoniae strain EuSCAPE_UK041,Resistant
573.20951,Klebsiella pneumoniae strain EuSCAPE_HR013,Susceptible
573.21499,Klebsiella pneumoniae strain EuSCAPE_NO017,Susceptible
573.20475,Klebsiella pneumoniae strain EuSCAPE_ES192,Susceptible
573.20836,Klebsiella pneumoniae strain EuSCAPE_RO026,Resistant
573.21135,Klebsiella pneumoniae strain EuSCAPE_BE105,Susceptible
573.21526,Klebsiella pneumoniae strain EuSCAPE_DE016,Resistant
573.20978,Klebsiella pneumoniae strain EuSCAPE_HR052,Susceptible
573.21634,Klebsiella pneumoniae strain EuSCAPE_IT065,Susceptible
573.20567,Klebsiella pneumoniae strain EuSCAPE_GR101,Resistant
573.22064,Klebsiella pneumoniae strain EuSCAPE_ES256,Susceptible
573.20675,Klebsiella pneumoniae strain EuSCAPE_IT253,Susceptible
573.21748,Klebsiella pneumoniae strain EuSCAPE_IT215,Susceptible
573.20740,Klebsiella pneumoniae strain EuSCAPE_LU004,Susceptible
573.22045,Klebsiella pneumoniae strain EuSCAPE_ES222,Susceptible
573.46366,Klebsiella pneumoniae CX34,Resistant
573.21015,Klebsiella pneumoniae strain EuSCAPE_IE018,Susceptible
573.20805,Klebsiella pneumoniae strain EuSCAPE_RO075,Susceptible
573.20926,Klebsiella pneumoniae strain EuSCAPE_RO122,Susceptible
573.66078,Klebsiella pneumoniae JBEAAFA-19-0446,Resistant
573.21664,Klebsiella pneumoniae strain EuSCAPE_IL054,Susceptible
573.21327,Klebsiella pneumoniae strain EuSCAPE_AT006,Resistant
573.20733,Klebsiella pneumoniae strain EuSCAPE_RS067,Susceptible
573.21157,Klebsiella pneumoniae strain EuSCAPE_TR037,Susceptible
573.22056,Klebsiella pneumoniae strain EuSCAPE_ES243,Susceptible
573.20690,Klebsiella pneumoniae strain EuSCAPE_UK075,Resistant
573.21406,Klebsiella pneumoniae strain EuSCAPE_CZ008,Resistant
573.21478,Klebsiella pneumoniae strain EuSCAPE_FR047,Susceptible
573.21498,Klebsiella pneumoniae strain EuSCAPE_DE011,Susceptible
573.66033,Klebsiella pneumoniae JBCIACE-19-0227,Susceptible
573.46372,Klebsiella pneumoniae CX36,Resistant
573.20714,Klebsiella pneumoniae strain EuSCAPE_HR021,Resistant
573.20760,Klebsiella pneumoniae strain EuSCAPE_UK048,Resistant
573.21631,Klebsiella pneumoniae strain EuSCAPE_IT064,Resistant
573.67345,Klebsiella pneumoniae 122635,Susceptible
573.21245,Klebsiella pneumoniae strain EuSCAPE_TR168,Susceptible
573.7220,Klebsiella pneumoniae strain KpN04,Resistant
573.21903,Klebsiella pneumoniae strain EuSCAPE_IT316,Resistant
573.21948,Klebsiella pneumoniae strain EuSCAPE_ES061,Resistant
573.21827,Klebsiella pneumoniae strain EuSCAPE_IT153,Susceptible
573.20820,Klebsiella pneumoniae strain EuSCAPE_RO089,Resistant
573.21905,Klebsiella pneumoniae strain EuSCAPE_IT326,Resistant
573.21640,Klebsiella pneumoniae strain EuSCAPE_IT071,Susceptible
573.66076,Klebsiella pneumoniae JBEAAFA-19-0279,Resistant
573.21359,Klebsiella pneumoniae strain EuSCAPE_FR041,Susceptible
573.21120,Klebsiella pneumoniae strain EuSCAPE_TR133,Susceptible
573.21465,Klebsiella pneumoniae strain EuSCAPE_FR001,Susceptible
573.21706,Klebsiella pneumoniae strain EuSCAPE_ME014,Susceptible
573.21763,Klebsiella pneumoniae strain EuSCAPE_IT239,Susceptible
573.20488,Klebsiella pneumoniae strain EuSCAPE_ES136,Susceptible
573.21560,Klebsiella pneumoniae strain EuSCAPE_DE043,Susceptible
573.65943,Klebsiella pneumoniae JBBDAFG-19-0179,Susceptible
573.21822,Klebsiella pneumoniae strain EuSCAPE_IT149,Susceptible
573.21093,Klebsiella pneumoniae strain EuSCAPE_RS109,Susceptible
573.65888,Klebsiella pneumoniae 1D-201,Susceptible
573.20769,Klebsiella pneumoniae strain EuSCAPE_UK062,Susceptible
573.20883,Klebsiella pneumoniae strain EuSCAPE_RS014,Susceptible
573.46399,Klebsiella pneumoniae CX63,Resistant
573.21803,Klebsiella pneumoniae strain EuSCAPE_IT092,Resistant
573.21884,Klebsiella pneumoniae strain EuSCAPE_IT288,Resistant
573.9636,Klebsiella pneumoniae strain 59,Resistant
573.20657,Klebsiella pneumoniae strain EuSCAPE_GR096,Susceptible
573.24032,Klebsiella pneumoniae strain 5,Resistant
573.21729,Klebsiella pneumoniae strain EuSCAPE_IT020,Resistant
573.21758,Klebsiella pneumoniae strain EuSCAPE_IT226,Resistant
573.22024,Klebsiella pneumoniae strain EuSCAPE_HU003,Susceptible
573.21469,Klebsiella pneumoniae strain EuSCAPE_FR006,Resistant
573.20992,Klebsiella pneumoniae strain EuSCAPE_HR069,Susceptible
573.21814,Klebsiella pneumoniae strain EuSCAPE_IT142,Resistant
573.21468,Klebsiella pneumoniae strain EuSCAPE_FR012,Susceptible
573.20502,Klebsiella pneumoniae strain EuSCAPE_GR038,Susceptible
573.21328,Klebsiella pneumoniae strain EuSCAPE_PL030,Susceptible
573.21455,Klebsiella pneumoniae strain EuSCAPE_PL023,Susceptible
573.20930,Klebsiella pneumoniae strain EuSCAPE_RS084,Susceptible
573.21964,Klebsiella pneumoniae strain EuSCAPE_ES084,Susceptible
573.31602,Klebsiella pneumoniae strain KP-MO-27,Resistant
573.46330,Klebsiella pneumoniae CX8,Resistant
573.14787,Klebsiella pneumoniae strain 42,Resistant
573.21575,Klebsiella pneumoniae strain EuSCAPE_DE074,Resistant
573.20856,Klebsiella pneumoniae strain EuSCAPE_UK023,Susceptible
573.21568,Klebsiella pneumoniae strain EuSCAPE_DE053,Susceptible
573.21837,Klebsiella pneumoniae strain EuSCAPE_IT172,Resistant
573.20867,Klebsiella pneumoniae strain EuSCAPE_RO115,Resistant
573.21202,Klebsiella pneumoniae strain EuSCAPE_TR302,Susceptible
573.21243,Klebsiella pneumoniae strain EuSCAPE_TR193,Susceptible
573.21124,Klebsiella pneumoniae strain EuSCAPE_TR139,Susceptible
573.20801,Klebsiella pneumoniae strain EuSCAPE_RO076,Resistant
573.20616,Klebsiella pneumoniae strain EuSCAPE_GR142,Susceptible
573.31608,Klebsiella pneumoniae strain KP-MO-23,Resistant
573.21912,Klebsiella pneumoniae strain EuSCAPE_IT335,Resistant
573.21592,Klebsiella pneumoniae strain EuSCAPE_IL024,Resistant
573.20841,Klebsiella pneumoniae strain EuSCAPE_RO032,Susceptible
573.20453,Klebsiella pneumoniae strain EuSCAPE_GR026,Resistant
573.22066,Klebsiella pneumoniae strain EuSCAPE_ES251,Resistant
573.20972,Klebsiella pneumoniae strain EuSCAPE_HR046,Susceptible
573.21133,Klebsiella pneumoniae strain EuSCAPE_TR161,Susceptible
573.21929,Klebsiella pneumoniae strain EuSCAPE_IT362,Susceptible
573.21779,Klebsiella pneumoniae strain EuSCAPE_IT252,Resistant
573.65894,Klebsiella pneumoniae 1D-205,Susceptible
573.21828,Klebsiella pneumoniae strain EuSCAPE_IT151,Susceptible
573.14775,Klebsiella pneumoniae strain 57,Resistant
573.21851,Klebsiella pneumoniae strain EuSCAPE_IT370,Resistant
573.20788,Klebsiella pneumoniae strain EuSCAPE_RO056,Susceptible
573.21277,Klebsiella pneumoniae strain EuSCAPE_TR252,Resistant
573.21012,Klebsiella pneumoniae strain EuSCAPE_BE033,Susceptible
573.65913,Klebsiella pneumoniae JBBAAAF-19-0038,Susceptible
573.65948,Klebsiella pneumoniae JBBDAFG-19-0135,Susceptible
573.21350,Klebsiella pneumoniae strain EuSCAPE_FR013,Susceptible
573.31607,Klebsiella pneumoniae strain KP-MO-21,Resistant
573.21598,Klebsiella pneumoniae strain EuSCAPE_IT023,Susceptible
573.21119,Klebsiella pneumoniae strain EuSCAPE_TR130,Susceptible
573.14805,Klebsiella pneumoniae strain 33,Resistant
573.66026,Klebsiella pneumoniae JBCIACA-19-0289,Susceptible
573.21605,Klebsiella pneumoniae strain EuSCAPE_IT033,Susceptible
573.46367,Klebsiella pneumoniae CX75,Resistant
573.21530,Klebsiella pneumoniae strain EuSCAPE_IL016,Susceptible
573.21704,Klebsiella pneumoniae strain EuSCAPE_ME010,Resistant
573.21104,Klebsiella pneumoniae strain EuSCAPE_TR099,Susceptible
573.20518,Klebsiella pneumoniae strain EuSCAPE_GR085,Resistant
573.66009,Klebsiella pneumoniae JBCHACG-19-0249,Susceptible
573.21877,Klebsiella pneumoniae strain EuSCAPE_LV002,Susceptible
573.66011,Klebsiella pneumoniae JBCHAEA-19-0153,Susceptible
573.20713,Klebsiella pneumoniae strain EuSCAPE_RO113,Resistant
573.14783,Klebsiella pneumoniae strain 49,Resistant
573.65997,Klebsiella pneumoniae JBCGACB-19-0114,Susceptible
573.20945,Klebsiella pneumoniae strain EuSCAPE_HR007,Susceptible
573.21599,Klebsiella pneumoniae strain EuSCAPE_IT028,Resistant
573.20495,Klebsiella pneumoniae strain EuSCAPE_ES133,Resistant
573.14781,Klebsiella pneumoniae strain 51,Resistant
573.65972,Klebsiella pneumoniae JBCCABB-19-0049,Resistant
573.67363,Klebsiella pneumoniae 119178,Susceptible
573.21368,Klebsiella pneumoniae strain EuSCAPE_FR052,Susceptible
573.21048,Klebsiella pneumoniae strain EuSCAPE_BE050,Resistant
573.20603,Klebsiella pneumoniae strain EuSCAPE_GR089,Resistant
573.21683,Klebsiella pneumoniae strain EuSCAPE_IL028,Susceptible
573.20947,Klebsiella pneumoniae strain EuSCAPE_HR010,Resistant
573.21062,Klebsiella pneumoniae strain EuSCAPE_BE070,Resistant
573.21134,Klebsiella pneumoniae strain EuSCAPE_TR159,Susceptible
573.20472,Klebsiella pneumoniae strain EuSCAPE_GR077,Susceptible
573.22034,Klebsiella pneumoniae strain EuSCAPE_ES271,Susceptible
573.67346,Klebsiella pneumoniae 122663,Susceptible
573.66074,Klebsiella pneumoniae JBEAAEI-19-0058,Susceptible
573.20985,Klebsiella pneumoniae strain EuSCAPE_HR063,Resistant
573.21580,Klebsiella pneumoniae strain EuSCAPE_DE081,Susceptible
573.21051,Klebsiella pneumoniae strain EuSCAPE_BE048,Susceptible
573.21203,Klebsiella pneumoniae strain EuSCAPE_TR304,Susceptible
573.21677,Klebsiella pneumoniae strain EuSCAPE_IL073,Resistant
573.21724,Klebsiella pneumoniae strain EuSCAPE_IT017,Resistant
573.21227,Klebsiella pneumoniae strain EuSCAPE_LT009,Susceptible
573.21723,Klebsiella pneumoniae strain EuSCAPE_IT013,Resistant
573.14784,Klebsiella pneumoniae strain 46,Resistant
573.21897,Klebsiella pneumoniae strain EuSCAPE_IT315,Susceptible
573.67354,Klebsiella pneumoniae 110036,Resistant
573.46415,Klebsiella pneumoniae CX69,Resistant
573.46357,Klebsiella pneumoniae CX81,Resistant
573.21312,Klebsiella pneumoniae strain EuSCAPE_EE014,Susceptible
573.20784,Klebsiella pneumoniae strain EuSCAPE_RO051,Resistant
573.20917,Klebsiella pneumoniae strain EuSCAPE_RS063,Susceptible
573.46380,Klebsiella pneumoniae CX103,Resistant
573.21087,Klebsiella pneumoniae strain EuSCAPE_RS107,Susceptible
573.20484,Klebsiella pneumoniae strain EuSCAPE_ES120,Susceptible
573.21487,Klebsiella pneumoniae strain EuSCAPE_FR054,Susceptible
573.21267,Klebsiella pneumoniae strain EuSCAPE_TR230,Resistant
573.14791,Klebsiella pneumoniae strain 14,Resistant
573.21638,Klebsiella pneumoniae strain EuSCAPE_IT076,Resistant
573.21843,Klebsiella pneumoniae strain EuSCAPE_IT182,Resistant
573.21791,Klebsiella pneumoniae strain EuSCAPE_IT112,Resistant
573.22061,Klebsiella pneumoniae strain EuSCAPE_ES248,Susceptible
573.21223,Klebsiella pneumoniae strain EuSCAPE_CZ010,Susceptible
573.21043,Klebsiella pneumoniae strain EuSCAPE_BE038,Susceptible
573.14773,Klebsiella pneumoniae strain 61,Resistant
573.65999,Klebsiella pneumoniae JBCHAAB-19-0003,Susceptible
573.21190,Klebsiella pneumoniae strain EuSCAPE_TR094,Susceptible
573.21878,Klebsiella pneumoniae strain EuSCAPE_IT405,Resistant
573.20957,Klebsiella pneumoniae strain EuSCAPE_HR015,Susceptible
573.66056,Klebsiella pneumoniae JBDEACE-19-0090,Susceptible
573.21697,Klebsiella pneumoniae strain EuSCAPE_IL086,Resistant
573.20798,Klebsiella pneumoniae strain EuSCAPE_RO067,Resistant
573.22054,Klebsiella pneumoniae strain EuSCAPE_ES241,Susceptible
573.15223,Klebsiella pneumoniae strain 3,Resistant
573.21625,Klebsiella pneumoniae strain EuSCAPE_IT055,Susceptible
573.20970,Klebsiella pneumoniae strain EuSCAPE_HR029,Resistant
573.22088,Klebsiella pneumoniae strain EuSCAPE_LU001,Resistant
573.21674,Klebsiella pneumoniae strain EuSCAPE_IL066,Susceptible
573.67360,Klebsiella pneumoniae 123238,Susceptible
573.46394,Klebsiella pneumoniae CX48,Resistant
573.20758,Klebsiella pneumoniae strain EuSCAPE_CY002,Susceptible
573.21142,Klebsiella pneumoniae strain EuSCAPE_TR010,Resistant
573.21999,Klebsiella pneumoniae strain EuSCAPE_HU025,Susceptible
573.21138,Klebsiella pneumoniae strain EuSCAPE_BE106,Resistant
573.20674,Klebsiella pneumoniae strain EuSCAPE_SC031,Susceptible
573.21548,Klebsiella pneumoniae strain EuSCAPE_DE028,Resistant
573.21448,Klebsiella pneumoniae strain EuSCAPE_PL006,Susceptible
573.22040,Klebsiella pneumoniae strain EuSCAPE_ES218,Susceptible
573.21342,Klebsiella pneumoniae strain EuSCAPE_PL052,Susceptible
573.21268,Klebsiella pneumoniae strain EuSCAPE_TR228,Resistant
573.21513,Klebsiella pneumoniae strain EuSCAPE_LT007,Susceptible
573.21154,Klebsiella pneumoniae strain EuSCAPE_BE108,Susceptible
573.21708,Klebsiella pneumoniae strain EuSCAPE_ME013,Resistant
573.21629,Klebsiella pneumoniae strain EuSCAPE_IT058,Resistant
573.21657,Klebsiella pneumoniae strain EuSCAPE_IL047,Susceptible
573.20463,Klebsiella pneumoniae strain EuSCAPE_GR057,Resistant
573.21949,Klebsiella pneumoniae strain EuSCAPE_HU006,Susceptible
573.21224,Klebsiella pneumoniae strain EuSCAPE_CZ016,Resistant
573.21665,Klebsiella pneumoniae strain EuSCAPE_IL026,Susceptible
573.65891,Klebsiella pneumoniae 1D-197,Susceptible
573.46325,Klebsiella pneumoniae CX3,Resistant
573.21255,Klebsiella pneumoniae strain EuSCAPE_TR207,Resistant
573.20516,Klebsiella pneumoniae strain EuSCAPE_GR069,Resistant
573.20496,Klebsiella pneumoniae strain EuSCAPE_ES148,Susceptible
573.21339,Klebsiella pneumoniae strain EuSCAPE_PL036,Susceptible
573.21653,Klebsiella pneumoniae strain EuSCAPE_IL044,Resistant
573.66092,Klebsiella pneumoniae JBEHABI-19-0121,Susceptible
573.14780,Klebsiella pneumoniae strain 52,Resistant
573.21891,Klebsiella pneumoniae strain EuSCAPE_IT300,Resistant
573.65988,Klebsiella pneumoniae JBCGAAG-19-0102,Susceptible
573.21538,Klebsiella pneumoniae strain EuSCAPE_DE020,Susceptible
573.21656,Klebsiella pneumoniae strain EuSCAPE_IL045,Susceptible
573.22082,Klebsiella pneumoniae strain EuSCAPE_ES288,Susceptible
573.20796,Klebsiella pneumoniae strain EuSCAPE_RO069,Resistant
573.21564,Klebsiella pneumoniae strain EuSCAPE_DE051,Resistant
573.21467,Klebsiella pneumoniae strain EuSCAPE_FR003,Resistant
573.67356,Klebsiella pneumoniae 114298,Susceptible
573.20671,Klebsiella pneumoniae strain EuSCAPE_SK013,Susceptible
573.46381,Klebsiella pneumoniae CX107,Resistant
573.21761,Klebsiella pneumoniae strain EuSCAPE_IT233,Susceptible
573.21036,Klebsiella pneumoniae strain EuSCAPE_BE016,Susceptible
573.21718,Klebsiella pneumoniae strain EuSCAPE_IL033,Resistant
573.21287,Klebsiella pneumoniae strain EuSCAPE_TR265,Susceptible
573.20808,Klebsiella pneumoniae strain EuSCAPE_RO079,Susceptible
573.21874,Klebsiella pneumoniae strain EuSCAPE_IT403,Resistant
573.21620,Klebsiella pneumoniae strain EuSCAPE_IT053,Susceptible
573.21072,Klebsiella pneumoniae strain EuSCAPE_BE083,Resistant
573.21890,Klebsiella pneumoniae strain EuSCAPE_IT294,Resistant
573.46385,Klebsiella pneumoniae CX42,Resistant
573.21022,Klebsiella pneumoniae strain EuSCAPE_IE040,Susceptible
573.21298,Klebsiella pneumoniae strain EuSCAPE_AT016,Susceptible
573.21225,Klebsiella pneumoniae strain EuSCAPE_LT008,Susceptible
573.21070,Klebsiella pneumoniae strain EuSCAPE_BE080,Susceptible
573.20976,Klebsiella pneumoniae strain EuSCAPE_HR053,Susceptible
573.66031,Klebsiella pneumoniae JBCIACE-19-0398,Susceptible
573.21997,Klebsiella pneumoniae strain EuSCAPE_HU027,Susceptible
573.7219,Klebsiella pneumoniae strain KpN08,Resistant
573.21321,Klebsiella pneumoniae strain EuSCAPE_PL010,Susceptible
573.65935,Klebsiella pneumoniae JBBDAAJ-19-0041,Resistant
573.21819,Klebsiella pneumoniae strain EuSCAPE_IT148,Resistant
573.65890,Klebsiella pneumoniae 1D-198,Susceptible
573.21532,Klebsiella pneumoniae strain EuSCAPE_IL018,Resistant
573.21412,Klebsiella pneumoniae strain EuSCAPE_CZ014,Susceptible
573.66096,Klebsiella pneumoniae JBEHABI-19-0046,Susceptible
573.21881,Klebsiella pneumoniae strain EuSCAPE_IT278,Resistant
573.67349,Klebsiella pneumoniae 83848,Susceptible
573.20452,Klebsiella pneumoniae strain EuSCAPE_GR027,Resistant
573.21862,Klebsiella pneumoniae strain EuSCAPE_IT382,Resistant
573.21446,Klebsiella pneumoniae strain EuSCAPE_PL001,Susceptible
573.21371,Klebsiella pneumoniae strain EuSCAPE_SK003,Susceptible
573.21030,Klebsiella pneumoniae strain EuSCAPE_BE013,Susceptible
573.20477,Klebsiella pneumoniae strain EuSCAPE_GR011,Susceptible
573.21569,Klebsiella pneumoniae strain EuSCAPE_DE067,Susceptible
573.31611,Klebsiella pneumoniae strain KP-MO-16,Resistant
573.21387,Klebsiella pneumoniae strain EuSCAPE_SK024,Resistant
573.21377,Klebsiella pneumoniae strain EuSCAPE_SK015,Susceptible
573.21813,Klebsiella pneumoniae strain EuSCAPE_IT144,Resistant
573.31605,Klebsiella pneumoniae strain KP-MO-22,Resistant
573.21604,Klebsiella pneumoniae strain EuSCAPE_IT034,Resistant
573.21534,Klebsiella pneumoniae strain EuSCAPE_IL020,Resistant
573.21864,Klebsiella pneumoniae strain EuSCAPE_IT384,Resistant
573.21740,Klebsiella pneumoniae strain EuSCAPE_IT200,Susceptible
573.21024,Klebsiella pneumoniae strain EuSCAPE_BE035,Susceptible
573.21533,Klebsiella pneumoniae strain EuSCAPE_IL017,Susceptible
573.21003,Klebsiella pneumoniae strain EuSCAPE_HR087,Resistant
573.46347,Klebsiella pneumoniae CX24,Resistant
573.20679,Klebsiella pneumoniae strain EuSCAPE_SI006,Susceptible
573.21980,Klebsiella pneumoniae strain EuSCAPE_ES105,Resistant
573.22094,Klebsiella pneumoniae strain EuSCAPE_GR006,Susceptible
573.23965,Klebsiella pneumoniae strain 10,Resistant
573.21920,Klebsiella pneumoniae strain EuSCAPE_IT349,Resistant
573.20628,Klebsiella pneumoniae strain EuSCAPE_RS006,Susceptible
573.21882,Klebsiella pneumoniae strain EuSCAPE_IT284,Resistant
573.22086,Klebsiella pneumoniae strain EuSCAPE_ES263,Susceptible
573.20476,Klebsiella pneumoniae strain EuSCAPE_HR106,Susceptible
573.65928,Klebsiella pneumoniae JBBDAAB-19-0088,Susceptible
573.20702,Klebsiella pneumoniae strain EuSCAPE_UK123,Susceptible
573.21967,Klebsiella pneumoniae strain EuSCAPE_ES082,Susceptible
573.20908,Klebsiella pneumoniae strain EuSCAPE_RS049,Resistant
573.28627,Klebsiella pneumoniae strain 50,Resistant
573.21278,Klebsiella pneumoniae strain EuSCAPE_TR254,Susceptible
573.21381,Klebsiella pneumoniae strain EuSCAPE_SK017,Resistant
573.20981,Klebsiella pneumoniae strain EuSCAPE_HR058,Susceptible
573.21574,Klebsiella pneumoniae strain EuSCAPE_DE075,Susceptible
573.21525,Klebsiella pneumoniae strain EuSCAPE_IL006,Susceptible
573.21570,Klebsiella pneumoniae strain EuSCAPE_DE069,Susceptible
573.21331,Klebsiella pneumoniae strain EuSCAPE_PL032,Susceptible
573.21961,Klebsiella pneumoniae strain EuSCAPE_ES076,Susceptible
573.21251,Klebsiella pneumoniae strain EuSCAPE_TR203,Resistant
573.21105,Klebsiella pneumoniae strain EuSCAPE_TR098,Susceptible
573.21655,Klebsiella pneumoniae strain EuSCAPE_IL048,Resistant
573.20614,Klebsiella pneumoniae strain EuSCAPE_GR145,Susceptible
573.21308,Klebsiella pneumoniae strain EuSCAPE_AT004,Susceptible
573.67692,Klebsiella pneumoniae JBEAAAI-19-0024,Susceptible
573.31601,Klebsiella pneumoniae strain KP-MO-28,Resistant
573.21529,Klebsiella pneumoniae strain EuSCAPE_DE015,Susceptible
573.46383,Klebsiella pneumoniae CX111,Resistant
573.21504,Klebsiella pneumoniae strain EuSCAPE_MT008,Susceptible
573.21084,Klebsiella pneumoniae strain EuSCAPE_BE097,Resistant
573.22083,Klebsiella pneumoniae strain EuSCAPE_ES289,Resistant
573.21784,Klebsiella pneumoniae strain EuSCAPE_IT259,Susceptible
573.20795,Klebsiella pneumoniae strain EuSCAPE_RO012,Resistant
573.21242,Klebsiella pneumoniae strain EuSCAPE_TR189,Susceptible
573.66013,Klebsiella pneumoniae JBCHAEA-19-0025,Susceptible
573.21061,Klebsiella pneumoniae strain EuSCAPE_BE071,Resistant
573.21192,Klebsiella pneumoniae strain EuSCAPE_TR176,Susceptible
573.20460,Klebsiella pneumoniae strain EuSCAPE_GR033,Susceptible
573.20887,Klebsiella pneumoniae strain EuSCAPE_RO117,Susceptible
573.21463,Klebsiella pneumoniae strain EuSCAPE_PL049,Susceptible
573.21886,Klebsiella pneumoniae strain EuSCAPE_IT291,Susceptible
573.21889,Klebsiella pneumoniae strain EuSCAPE_IT290,Resistant
573.15059,Klebsiella pneumoniae strain 41,Resistant
573.21906,Klebsiella pneumoniae strain EuSCAPE_IT329,Susceptible
573.46384,Klebsiella pneumoniae CX113,Resistant
573.21785,Klebsiella pneumoniae strain EuSCAPE_IT108,Resistant
573.22047,Klebsiella pneumoniae strain EuSCAPE_ES234,Susceptible
573.21777,Klebsiella pneumoniae strain EuSCAPE_IT255,Susceptible
573.21515,Klebsiella pneumoniae strain EuSCAPE_MT019,Susceptible
573.21623,Klebsiella pneumoniae strain EuSCAPE_IT057,Susceptible
573.21836,Klebsiella pneumoniae strain EuSCAPE_IT174,Resistant
573.22079,Klebsiella pneumoniae strain EuSCAPE_ES286,Susceptible
573.21056,Klebsiella pneumoniae strain EuSCAPE_BE064,Resistant
573.66006,Klebsiella pneumoniae JBCHACG-19-0201,Susceptible
573.65980,Klebsiella pneumoniae JBCDAFC-19-0001,Susceptible
573.20529,Klebsiella pneumoniae strain EuSCAPE_GR117,Susceptible
573.21169,Klebsiella pneumoniae strain EuSCAPE_TR054,Resistant
573.66000,Klebsiella pneumoniae JBCHAAB-19-0031,Susceptible
573.21870,Klebsiella pneumoniae strain EuSCAPE_IT397,Susceptible
573.21351,Klebsiella pneumoniae strain EuSCAPE_FR011,Susceptible
573.20720,Klebsiella pneumoniae strain EuSCAPE_RS033,Susceptible
573.21449,Klebsiella pneumoniae strain EuSCAPE_PL020,Susceptible
573.21318,Klebsiella pneumoniae strain EuSCAPE_PL005,Susceptible
573.22070,Klebsiella pneumoniae strain EuSCAPE_ES257,Susceptible
573.20479,Klebsiella pneumoniae strain EuSCAPE_ES117,Susceptible
573.65876,Klebsiella pneumoniae ERR2931006,Susceptible
573.21007,Klebsiella pneumoniae strain EuSCAPE_BE031,Susceptible
573.20922,Klebsiella pneumoniae strain EuSCAPE_RS074,Resistant
573.20541,Klebsiella pneumoniae strain EuSCAPE_GR160,Susceptible
573.21270,Klebsiella pneumoniae strain EuSCAPE_TR231,Susceptible
573.20775,Klebsiella pneumoniae strain EuSCAPE_UK082,Susceptible
573.21323,Klebsiella pneumoniae strain EuSCAPE_PL015,Susceptible
573.20459,Klebsiella pneumoniae strain EuSCAPE_GR053,Resistant
573.21566,Klebsiella pneumoniae strain EuSCAPE_DE055,Resistant
573.20918,Klebsiella pneumoniae strain EuSCAPE_RO120,Resistant
573.21184,Klebsiella pneumoniae strain EuSCAPE_TR083,Resistant
573.21857,Klebsiella pneumoniae strain EuSCAPE_IT377,Susceptible
573.65955,Klebsiella pneumoniae JBBDAGD-19-0089,Susceptible
573.21542,Klebsiella pneumoniae strain EuSCAPE_DE023,Resistant
573.20611,Klebsiella pneumoniae strain EuSCAPE_GR133,Resistant
573.21143,Klebsiella pneumoniae strain EuSCAPE_TR004,Resistant
573.22005,Klebsiella pneumoniae strain EuSCAPE_BU022,Resistant
573.21484,Klebsiella pneumoniae strain EuSCAPE_FR062,Susceptible
573.21113,Klebsiella pneumoniae strain EuSCAPE_BE115,Susceptible
573.21714,Klebsiella pneumoniae strain EuSCAPE_ME020,Resistant
573.21045,Klebsiella pneumoniae strain EuSCAPE_BE046,Susceptible
573.21537,Klebsiella pneumoniae strain EuSCAPE_IL019,Susceptible
573.21039,Klebsiella pneumoniae strain EuSCAPE_BE036,Susceptible
573.20810,Klebsiella pneumoniae strain EuSCAPE_RO081,Susceptible
573.21519,Klebsiella pneumoniae strain EuSCAPE_LT010,Susceptible
573.22093,Klebsiella pneumoniae strain EuSCAPE_HR108,Susceptible
573.20545,Klebsiella pneumoniae strain EuSCAPE_ES109,Susceptible
573.21170,Klebsiella pneumoniae strain EuSCAPE_TR056,Resistant
573.21502,Klebsiella pneumoniae strain EuSCAPE_DE013,Resistant
573.21696,Klebsiella pneumoniae strain EuSCAPE_ME005,Resistant
573.65892,Klebsiella pneumoniae 1D-200,Susceptible
573.20708,Klebsiella pneumoniae strain EuSCAPE_UK133,Susceptible
573.20816,Klebsiella pneumoniae strain EuSCAPE_RO084,Resistant
573.65924,Klebsiella pneumoniae JBBCACA-19-0007,Susceptible
573.21702,Klebsiella pneumoniae strain EuSCAPE_ME011,Resistant
573.20761,Klebsiella pneumoniae strain EuSCAPE_UK047,Resistant
573.67672,Klebsiella pneumoniae 1D-184,Susceptible
573.20949,Klebsiella pneumoniae strain EuSCAPE_HR012,Susceptible
573.21329,Klebsiella pneumoniae strain EuSCAPE_PL031,Susceptible
573.21707,Klebsiella pneumoniae strain EuSCAPE_ME017,Susceptible
573.46333,Klebsiella pneumoniae CX7,Resistant
573.67344,Klebsiella pneumoniae 111864,Susceptible
573.21859,Klebsiella pneumoniae strain EuSCAPE_IT380,Resistant
573.20523,Klebsiella pneumoniae strain EuSCAPE_GR113,Susceptible
573.20461,Klebsiella pneumoniae strain EuSCAPE_GR051,Resistant
573.65951,Klebsiella pneumoniae JBBDAFG-19-0026,Susceptible
573.46388,Klebsiella pneumoniae CX116,Resistant
573.46403,Klebsiella pneumoniae CX59,Resistant
573.21839,Klebsiella pneumoniae strain EuSCAPE_IT177,Susceptible
573.27324,Klebsiella pneumoniae strain 2,Resistant
573.20715,Klebsiella pneumoniae strain EuSCAPE_HR086,Susceptible
573.20544,Klebsiella pneumoniae strain EuSCAPE_RS010,Resistant
573.65923,Klebsiella pneumoniae JBBCACA-19-0127,Susceptible
573.65902,Klebsiella pneumoniae JBABADF-19-0088,Susceptible
573.21767,Klebsiella pneumoniae strain EuSCAPE_IT237,Susceptible
573.21362,Klebsiella pneumoniae strain EuSCAPE_AT012,Resistant
573.21824,Klebsiella pneumoniae strain EuSCAPE_IT162,Resistant
573.20455,Klebsiella pneumoniae strain EuSCAPE_ES265,Susceptible
573.21111,Klebsiella pneumoniae strain EuSCAPE_TR121,Resistant
573.46405,Klebsiella pneumoniae CX73,Resistant
573.21832,Klebsiella pneumoniae strain EuSCAPE_IT165,Susceptible
573.46365,Klebsiella pneumoniae CX27,Resistant
573.21244,Klebsiella pneumoniae strain EuSCAPE_TR196,Susceptible
573.21240,Klebsiella pneumoniae strain EuSCAPE_TR190,Susceptible
573.67682,Klebsiella pneumoniae JBCDABA-19-0012,Susceptible
573.20686,Klebsiella pneumoniae strain EuSCAPE_UK084,Susceptible
573.22028,Klebsiella pneumoniae strain EuSCAPE_ES208,Susceptible
573.21199,Klebsiella pneumoniae strain EuSCAPE_TR286,Susceptible
573.20956,Klebsiella pneumoniae strain EuSCAPE_HR017,Resistant
573.65915,Klebsiella pneumoniae JBBBABI-19-0076,Susceptible
573.21466,Klebsiella pneumoniae strain EuSCAPE_EE002,Susceptible
573.20862,Klebsiella pneumoniae strain EuSCAPE_UK040,Susceptible
573.21518,Klebsiella pneumoniae strain EuSCAPE_LT004,Susceptible
573.21494,Klebsiella pneumoniae strain EuSCAPE_EE009,Susceptible
573.20847,Klebsiella pneumoniae strain EuSCAPE_UK007,Susceptible
573.21872,Klebsiella pneumoniae strain EuSCAPE_IT396,Resistant
573.21018,Klebsiella pneumoniae strain EuSCAPE_IE024,Resistant
573.20993,Klebsiella pneumoniae strain EuSCAPE_RO111,Resistant
573.31618,Klebsiella pneumoniae strain KP-MO-10,Resistant
573.21091,Klebsiella pneumoniae strain EuSCAPE_BE102,Susceptible
573.66018,Klebsiella pneumoniae JBCIAAB-19-0061,Susceptible
573.21378,Klebsiella pneumoniae strain EuSCAPE_SK009,Susceptible
573.20933,Klebsiella pneumoniae strain EuSCAPE_RS093,Susceptible
573.21252,Klebsiella pneumoniae strain EuSCAPE_TR201,Resistant
573.21868,Klebsiella pneumoniae strain EuSCAPE_IT391,Susceptible
573.21496,Klebsiella pneumoniae strain EuSCAPE_NO016,Susceptible
573.65936,Klebsiella pneumoniae JBBDABA-19-0040,Susceptible
573.21123,Klebsiella pneumoniae strain EuSCAPE_TR149,Susceptible
573.21579,Klebsiella pneumoniae strain EuSCAPE_DE080,Susceptible
573.21678,Klebsiella pneumoniae strain EuSCAPE_IL072,Resistant
573.22059,Klebsiella pneumoniae strain EuSCAPE_ES244,Susceptible
573.21256,Klebsiella pneumoniae strain EuSCAPE_TR208,Susceptible
573.21284,Klebsiella pneumoniae strain EuSCAPE_TR255,Susceptible
573.21126,Klebsiella pneumoniae strain EuSCAPE_TR151,Susceptible
573.21480,Klebsiella pneumoniae strain EuSCAPE_EE006,Susceptible
573.20799,Klebsiella pneumoniae strain EuSCAPE_RO070,Susceptible
573.21719,Klebsiella pneumoniae strain EuSCAPE_IT011,Susceptible
573.46370,Klebsiella pneumoniae CX37,Resistant
573.21746,Klebsiella pneumoniae strain EuSCAPE_IT210,Resistant
573.46371,Klebsiella pneumoniae CX47,Resistant
573.66042,Klebsiella pneumoniae JBDDAAF-19-0095,Susceptible
573.21177,Klebsiella pneumoniae strain EuSCAPE_TR062,Resistant
573.21231,Klebsiella pneumoniae strain EuSCAPE_IT094,Resistant
573.20673,Klebsiella pneumoniae strain EuSCAPE_LU012,Resistant
573.27328,Klebsiella pneumoniae strain 39,Resistant
573.20613,Klebsiella pneumoniae strain EuSCAPE_GR090,Resistant
573.65921,Klebsiella pneumoniae JBBCABH-19-0025,Susceptible
573.65925,Klebsiella pneumoniae JBBCACA-19-0044,Susceptible
573.21398,Klebsiella pneumoniae strain EuSCAPE_SK040,Susceptible
573.21492,Klebsiella pneumoniae strain EuSCAPE_DE012,Susceptible
573.21701,Klebsiella pneumoniae strain EuSCAPE_ME012,Susceptible
573.46329,Klebsiella pneumoniae CX13,Resistant
573.21391,Klebsiella pneumoniae strain EuSCAPE_SK030,Resistant
573.46369,Klebsiella pneumoniae CX38,Resistant
573.20604,Klebsiella pneumoniae strain EuSCAPE_GR114,Susceptible
573.21156,Klebsiella pneumoniae strain EuSCAPE_TR031,Susceptible
573.21751,Klebsiella pneumoniae strain EuSCAPE_IT221,Susceptible
573.21861,Klebsiella pneumoniae strain EuSCAPE_IT379,Susceptible
573.67361,Klebsiella pneumoniae 117868,Susceptible
573.20868,Klebsiella pneumoniae strain EuSCAPE_UK044,Susceptible
573.46363,Klebsiella pneumoniae CX28,Resistant
573.20838,Klebsiella pneumoniae strain EuSCAPE_RO031,Susceptible
573.21921,Klebsiella pneumoniae strain EuSCAPE_IT350,Susceptible
573.21352,Klebsiella pneumoniae strain EuSCAPE_FR008,Susceptible
573.65933,Klebsiella pneumoniae JBBDAAJ-19-0005,Susceptible
573.66023,Klebsiella pneumoniae JBCIAAH-19-0390,Susceptible
573.20672,Klebsiella pneumoniae strain EuSCAPE_SC030,Susceptible
573.20848,Klebsiella pneumoniae strain EuSCAPE_RO039,Resistant
573.21076,Klebsiella pneumoniae strain EuSCAPE_BE084,Resistant
573.21269,Klebsiella pneumoniae strain EuSCAPE_TR229,Susceptible
573.21619,Klebsiella pneumoniae strain EuSCAPE_IT049,Susceptible
573.20449,Klebsiella pneumoniae strain EuSCAPE_GR015,Susceptible
573.22012,Klebsiella pneumoniae strain EuSCAPE_HU051,Susceptible
573.20994,Klebsiella pneumoniae strain EuSCAPE_HR072,Susceptible
573.21742,Klebsiella pneumoniae strain EuSCAPE_IT207,Susceptible
573.21895,Klebsiella pneumoniae strain EuSCAPE_IT313,Susceptible
573.21691,Klebsiella pneumoniae strain EuSCAPE_IL084,Resistant
573.23970,Klebsiella pneumoniae strain 13,Resistant
573.21892,Klebsiella pneumoniae strain EuSCAPE_IT307,Susceptible
573.20508,Klebsiella pneumoniae strain EuSCAPE_GR043,Susceptible
573.20526,Klebsiella pneumoniae strain EuSCAPE_GR005,Susceptible
573.46344,Klebsiella pneumoniae CX1,Resistant
573.20670,Klebsiella pneumoniae strain EuSCAPE_FR040,Susceptible
573.21338,Klebsiella pneumoniae strain EuSCAPE_PL045,Resistant
573.21888,Klebsiella pneumoniae strain EuSCAPE_IT292,Resistant
573.21136,Klebsiella pneumoniae strain EuSCAPE_TR001,Resistant
573.65950,Klebsiella pneumoniae JBBDAFG-19-0049,Resistant
573.21946,Klebsiella pneumoniae strain EuSCAPE_ES063,Susceptible
573.65969,Klebsiella pneumoniae JBCBAAD-19-0044,Susceptible
573.20879,Klebsiella pneumoniae strain EuSCAPE_HR101,Susceptible
573.21035,Klebsiella pneumoniae strain EuSCAPE_BE018,Susceptible
573.21017,Klebsiella pneumoniae strain EuSCAPE_IE039,Susceptible
573.20470,Klebsiella pneumoniae strain EuSCAPE_GR074,Resistant
573.20875,Klebsiella pneumoniae strain EuSCAPE_HR099,Resistant
573.46343,Klebsiella pneumoniae CX17,Resistant
573.20942,Klebsiella pneumoniae strain EuSCAPE_HR001,Resistant
573.20842,Klebsiella pneumoniae strain EuSCAPE_RO033,Resistant
573.21596,Klebsiella pneumoniae strain EuSCAPE_IT021,Susceptible
573.66052,Klebsiella pneumoniae JBDEABG-19-0222,Susceptible
573.21096,Klebsiella pneumoniae strain EuSCAPE_RS119,Susceptible
573.20744,Klebsiella pneumoniae strain EuSCAPE_LU008,Resistant
573.21849,Klebsiella pneumoniae strain EuSCAPE_IT194,Resistant
573.21643,Klebsiella pneumoniae strain EuSCAPE_IT072,Resistant
573.21020,Klebsiella pneumoniae strain EuSCAPE_IE029,Susceptible
573.65992,Klebsiella pneumoniae JBCGAAG-19-0202,Susceptible
573.21931,Klebsiella pneumoniae strain EuSCAPE_IT368,Resistant
573.1922,Klebsiella pneumoniae strain KpN01,Resistant
573.21462,Klebsiella pneumoniae strain EuSCAPE_PL042,Susceptible
573.20487,Klebsiella pneumoniae strain EuSCAPE_ES146,Susceptible
573.21981,Klebsiella pneumoniae strain EuSCAPE_ES106,Susceptible
573.20703,Klebsiella pneumoniae strain EuSCAPE_UK121,Susceptible
573.22008,Klebsiella pneumoniae strain EuSCAPE_HU037,Susceptible
573.66094,Klebsiella pneumoniae JBEHABI-19-0145,Susceptible
573.46341,Klebsiella pneumoniae CX10,Resistant
573.46339,Klebsiella pneumoniae CX11,Resistant
573.21140,Klebsiella pneumoniae strain EuSCAPE_TR002,Resistant
573.20834,Klebsiella pneumoniae strain EuSCAPE_RO023,Susceptible
573.21793,Klebsiella pneumoniae strain EuSCAPE_IT117,Susceptible
573.65906,Klebsiella pneumoniae JBAFAAB-19-0010,Susceptible
573.20965,Klebsiella pneumoniae strain EuSCAPE_HR030,Susceptible
573.21850,Klebsiella pneumoniae strain EuSCAPE_IT188,Resistant
573.21053,Klebsiella pneumoniae strain EuSCAPE_BE052,Susceptible
573.66025,Klebsiella pneumoniae JBCIACA-19-0262,Resistant
573.21374,Klebsiella pneumoniae strain EuSCAPE_SK005,Susceptible
573.46358,Klebsiella pneumoniae CX122,Resistant
573.21838,Klebsiella pneumoniae strain EuSCAPE_IT099,Susceptible
573.20497,Klebsiella pneumoniae strain EuSCAPE_ES151,Susceptible
573.21688,Klebsiella pneumoniae strain EuSCAPE_IL080,Resistant
573.21322,Klebsiella pneumoniae strain EuSCAPE_PL017,Susceptible
573.21922,Klebsiella pneumoniae strain EuSCAPE_IT348,Susceptible
573.20931,Klebsiella pneumoniae strain EuSCAPE_RS088,Resistant
573.65879,Klebsiella pneumoniae 1D-183,Susceptible
573.21010,Klebsiella pneumoniae strain EuSCAPE_IE010,Susceptible
573.20913,Klebsiella pneumoniae strain EuSCAPE_RS057,Resistant
573.21908,Klebsiella pneumoniae strain EuSCAPE_IT266,Resistant
573.21037,Klebsiella pneumoniae strain EuSCAPE_BE019,Susceptible
573.21418,Klebsiella pneumoniae strain EuSCAPE_CZ030,Susceptible
573.21846,Klebsiella pneumoniae strain EuSCAPE_IT167,Susceptible
573.22096,Klebsiella pneumoniae strain EuSCAPE_GR009,Susceptible
573.66069,Klebsiella pneumoniae JBEAAEE-19-0074,Resistant
573.21128,Klebsiella pneumoniae strain EuSCAPE_TR152,Susceptible
573.20466,Klebsiella pneumoniae strain EuSCAPE_GR064,Susceptible
573.21195,Klebsiella pneumoniae strain EuSCAPE_TR281,Susceptible
573.21032,Klebsiella pneumoniae strain EuSCAPE_BE014,Susceptible
573.21228,Klebsiella pneumoniae strain EuSCAPE_IL069,Resistant
573.21855,Klebsiella pneumoniae strain EuSCAPE_IT373,Susceptible
573.46386,Klebsiella pneumoniae CX49,Resistant
573.21553,Klebsiella pneumoniae strain EuSCAPE_DE027,Susceptible
573.21801,Klebsiella pneumoniae strain EuSCAPE_IT129,Susceptible
573.20831,Klebsiella pneumoniae strain EuSCAPE_RO017,Susceptible
573.20456,Klebsiella pneumoniae strain EuSCAPE_GR031,Susceptible
573.7221,Klebsiella pneumoniae strain KpN05,Resistant
573.31613,Klebsiella pneumoniae strain KP-MO-19,Resistant
573.31603,Klebsiella pneumoniae strain KP-MO-26,Resistant
573.20835,Klebsiella pneumoniae strain EuSCAPE_UK136,Susceptible
573.21176,Klebsiella pneumoniae strain EuSCAPE_TR061,Resistant
573.20738,Klebsiella pneumoniae strain EuSCAPE_LU009,Susceptible
573.22025,Klebsiella pneumoniae strain EuSCAPE_ES200,Susceptible
573.20615,Klebsiella pneumoniae strain EuSCAPE_GR139,Resistant
573.66027,Klebsiella pneumoniae JBCIACA-19-0173,Susceptible
573.21451,Klebsiella pneumoniae strain EuSCAPE_AT031,Resistant
573.21934,Klebsiella pneumoniae strain EuSCAPE_IT364,Resistant
573.21910,Klebsiella pneumoniae strain EuSCAPE_IT331,Susceptible
573.20858,Klebsiella pneumoniae strain EuSCAPE_UK014,Resistant
573.22035,Klebsiella pneumoniae strain EuSCAPE_ES212,Susceptible
573.21294,Klebsiella pneumoniae strain EuSCAPE_TR274,Resistant
573.22068,Klebsiella pneumoniae strain EuSCAPE_ES253,Resistant
573.20755,Klebsiella pneumoniae strain EuSCAPE_SC014,Susceptible
573.21334,Klebsiella pneumoniae strain EuSCAPE_PL021,Susceptible
573.21271,Klebsiella pneumoniae strain EuSCAPE_TR233,Susceptible
573.14812,Klebsiella pneumoniae strain 11,Resistant
573.21730,Klebsiella pneumoniae strain EuSCAPE_IT101,Susceptible
573.21744,Klebsiella pneumoniae strain EuSCAPE_IT211,Susceptible
573.67684,Klebsiella pneumoniae JBCBAAC-19-0013,Susceptible
573.21816,Klebsiella pneumoniae strain EuSCAPE_IT093,Susceptible
573.20503,Klebsiella pneumoniae strain EuSCAPE_GR036,Resistant
573.21042,Klebsiella pneumoniae strain EuSCAPE_BE041,Susceptible
573.65881,Klebsiella pneumoniae 1D-185,Susceptible
573.22013,Klebsiella pneumoniae strain EuSCAPE_HU042,Susceptible
573.22038,Klebsiella pneumoniae strain EuSCAPE_ES217,Susceptible
573.21479,Klebsiella pneumoniae strain EuSCAPE_FR036,Susceptible
573.21680,Klebsiella pneumoniae strain EuSCAPE_IL076,Resistant
573.21456,Klebsiella pneumoniae strain EuSCAPE_PL022,Susceptible
573.20483,Klebsiella pneumoniae strain EuSCAPE_ES119,Susceptible
573.46346,Klebsiella pneumoniae CX99,Resistant
573.20792,Klebsiella pneumoniae strain EuSCAPE_RO062,Susceptible
573.20712,Klebsiella pneumoniae strain EuSCAPE_RO105,Resistant
573.22053,Klebsiella pneumoniae strain EuSCAPE_ES235,Susceptible
573.65966,Klebsiella pneumoniae JBBFABG-19-0149,Susceptible
573.21648,Klebsiella pneumoniae strain EuSCAPE_IT088,Resistant
573.21833,Klebsiella pneumoniae strain EuSCAPE_IT166,Resistant
573.46340,Klebsiella pneumoniae CX22,Resistant
573.66091,Klebsiella pneumoniae JBEHAAB-19-0023,Susceptible
573.46364,Klebsiella pneumoniae CX30,Resistant
573.21780,Klebsiella pneumoniae strain EuSCAPE_IT250,Resistant
573.21159,Klebsiella pneumoniae strain EuSCAPE_TR040,Resistant
573.66100,Klebsiella pneumoniae JBEHABI-19-0339,Susceptible
573.21679,Klebsiella pneumoniae strain EuSCAPE_IL070,Resistant
573.22017,Klebsiella pneumoniae strain EuSCAPE_BU024,Resistant
573.7224,Klebsiella pneumoniae strain KpN11,Resistant
573.65976,Klebsiella pneumoniae JBCDAAB-19-0096,Susceptible
573.22072,Klebsiella pneumoniae strain EuSCAPE_ES258,Susceptible
573.21210,Klebsiella pneumoniae strain EuSCAPE_PL004,Susceptible
573.21930,Klebsiella pneumoniae strain EuSCAPE_IT359,Resistant
573.67676,Klebsiella pneumoniae JBBDAGD-19-0274,Susceptible
573.20997,Klebsiella pneumoniae strain EuSCAPE_RO114,Susceptible
573.21550,Klebsiella pneumoniae strain EuSCAPE_DE029,Susceptible
573.21804,Klebsiella pneumoniae strain EuSCAPE_IT132,Resistant
573.20747,Klebsiella pneumoniae strain EuSCAPE_LU017,Susceptible
573.22006,Klebsiella pneumoniae strain EuSCAPE_HU049,Susceptible
573.66098,Klebsiella pneumoniae JBEHABI-19-0088,Susceptible
573.20889,Klebsiella pneumoniae strain EuSCAPE_RS022,Susceptible
573.14786,Klebsiella pneumoniae strain 43,Resistant
573.20807,Klebsiella pneumoniae strain EuSCAPE_RO078,Resistant
573.14822,Klebsiella pneumoniae strain 48,Resistant
573.21695,Klebsiella pneumoniae strain EuSCAPE_ME003,Susceptible
573.21627,Klebsiella pneumoniae strain EuSCAPE_IT060,Resistant
573.22087,Klebsiella pneumoniae strain EuSCAPE_ES290,Susceptible
573.21835,Klebsiella pneumoniae strain EuSCAPE_IT175,Susceptible
573.21164,Klebsiella pneumoniae strain EuSCAPE_TR044,Resistant
573.46401,Klebsiella pneumoniae CX51,Resistant
573.20975,Klebsiella pneumoniae strain EuSCAPE_HR051,Susceptible
573.21965,Klebsiella pneumoniae strain EuSCAPE_ES085,Resistant
573.20451,Klebsiella pneumoniae strain EuSCAPE_GR022,Resistant
573.21613,Klebsiella pneumoniae strain EuSCAPE_IT041,Susceptible
573.21397,Klebsiella pneumoniae strain EuSCAPE_SK037,Susceptible
573.65895,Klebsiella pneumoniae 1D-204,Susceptible
573.21783,Klebsiella pneumoniae strain EuSCAPE_IT107,Susceptible
573.21361,Klebsiella pneumoniae strain EuSCAPE_FR035,Susceptible
573.21673,Klebsiella pneumoniae strain EuSCAPE_IL065,Susceptible
573.14795,Klebsiella pneumoniae strain 35,Resistant
573.21248,Klebsiella pneumoniae strain EuSCAPE_TR195,Susceptible
573.20746,Klebsiella pneumoniae strain EuSCAPE_UK100,Susceptible
573.21790,Klebsiella pneumoniae strain EuSCAPE_IT114,Resistant
573.20547,Klebsiella pneumoniae strain EuSCAPE_ES107,Resistant
573.20774,Klebsiella pneumoniae strain EuSCAPE_RO043,Susceptible
573.21769,Klebsiella pneumoniae strain EuSCAPE_IT242,Resistant
573.65944,Klebsiella pneumoniae JBBDAFG-19-0181,Susceptible
573.21447,Klebsiella pneumoniae strain EuSCAPE_PL012,Susceptible
573.20732,Klebsiella pneumoniae strain EuSCAPE_RS071,Susceptible
573.20697,Klebsiella pneumoniae strain EuSCAPE_UK114,Susceptible
573.31612,Klebsiella pneumoniae strain KP-MO-17,Resistant
573.20735,Klebsiella pneumoniae strain EuSCAPE_RS076,Susceptible
573.21703,Klebsiella pneumoniae strain EuSCAPE_ME006,Susceptible
573.21340,Klebsiella pneumoniae strain EuSCAPE_PL039,Resistant
573.20550,Klebsiella pneumoniae strain EuSCAPE_GR098,Susceptible
573.21766,Klebsiella pneumoniae strain EuSCAPE_IT236,Resistant
573.46337,Klebsiella pneumoniae CX6,Resistant
573.21887,Klebsiella pneumoniae strain EuSCAPE_IT262,Resistant
573.20629,Klebsiella pneumoniae strain EuSCAPE_GR092,Susceptible
573.21237,Klebsiella pneumoniae strain EuSCAPE_TR186,Resistant
573.20974,Klebsiella pneumoniae strain EuSCAPE_RO109,Susceptible
573.21690,Klebsiella pneumoniae strain EuSCAPE_IL085,Susceptible
573.20482,Klebsiella pneumoniae strain EuSCAPE_ES128,Susceptible
573.21757,Klebsiella pneumoniae strain EuSCAPE_IT216,Resistant
573.65930,Klebsiella pneumoniae JBBDAAF-19-0006,Resistant
573.21419,Klebsiella pneumoniae strain EuSCAPE_CZ021,Susceptible
573.21218,Klebsiella pneumoniae strain EuSCAPE_TR180,Susceptible
573.21829,Klebsiella pneumoniae strain EuSCAPE_IT152,Resistant
573.21939,Klebsiella pneumoniae strain EuSCAPE_ES046,Resistant
573.22046,Klebsiella pneumoniae strain EuSCAPE_ES232,Susceptible
573.21486,Klebsiella pneumoniae strain EuSCAPE_EE008,Susceptible
573.21386,Klebsiella pneumoniae strain EuSCAPE_SK022,Susceptible
573.21731,Klebsiella pneumoniae strain EuSCAPE_IT089,Susceptible
573.21782,Klebsiella pneumoniae strain EuSCAPE_IT258,Resistant
573.20617,Klebsiella pneumoniae strain EuSCAPE_GR134,Resistant
573.21941,Klebsiella pneumoniae strain EuSCAPE_ES055,Resistant
573.21899,Klebsiella pneumoniae strain EuSCAPE_IT321,Susceptible
573.21722,Klebsiella pneumoniae strain EuSCAPE_IT014,Susceptible
573.20803,Klebsiella pneumoniae strain EuSCAPE_RO013,Susceptible
573.67370,Klebsiella pneumoniae 128339,Resistant
573.20900,Klebsiella pneumoniae strain EuSCAPE_RS036,Susceptible
573.21254,Klebsiella pneumoniae strain EuSCAPE_TR205,Susceptible
573.21429,Klebsiella pneumoniae strain EuSCAPE_AT017,Resistant
573.46395,Klebsiella pneumoniae CX43,Resistant
573.65920,Klebsiella pneumoniae JBBBAEF-19-0086,Susceptible
573.21938,Klebsiella pneumoniae strain EuSCAPE_HU004,Susceptible
573.21774,Klebsiella pneumoniae strain EuSCAPE_IT106,Resistant
573.65970,Klebsiella pneumoniae JBCCABB-19-0012,Susceptible
573.21556,Klebsiella pneumoniae strain EuSCAPE_DE036,Susceptible
573.21935,Klebsiella pneumoniae strain EuSCAPE_IT367,Susceptible
573.20881,Klebsiella pneumoniae strain EuSCAPE_HR090,Resistant
573.21423,Klebsiella pneumoniae strain EuSCAPE_CZ034,Susceptible
573.21102,Klebsiella pneumoniae strain EuSCAPE_RS120,Susceptible
573.67669,Klebsiella pneumoniae 1D-206,Susceptible
573.66068,Klebsiella pneumoniae JBEAAEE-19-0080,Resistant
573.21241,Klebsiella pneumoniae strain EuSCAPE_TR188,Susceptible
573.31619,Klebsiella pneumoniae strain KP-MO-9,Resistant
573.20524,Klebsiella pneumoniae strain EuSCAPE_GR110,Resistant
573.46414,Klebsiella pneumoniae CX72,Resistant
573.21355,Klebsiella pneumoniae strain EuSCAPE_FR019,Susceptible
573.66065,Klebsiella pneumoniae JBDIABB-19-0059,Susceptible
573.21800,Klebsiella pneumoniae strain EuSCAPE_IT130,Resistant
573.21661,Klebsiella pneumoniae strain EuSCAPE_IL050,Susceptible
573.21711,Klebsiella pneumoniae strain EuSCAPE_IT002,Susceptible
573.67347,Klebsiella pneumoniae 76837,Susceptible
573.21132,Klebsiella pneumoniae strain EuSCAPE_TR158,Susceptible
573.21692,Klebsiella pneumoniae strain EuSCAPE_IL029,Resistant
573.46332,Klebsiella pneumoniae CX98,Resistant
573.46379,Klebsiella pneumoniae CX57,Resistant
573.21549,Klebsiella pneumoniae strain EuSCAPE_DE004,Susceptible
573.21098,Klebsiella pneumoniae strain EuSCAPE_BE030,Susceptible
573.20890,Klebsiella pneumoniae strain EuSCAPE_RS021,Resistant
573.21320,Klebsiella pneumoniae strain EuSCAPE_PL008,Susceptible
573.20457,Klebsiella pneumoniae strain EuSCAPE_GR032,Resistant
573.20625,Klebsiella pneumoniae strain EuSCAPE_GR091,Resistant
573.20699,Klebsiella pneumoniae strain EuSCAPE_UK106,Susceptible
573.21009,Klebsiella pneumoniae strain EuSCAPE_IE013,Susceptible
573.20914,Klebsiella pneumoniae strain EuSCAPE_RS053,Resistant
573.22021,Klebsiella pneumoniae strain EuSCAPE_HU065,Susceptible
573.20901,Klebsiella pneumoniae strain EuSCAPE_RS041,Susceptible
573.20891,Klebsiella pneumoniae strain EuSCAPE_RS026,Resistant
573.21552,Klebsiella pneumoniae strain EuSCAPE_DE032,Susceptible
573.20450,Klebsiella pneumoniae strain EuSCAPE_GR030,Resistant
573.66093,Klebsiella pneumoniae JBEHABI-19-0128,Susceptible
573.21652,Klebsiella pneumoniae strain EuSCAPE_IL025,Susceptible
573.21968,Klebsiella pneumoniae strain EuSCAPE_ES086,Susceptible
573.20814,Klebsiella pneumoniae strain EuSCAPE_RO014,Resistant
573.21639,Klebsiella pneumoniae strain EuSCAPE_IT078,Resistant
573.67362,Klebsiella pneumoniae 114870,Resistant
573.20840,Klebsiella pneumoniae strain EuSCAPE_RO030,Susceptible
573.21676,Klebsiella pneumoniae strain EuSCAPE_IL068,Susceptible
573.21239,Klebsiella pneumoniae strain EuSCAPE_TR191,Susceptible
573.20800,Klebsiella pneumoniae strain EuSCAPE_RO072,Susceptible
573.21208,Klebsiella pneumoniae strain EuSCAPE_TR307,Susceptible
573.65901,Klebsiella pneumoniae JBABADF-19-0006,Susceptible
573.21753,Klebsiella pneumoniae strain EuSCAPE_IT219,Susceptible
573.22555,Klebsiella pneumoniae strain SU11,Susceptible
573.21950,Klebsiella pneumoniae strain EuSCAPE_ES059,Resistant
573.20873,Klebsiella pneumoniae strain EuSCAPE_HR098,Susceptible
573.21633,Klebsiella pneumoniae strain EuSCAPE_IT062,Resistant
573.21721,Klebsiella pneumoniae strain EuSCAPE_IT010,Susceptible
573.22057,Klebsiella pneumoniae strain EuSCAPE_ES242,Susceptible
573.21682,Klebsiella pneumoniae strain EuSCAPE_IL077,Resistant
573.21823,Klebsiella pneumoniae strain EuSCAPE_IT161,Susceptible
573.67686,Klebsiella pneumoniae JBCBAAD-19-0084,Susceptible
573.21115,Klebsiella pneumoniae strain EuSCAPE_TR123,Resistant
573.65982,Klebsiella pneumoniae JBCDAFI-19-0032,Susceptible
573.46353,Klebsiella pneumoniae CX31,Resistant
573.21186,Klebsiella pneumoniae strain EuSCAPE_TR085,Resistant
573.21900,Klebsiella pneumoniae strain EuSCAPE_IT264,Resistant
573.21932,Klebsiella pneumoniae strain EuSCAPE_IT365,Susceptible
573.21750,Klebsiella pneumoniae strain EuSCAPE_IT103,Susceptible
573.66037,Klebsiella pneumoniae JBDAAAB-19-0030,Susceptible
573.65914,Klebsiella pneumoniae JBBBAAH-19-0073,Susceptible
573.21145,Klebsiella pneumoniae strain EuSCAPE_TR013,Susceptible
573.20750,Klebsiella pneumoniae strain EuSCAPE_LU013,Susceptible
573.46406,Klebsiella pneumoniae CX56,Resistant
573.21349,Klebsiella pneumoniae strain EuSCAPE_PL054,Susceptible
573.21699,Klebsiella pneumoniae strain EuSCAPE_ME009,Susceptible
573.21474,Klebsiella pneumoniae strain EuSCAPE_FR030,Resistant
573.21760,Klebsiella pneumoniae strain EuSCAPE_IT228,Resistant
573.21433,Klebsiella pneumoniae strain EuSCAPE_AT019,Susceptible
573.20961,Klebsiella pneumoniae strain EuSCAPE_HR026,Susceptible
573.21182,Klebsiella pneumoniae strain EuSCAPE_TR077,Susceptible
573.21709,Klebsiella pneumoniae strain EuSCAPE_IT001,Resistant
573.22019,Klebsiella pneumoniae strain EuSCAPE_ES261,Susceptible
573.21787,Klebsiella pneumoniae strain EuSCAPE_IT110,Resistant
573.65934,Klebsiella pneumoniae JBBDAAJ-19-0024,Susceptible
573.67677,Klebsiella pneumoniae JBAIAAD-19-0096,Susceptible
573.21854,Klebsiella pneumoniae strain EuSCAPE_IT369,Susceptible
573.20705,Klebsiella pneumoniae strain EuSCAPE_UK127,Susceptible
573.66057,Klebsiella pneumoniae JBDFABE-19-0034,Susceptible
573.21632,Klebsiella pneumoniae strain EuSCAPE_IT063,Susceptible
573.20742,Klebsiella pneumoniae strain EuSCAPE_LU005,Susceptible
573.28631,Klebsiella pneumoniae strain 60,Resistant
573.21901,Klebsiella pneumoniae strain EuSCAPE_IT323,Susceptible
573.66029,Klebsiella pneumoniae JBCIACE-19-0179,Susceptible
573.21066,Klebsiella pneumoniae strain EuSCAPE_BE073,Resistant
573.21230,Klebsiella pneumoniae strain EuSCAPE_IT031,Susceptible
573.21315,Klebsiella pneumoniae strain EuSCAPE_EE018,Susceptible
573.21019,Klebsiella pneumoniae strain EuSCAPE_BE034,Susceptible
573.21927,Klebsiella pneumoniae strain EuSCAPE_IT352,Susceptible
573.20963,Klebsiella pneumoniae strain EuSCAPE_HR032,Susceptible
573.21041,Klebsiella pneumoniae strain EuSCAPE_BE042,Susceptible
573.46352,Klebsiella pneumoniae CX82,Resistant
573.21667,Klebsiella pneumoniae strain EuSCAPE_IL060,Resistant
573.21147,Klebsiella pneumoniae strain EuSCAPE_TR014,Susceptible
573.21137,Klebsiella pneumoniae strain EuSCAPE_TR163,Resistant
573.21185,Klebsiella pneumoniae strain EuSCAPE_TR076,Susceptible
573.21974,Klebsiella pneumoniae strain EuSCAPE_ES102,Susceptible
573.21947,Klebsiella pneumoniae strain EuSCAPE_ES057,Resistant
573.20804,Klebsiella pneumoniae strain EuSCAPE_RO073,Susceptible
573.15050,Klebsiella pneumoniae strain 20,Resistant
573.21313,Klebsiella pneumoniae strain EuSCAPE_EE015,Susceptible
573.21178,Klebsiella pneumoniae strain EuSCAPE_BE111,Susceptible
573.20756,Klebsiella pneumoniae strain EuSCAPE_SC001,Susceptible
573.15057,Klebsiella pneumoniae strain 37,Resistant
573.21112,Klebsiella pneumoniae strain EuSCAPE_TR107,Susceptible
573.21309,Klebsiella pneumoniae strain EuSCAPE_EE003,Susceptible
573.20892,Klebsiella pneumoniae strain EuSCAPE_RS017,Resistant
573.22078,Klebsiella pneumoniae strain EuSCAPE_ES283,Resistant
573.31625,Klebsiella pneumoniae strain KP-MO-2,Resistant
573.21475,Klebsiella pneumoniae strain EuSCAPE_FR007,Resistant
573.21584,Klebsiella pneumoniae strain EuSCAPE_DE082,Susceptible
573.21266,Klebsiella pneumoniae strain EuSCAPE_TR224,Resistant
573.46348,Klebsiella pneumoniae CX2,Resistant
573.20765,Klebsiella pneumoniae strain EuSCAPE_UK049,Susceptible
573.7217,Klebsiella pneumoniae strain KpN07,Resistant
573.20736,Klebsiella pneumoniae strain EuSCAPE_RS081,Resistant
573.22051,Klebsiella pneumoniae strain EuSCAPE_ES229,Resistant
573.21345,Klebsiella pneumoniae strain EuSCAPE_PL060,Susceptible
573.46412,Klebsiella pneumoniae CX106,Susceptible
573.21911,Klebsiella pneumoniae strain EuSCAPE_IT337,Resistant
573.21004,Klebsiella pneumoniae strain EuSCAPE_HR084,Susceptible
573.21427,Klebsiella pneumoniae strain EuSCAPE_AT009,Susceptible
573.67670,Klebsiella pneumoniae 1D-188,Susceptible
573.20763,Klebsiella pneumoniae strain EuSCAPE_UK055,Susceptible
573.21341,Klebsiella pneumoniae strain EuSCAPE_PL037,Susceptible
573.21581,Klebsiella pneumoniae strain EuSCAPE_DE009,Susceptible
573.21279,Klebsiella pneumoniae strain EuSCAPE_TR253,Resistant
573.7218,Klebsiella pneumoniae strain KpN02,Resistant
573.21990,Klebsiella pneumoniae strain EuSCAPE_HU017,Susceptible
573.20539,Klebsiella pneumoniae strain EuSCAPE_GR159,Susceptible
573.21082,Klebsiella pneumoniae strain EuSCAPE_BE093,Resistant
573.21681,Klebsiella pneumoniae strain EuSCAPE_IL075,Resistant
573.20789,Klebsiella pneumoniae strain EuSCAPE_RO061,Resistant
573.20812,Klebsiella pneumoniae strain EuSCAPE_RO085,Susceptible
573.21743,Klebsiella pneumoniae strain EuSCAPE_IT206,Susceptible
573.65954,Klebsiella pneumoniae JBBDAFI-19-0009,Susceptible
573.21443,Klebsiella pneumoniae strain EuSCAPE_CZ022,Susceptible
573.21735,Klebsiella pneumoniae strain EuSCAPE_IT198,Susceptible
573.21845,Klebsiella pneumoniae strain EuSCAPE_IT100,Resistant
573.20921,Klebsiella pneumoniae strain EuSCAPE_RS077,Resistant
573.20481,Klebsiella pneumoniae strain EuSCAPE_ES124,Susceptible
573.20559,Klebsiella pneumoniae strain EuSCAPE_GR099,Susceptible
573.21842,Klebsiella pneumoniae strain EuSCAPE_IT178,Resistant
573.21380,Klebsiella pneumoniae strain EuSCAPE_SK010,Susceptible
573.21095,Klebsiella pneumoniae strain EuSCAPE_RS115,Susceptible
573.21637,Klebsiella pneumoniae strain EuSCAPE_IT081,Susceptible
573.21647,Klebsiella pneumoniae strain EuSCAPE_IT084,Resistant
573.20776,Klebsiella pneumoniae strain EuSCAPE_UK079,Susceptible
573.21021,Klebsiella pneumoniae strain EuSCAPE_IE037,Susceptible
573.21727,Klebsiella pneumoniae strain EuSCAPE_IT016,Susceptible
573.46389,Klebsiella pneumoniae CX109,Resistant
573.20462,Klebsiella pneumoniae strain EuSCAPE_ES267,Susceptible
573.22069,Klebsiella pneumoniae strain EuSCAPE_ES254,Susceptible
573.21654,Klebsiella pneumoniae strain EuSCAPE_IL041,Resistant
573.20608,Klebsiella pneumoniae strain EuSCAPE_GR124,Resistant
573.20832,Klebsiella pneumoniae strain EuSCAPE_RO016,Resistant
573.66047,Klebsiella pneumoniae JBDDABB-19-0156,Susceptible
573.21302,Klebsiella pneumoniae strain EuSCAPE_AT023,Resistant
573.65941,Klebsiella pneumoniae JBBDACI-19-0030,Resistant
573.22009,Klebsiella pneumoniae strain EuSCAPE_HU050,Susceptible
573.20612,Klebsiella pneumoniae strain EuSCAPE_GR131,Susceptible
573.22042,Klebsiella pneumoniae strain EuSCAPE_ES214,Susceptible
573.21561,Klebsiella pneumoniae strain EuSCAPE_DE045,Susceptible
573.21996,Klebsiella pneumoniae strain EuSCAPE_HU021,Susceptible
573.22561,Klebsiella pneumoniae strain SU4,Susceptible
573.21401,Klebsiella pneumoniae strain EuSCAPE_CZ003,Susceptible
573.20507,Klebsiella pneumoniae strain EuSCAPE_GR050,Resistant
573.46378,Klebsiella pneumoniae CX101,Resistant
573.65994,Klebsiella pneumoniae JBCGACB-19-0212,Susceptible
573.21528,Klebsiella pneumoniae strain EuSCAPE_IL013,Resistant
573.21081,Klebsiella pneumoniae strain EuSCAPE_BE090,Susceptible
573.21491,Klebsiella pneumoniae strain EuSCAPE_FR078,Susceptible
573.20955,Klebsiella pneumoniae strain EuSCAPE_HR016,Resistant
573.21304,Klebsiella pneumoniae strain EuSCAPE_AT027,Resistant
573.22049,Klebsiella pneumoniae strain EuSCAPE_ES228,Susceptible
573.46413,Klebsiella pneumoniae CX68,Resistant
573.21439,Klebsiella pneumoniae strain EuSCAPE_CZ028,Susceptible
573.20818,Klebsiella pneumoniae strain EuSCAPE_RO087,Susceptible
573.20780,Klebsiella pneumoniae strain EuSCAPE_RO047,Susceptible
573.46355,Klebsiella pneumoniae CX85,Resistant
573.21454,Klebsiella pneumoniae strain EuSCAPE_PL018,Resistant
573.21222,Klebsiella pneumoniae strain EuSCAPE_IL011,Resistant
573.21077,Klebsiella pneumoniae strain EuSCAPE_BE091,Resistant
573.21440,Klebsiella pneumoniae strain EuSCAPE_CZ029,Susceptible
573.20954,Klebsiella pneumoniae strain EuSCAPE_HR020,Resistant
573.66070,Klebsiella pneumoniae JBEAAEE-19-0100,Resistant
573.21438,Klebsiella pneumoniae strain EuSCAPE_SK031,Resistant
573.21594,Klebsiella pneumoniae strain EuSCAPE_IT025,Susceptible
573.20876,Klebsiella pneumoniae strain EuSCAPE_HR092,Resistant
573.65916,Klebsiella pneumoniae JBBBACB-19-0005,Susceptible
573.21065,Klebsiella pneumoniae strain EuSCAPE_BE026,Susceptible
573.20996,Klebsiella pneumoniae strain EuSCAPE_HR076,Susceptible
573.20893,Klebsiella pneumoniae strain EuSCAPE_RS027,Resistant
573.21118,Klebsiella pneumoniae strain EuSCAPE_TR126,Resistant
573.14771,Klebsiella pneumoniae strain 63,Resistant
573.46345,Klebsiella pneumoniae CX9,Resistant
573.21025,Klebsiella pneumoniae strain EuSCAPE_IE008,Resistant
573.20465,Klebsiella pneumoniae strain EuSCAPE_GR060,Susceptible
573.21393,Klebsiella pneumoniae strain EuSCAPE_SK036,Resistant
573.20696,Klebsiella pneumoniae strain EuSCAPE_UK076,Susceptible
573.21894,Klebsiella pneumoniae strain EuSCAPE_IT308,Resistant
573.21281,Klebsiella pneumoniae strain EuSCAPE_TR243,Susceptible
573.46404,Klebsiella pneumoniae CX60,Resistant
573.66005,Klebsiella pneumoniae JBCHACG-19-0017,Susceptible
573.66030,Klebsiella pneumoniae JBCIACE-19-0192,Susceptible
573.20510,Klebsiella pneumoniae strain EuSCAPE_GR061,Susceptible
573.67343,Klebsiella pneumoniae 114640,Susceptible
573.21551,Klebsiella pneumoniae strain EuSCAPE_DE035,Resistant
573.21635,Klebsiella pneumoniae strain EuSCAPE_IT070,Resistant
573.22002,Klebsiella pneumoniae strain EuSCAPE_HU033,Susceptible
573.20767,Klebsiella pneumoniae strain EuSCAPE_UK057,Resistant
573.65884,Klebsiella pneumoniae 1D-189,Susceptible
573.20754,Klebsiella pneumoniae strain EuSCAPE_LU020,Susceptible
573.14807,Klebsiella pneumoniae strain 1,Resistant
573.20718,Klebsiella pneumoniae strain EuSCAPE_RS025,Susceptible
573.66082,Klebsiella pneumoniae JBEAAGC-19-0025,Susceptible
573.20717,Klebsiella pneumoniae strain EuSCAPE_SI026,Susceptible
573.21226,Klebsiella pneumoniae strain EuSCAPE_CZ026,Susceptible
573.31600,Klebsiella pneumoniae strain KP-MO-29,Resistant
573.22014,Klebsiella pneumoniae strain EuSCAPE_HU041,Susceptible
573.21396,Klebsiella pneumoniae strain EuSCAPE_SK038,Susceptible
573.20885,Klebsiella pneumoniae strain EuSCAPE_RS015,Resistant
573.21522,Klebsiella pneumoniae strain EuSCAPE_IL004,Resistant
573.21335,Klebsiella pneumoniae strain EuSCAPE_PL035,Susceptible
573.21685,Klebsiella pneumoniae strain EuSCAPE_IL081,Susceptible
573.21799,Klebsiella pneumoniae strain EuSCAPE_IT126,Resistant
573.67359,Klebsiella pneumoniae 106698,Susceptible
573.65985,Klebsiella pneumoniae JBCGAAG-19-0320,Susceptible
573.46326,Klebsiella pneumoniae CX96,Susceptible
573.20630,Klebsiella pneumoniae strain EuSCAPE_RS009,Susceptible
573.24272,Klebsiella pneumoniae strain 27,Resistant
573.21520,Klebsiella pneumoniae strain EuSCAPE_IL005,Susceptible
573.21337,Klebsiella pneumoniae strain EuSCAPE_PL046,Resistant
573.21196,Klebsiella pneumoniae strain EuSCAPE_TR283,Susceptible
573.21074,Klebsiella pneumoniae strain EuSCAPE_BE081,Resistant
573.65931,Klebsiella pneumoniae JBBDAAF-19-0009,Resistant
573.65962,Klebsiella pneumoniae JBBDAJB-19-0028,Susceptible
573.22007,Klebsiella pneumoniae strain EuSCAPE_HU044,Susceptible
573.46392,Klebsiella pneumoniae CX110,Resistant
573.21694,Klebsiella pneumoniae strain EuSCAPE_ME001,Susceptible
573.21149,Klebsiella pneumoniae strain EuSCAPE_TR015,Susceptible
573.23991,Klebsiella pneumoniae strain 25,Resistant
573.21187,Klebsiella pneumoniae strain EuSCAPE_TR081,Susceptible
573.21180,Klebsiella pneumoniae strain EuSCAPE_TR070,Susceptible
573.21489,Klebsiella pneumoniae strain EuSCAPE_FR050,Susceptible
573.21171,Klebsiella pneumoniae strain EuSCAPE_TR055,Susceptible
573.65957,Klebsiella pneumoniae JBBDAGD-19-0275,Susceptible
573.21389,Klebsiella pneumoniae strain EuSCAPE_SK020,Susceptible
573.21217,Klebsiella pneumoniae strain EuSCAPE_SK008,Resistant
573.20514,Klebsiella pneumoniae strain EuSCAPE_GR080,Susceptible
573.65995,Klebsiella pneumoniae JBCGACB-19-0287,Susceptible
573.20694,Klebsiella pneumoniae strain EuSCAPE_UK099,Susceptible
573.21543,Klebsiella pneumoniae strain EuSCAPE_DE021,Susceptible
573.31624,Klebsiella pneumoniae strain KP-MO-1,Resistant
573.67693,Klebsiella pneumoniae JBEAAAI-19-0047,Susceptible
573.20851,Klebsiella pneumoniae strain EuSCAPE_RO018,Resistant
573.14769,Klebsiella pneumoniae strain 68,Resistant
573.22052,Klebsiella pneumoniae strain EuSCAPE_ES224,Susceptible
573.25656,Klebsiella pneumoniae strain 53,Resistant
573.20829,Klebsiella pneumoniae strain EuSCAPE_RO099,Resistant
573.21876,Klebsiella pneumoniae strain EuSCAPE_IT400,Resistant
573.21299,Klebsiella pneumoniae strain EuSCAPE_AT002,Resistant
573.21971,Klebsiella pneumoniae strain EuSCAPE_ES094,Resistant
573.21970,Klebsiella pneumoniae strain EuSCAPE_HU008,Susceptible
573.21977,Klebsiella pneumoniae strain EuSCAPE_ES093,Resistant
573.21058,Klebsiella pneumoniae strain EuSCAPE_BE062,Susceptible
573.22063,Klebsiella pneumoniae strain EuSCAPE_ES246,Susceptible
573.21094,Klebsiella pneumoniae strain EuSCAPE_RS110,Susceptible
573.21809,Klebsiella pneumoniae strain EuSCAPE_IT133,Susceptible
573.21955,Klebsiella pneumoniae strain EuSCAPE_HU007,Susceptible
573.21737,Klebsiella pneumoniae strain EuSCAPE_IT202,Susceptible
573.20745,Klebsiella pneumoniae strain EuSCAPE_LU006,Resistant
573.20749,Klebsiella pneumoniae strain EuSCAPE_LU014,Susceptible
573.65904,Klebsiella pneumoniae JBABAGH-19-0001,Susceptible
573.21141,Klebsiella pneumoniae strain EuSCAPE_TR009,Resistant
573.22016,Klebsiella pneumoniae strain EuSCAPE_HU062,Susceptible
573.21291,Klebsiella pneumoniae strain EuSCAPE_TR271,Susceptible
573.66007,Klebsiella pneumoniae JBCHACG-19-0211,Susceptible
573.21336,Klebsiella pneumoniae strain EuSCAPE_PL050,Susceptible
573.21883,Klebsiella pneumoniae strain EuSCAPE_IT261,Susceptible
573.22032,Klebsiella pneumoniae strain EuSCAPE_ES207,Susceptible
573.22010,Klebsiella pneumoniae strain EuSCAPE_HU052,Susceptible
573.46362,Klebsiella pneumoniae CX121,Resistant
573.20685,Klebsiella pneumoniae strain EuSCAPE_UK070,Resistant
573.7223,Klebsiella pneumoniae strain KpN09,Resistant
573.21717,Klebsiella pneumoniae strain EuSCAPE_IT007,Resistant
573.21617,Klebsiella pneumoniae strain EuSCAPE_IT048,Resistant
573.20845,Klebsiella pneumoniae strain EuSCAPE_UK002,Susceptible
573.21234,Klebsiella pneumoniae strain EuSCAPE_IT087,Susceptible
573.20988,Klebsiella pneumoniae strain EuSCAPE_HR064,Susceptible
573.46338,Klebsiella pneumoniae CX19,Resistant
573.21962,Klebsiella pneumoniae strain EuSCAPE_ES078,Resistant
573.21662,Klebsiella pneumoniae strain EuSCAPE_IL057,Resistant
573.21907,Klebsiella pneumoniae strain EuSCAPE_IT328,Resistant
573.20525,Klebsiella pneumoniae strain EuSCAPE_GR108,Resistant
573.21285,Klebsiella pneumoniae strain EuSCAPE_TR245,Susceptible
573.21732,Klebsiella pneumoniae strain EuSCAPE_IT006,Susceptible
573.21517,Klebsiella pneumoniae strain EuSCAPE_LT006,Susceptible
573.67691,Klebsiella pneumoniae JBDJAAE-19-0141,Susceptible
573.14796,Klebsiella pneumoniae strain 29,Resistant
573.46356,Klebsiella pneumoniae CX80,Resistant
573.20757,Klebsiella pneumoniae strain EuSCAPE_CY006,Susceptible
573.21572,Klebsiella pneumoniae strain EuSCAPE_DE059,Resistant
573.67355,Klebsiella pneumoniae 106256,Susceptible
573.21000,Klebsiella pneumoniae strain EuSCAPE_HR082,Susceptible
573.46351,Klebsiella pneumoniae CX12,Resistant
573.21984,Klebsiella pneumoniae strain EuSCAPE_BU020,Susceptible
573.21523,Klebsiella pneumoniae strain EuSCAPE_IL007,Susceptible
573.20692,Klebsiella pneumoniae strain EuSCAPE_UK090,Susceptible
573.21595,Klebsiella pneumoniae strain EuSCAPE_IT024,Resistant
573.21586,Klebsiella pneumoniae strain EuSCAPE_DE084,Susceptible
573.21435,Klebsiella pneumoniae strain EuSCAPE_AT028,Susceptible
573.46410,Klebsiella pneumoniae CX55,Resistant
573.21993,Klebsiella pneumoniae strain EuSCAPE_HU023,Susceptible
573.21236,Klebsiella pneumoniae strain EuSCAPE_TR183,Susceptible
573.66090,Klebsiella pneumoniae JBEHAAB-19-0031,Susceptible
573.21297,Klebsiella pneumoniae strain EuSCAPE_TR277,Resistant
573.21670,Klebsiella pneumoniae strain EuSCAPE_IL061,Susceptible
573.67688,Klebsiella pneumoniae JBCIAAH-19-0518,Susceptible
573.21866,Klebsiella pneumoniae strain EuSCAPE_IT386,Resistant
573.20877,Klebsiella pneumoniae strain EuSCAPE_HR094,Susceptible
573.21622,Klebsiella pneumoniae strain EuSCAPE_IT050,Resistant
573.20468,Klebsiella pneumoniae strain EuSCAPE_GR075,Resistant
573.20849,Klebsiella pneumoniae strain EuSCAPE_RO041,Susceptible
573.21044,Klebsiella pneumoniae strain EuSCAPE_BE040,Susceptible
573.67671,Klebsiella pneumoniae 1D-191,Susceptible
573.21212,Klebsiella pneumoniae strain EuSCAPE_PL047,Susceptible
573.21546,Klebsiella pneumoniae strain EuSCAPE_DE026,Resistant
573.46331,Klebsiella pneumoniae CX91,Resistant
573.7222,Klebsiella pneumoniae strain KpN10,Resistant
573.21490,Klebsiella pneumoniae strain EuSCAPE_FR056,Susceptible
573.21293,Klebsiella pneumoniae strain EuSCAPE_TR273,Susceptible
573.20911,Klebsiella pneumoniae strain EuSCAPE_RS056,Susceptible
573.24258,Klebsiella pneumoniae strain 19,Resistant
573.22060,Klebsiella pneumoniae strain EuSCAPE_ES275,Susceptible
573.20753,Klebsiella pneumoniae strain EuSCAPE_LU018,Resistant
573.20734,Klebsiella pneumoniae strain EuSCAPE_RS072,Resistant
573.21029,Klebsiella pneumoniae strain EuSCAPE_BE011,Susceptible
573.20513,Klebsiella pneumoniae strain EuSCAPE_GR078,Susceptible
573.20586,Klebsiella pneumoniae strain EuSCAPE_GR105,Resistant
573.21146,Klebsiella pneumoniae strain EuSCAPE_TR011,Susceptible
573.21162,Klebsiella pneumoniae strain EuSCAPE_TR042,Susceptible
573.46397,Klebsiella pneumoniae CX115,Resistant
573.21204,Klebsiella pneumoniae strain EuSCAPE_TR305,Susceptible
573.20902,Klebsiella pneumoniae strain EuSCAPE_RS040,Resistant
573.21805,Klebsiella pneumoniae strain EuSCAPE_IT131,Susceptible
573.20605,Klebsiella pneumoniae strain EuSCAPE_GR116,Susceptible
573.20897,Klebsiella pneumoniae strain EuSCAPE_RS034,Susceptible
573.21879,Klebsiella pneumoniae strain EuSCAPE_LV006,Susceptible
573.21728,Klebsiella pneumoniae strain EuSCAPE_IT019,Susceptible
573.21645,Klebsiella pneumoniae strain EuSCAPE_IT082,Resistant
573.21107,Klebsiella pneumoniae strain EuSCAPE_TR100,Resistant
573.20794,Klebsiella pneumoniae strain EuSCAPE_RO066,Susceptible
573.20962,Klebsiella pneumoniae strain EuSCAPE_HR027,Susceptible
573.14772,Klebsiella pneumoniae strain 62,Resistant
573.21173,Klebsiella pneumoniae strain EuSCAPE_TR052,Resistant
573.21628,Klebsiella pneumoniae strain EuSCAPE_IL038,Susceptible
573.20968,Klebsiella pneumoniae strain EuSCAPE_HR035,Susceptible
573.21952,Klebsiella pneumoniae strain EuSCAPE_ES065,Resistant
573.21820,Klebsiella pneumoniae strain EuSCAPE_IT147,Susceptible
573.21554,Klebsiella pneumoniae strain EuSCAPE_DE039,Susceptible
573.21991,Klebsiella pneumoniae strain EuSCAPE_HU019,Susceptible
573.20530,Klebsiella pneumoniae strain EuSCAPE_GR118,Susceptible
573.21675,Klebsiella pneumoniae strain EuSCAPE_IL067,Susceptible
573.21591,Klebsiella pneumoniae strain EuSCAPE_IT022,Resistant
573.65880,Klebsiella pneumoniae 1D-186,Susceptible
573.21347,Klebsiella pneumoniae strain EuSCAPE_PL058,Susceptible
573.22003,Klebsiella pneumoniae strain EuSCAPE_HU028,Susceptible
573.20618,Klebsiella pneumoniae strain EuSCAPE_GR147,Resistant
573.21394,Klebsiella pneumoniae strain EuSCAPE_SK032,Susceptible
573.20469,Klebsiella pneumoniae strain EuSCAPE_GR071,Susceptible
573.20454,Klebsiella pneumoniae strain EuSCAPE_GR016,Resistant
573.21808,Klebsiella pneumoniae strain EuSCAPE_IT135,Susceptible
573.21686,Klebsiella pneumoniae strain EuSCAPE_IL079,Resistant
573.20860,Klebsiella pneumoniae strain EuSCAPE_UK025,Resistant
573.20626,Klebsiella pneumoniae strain EuSCAPE_GR167,Resistant
573.21978,Klebsiella pneumoniae strain EuSCAPE_ES104,Resistant
573.20511,Klebsiella pneumoniae strain EuSCAPE_GR002,Resistant
573.20783,Klebsiella pneumoniae strain EuSCAPE_RO048,Resistant
573.21726,Klebsiella pneumoniae strain EuSCAPE_IT018,Susceptible
573.20982,Klebsiella pneumoniae strain EuSCAPE_HR057,Susceptible
573.21865,Klebsiella pneumoniae strain EuSCAPE_IT387,Susceptible
573.22048,Klebsiella pneumoniae strain EuSCAPE_ES225,Resistant
573.22029,Klebsiella pneumoniae strain EuSCAPE_ES206,Susceptible
573.21720,Klebsiella pneumoniae strain EuSCAPE_IT009,Resistant
573.66045,Klebsiella pneumoniae JBDDABB-19-0042,Susceptible
573.20737,Klebsiella pneumoniae strain EuSCAPE_LU007,Susceptible
573.21821,Klebsiella pneumoniae strain EuSCAPE_IT145,Susceptible
573.21261,Klebsiella pneumoniae strain EuSCAPE_TR217,Susceptible
573.21773,Klebsiella pneumoniae strain EuSCAPE_IT247,Susceptible
573.66095,Klebsiella pneumoniae JBEHABI-19-0178,Susceptible
573.21973,Klebsiella pneumoniae strain EuSCAPE_ES089,Susceptible
573.66061,Klebsiella pneumoniae JBDHAAI-19-0009,Susceptible
573.21713,Klebsiella pneumoniae strain EuSCAPE_ME018,Susceptible
573.21089,Klebsiella pneumoniae strain EuSCAPE_RS106,Susceptible
573.15053,Klebsiella pneumoniae strain 15,Resistant
573.46349,Klebsiella pneumoniae CX15,Resistant
573.20515,Klebsiella pneumoniae strain EuSCAPE_GR065,Susceptible
573.21363,Klebsiella pneumoniae strain EuSCAPE_FR042,Susceptible
573.21139,Klebsiella pneumoniae strain EuSCAPE_TR007,Resistant
573.21663,Klebsiella pneumoniae strain EuSCAPE_IL056,Susceptible
573.21609,Klebsiella pneumoniae strain EuSCAPE_IT037,Susceptible
573.21426,Klebsiella pneumoniae strain EuSCAPE_CZ039,Susceptible
573.65918,Klebsiella pneumoniae JBBBACD-19-0035,Susceptible
573.66015,Klebsiella pneumoniae JBCHAFC-19-0039,Susceptible
573.21275,Klebsiella pneumoniae strain EuSCAPE_TR237,Susceptible
573.21558,Klebsiella pneumoniae strain EuSCAPE_DE046,Susceptible
573.21815,Klebsiella pneumoniae strain EuSCAPE_IT139,Susceptible
573.21789,Klebsiella pneumoniae strain EuSCAPE_IT113,Susceptible
573.31617,Klebsiella pneumoniae strain KP-MO-7,Resistant
573.22092,Klebsiella pneumoniae strain EuSCAPE_HR107,Susceptible
573.67352,Klebsiella pneumoniae 91246,Susceptible
573.21200,Klebsiella pneumoniae strain EuSCAPE_TR285,Susceptible
573.21306,Klebsiella pneumoniae strain EuSCAPE_EE005,Susceptible
573.21356,Klebsiella pneumoniae strain EuSCAPE_FR029,Susceptible
573.21296,Klebsiella pneumoniae strain EuSCAPE_TR275,Resistant
573.20916,Klebsiella pneumoniae strain EuSCAPE_RS068,Susceptible
573.20678,Klebsiella pneumoniae strain EuSCAPE_SC033,Susceptible
573.66010,Klebsiella pneumoniae JBCHACG-19-0426,Resistant
573.21280,Klebsiella pneumoniae strain EuSCAPE_TR244,Resistant
573.22067,Klebsiella pneumoniae strain EuSCAPE_ES252,Susceptible
573.20844,Klebsiella pneumoniae strain EuSCAPE_UK137,Susceptible
573.21503,Klebsiella pneumoniae strain EuSCAPE_MT010,Susceptible
573.20872,Klebsiella pneumoniae strain EuSCAPE_HR103,Susceptible
573.21636,Klebsiella pneumoniae strain EuSCAPE_IT066,Resistant
573.21689,Klebsiella pneumoniae strain EuSCAPE_IL083,Resistant
573.21046,Klebsiella pneumoniae strain EuSCAPE_BE021,Susceptible
573.21390,Klebsiella pneumoniae strain EuSCAPE_SK033,Susceptible
573.21488,Klebsiella pneumoniae strain EuSCAPE_FR039,Susceptible
573.20540,Klebsiella pneumoniae strain EuSCAPE_RS007,Susceptible
573.21734,Klebsiella pneumoniae strain EuSCAPE_IT197,Susceptible
573.20721,Klebsiella pneumoniae strain EuSCAPE_HR075,Resistant
573.21573,Klebsiella pneumoniae strain EuSCAPE_DE072,Resistant
573.20492,Klebsiella pneumoniae strain EuSCAPE_ES137,Susceptible
573.20938,Klebsiella pneumoniae strain EuSCAPE_RS098,Susceptible
573.21896,Klebsiella pneumoniae strain EuSCAPE_IT299,Susceptible
573.22004,Klebsiella pneumoniae strain EuSCAPE_HU036,Susceptible
573.65912,Klebsiella pneumoniae JBBAAAE-19-0008,Susceptible
573.21410,Klebsiella pneumoniae strain EuSCAPE_CZ015,Susceptible
573.20934,Klebsiella pneumoniae strain EuSCAPE_RS100,Resistant
573.21069,Klebsiella pneumoniae strain EuSCAPE_BE075,Susceptible
573.21754,Klebsiella pneumoniae strain EuSCAPE_IT222,Resistant
573.21011,Klebsiella pneumoniae strain EuSCAPE_IE017,Resistant
573.21646,Klebsiella pneumoniae strain EuSCAPE_IT085,Susceptible
573.21130,Klebsiella pneumoniae strain EuSCAPE_TR157,Susceptible
573.20606,Klebsiella pneumoniae strain EuSCAPE_GR115,Susceptible
573.66022,Klebsiella pneumoniae JBCIAAH-19-0141,Susceptible
573.20924,Klebsiella pneumoniae strain EuSCAPE_RS082,Susceptible
573.21825,Klebsiella pneumoniae strain EuSCAPE_IT155,Susceptible
573.21593,Klebsiella pneumoniae strain EuSCAPE_NO001,Susceptible
573.22071,Klebsiella pneumoniae strain EuSCAPE_ES259,Susceptible
573.21205,Klebsiella pneumoniae strain EuSCAPE_TR306,Susceptible
573.20850,Klebsiella pneumoniae strain EuSCAPE_UK011,Resistant
573.22000,Klebsiella pneumoniae strain EuSCAPE_HU031,Susceptible
573.21247,Klebsiella pneumoniae strain EuSCAPE_TR199,Susceptible
573.20907,Klebsiella pneumoniae strain EuSCAPE_RS050,Susceptible
573.21276,Klebsiella pneumoniae strain EuSCAPE_TR232,Resistant
573.20723,Klebsiella pneumoniae strain EuSCAPE_RS044,Susceptible
573.21317,Klebsiella pneumoniae strain EuSCAPE_PL007,Susceptible
573.65907,Klebsiella pneumoniae JBAGAAJ-19-0012,Susceptible
573.20704,Klebsiella pneumoniae strain EuSCAPE_UK083,Susceptible
573.21054,Klebsiella pneumoniae strain EuSCAPE_BE024,Susceptible
573.20915,Klebsiella pneumoniae strain EuSCAPE_RS064,Resistant
573.21002,Klebsiella pneumoniae strain EuSCAPE_HR083,Susceptible
573.21539,Klebsiella pneumoniae strain EuSCAPE_DE019,Resistant
573.21771,Klebsiella pneumoniae strain EuSCAPE_IT248,Resistant
573.20624,Klebsiella pneumoniae strain EuSCAPE_RS002,Resistant
573.20980,Klebsiella pneumoniae strain EuSCAPE_HR055,Susceptible
573.21844,Klebsiella pneumoniae strain EuSCAPE_IT185,Susceptible
573.20642,Klebsiella pneumoniae strain EuSCAPE_GR094,Resistant
573.21624,Klebsiella pneumoniae strain EuSCAPE_IT056,Resistant
573.21109,Klebsiella pneumoniae strain EuSCAPE_TR112,Susceptible
573.21806,Klebsiella pneumoniae strain EuSCAPE_IT136,Resistant
573.21535,Klebsiella pneumoniae strain EuSCAPE_IL021,Resistant
573.21425,Klebsiella pneumoniae strain EuSCAPE_FR072,Susceptible
573.21073,Klebsiella pneumoniae strain EuSCAPE_BE082,Resistant
573.46390,Klebsiella pneumoniae CX114,Resistant
573.20825,Klebsiella pneumoniae strain EuSCAPE_RO095,Resistant
573.21064,Klebsiella pneumoniae strain EuSCAPE_BE074,Resistant
573.21392,Klebsiella pneumoniae strain EuSCAPE_FR066,Susceptible
573.67698,Klebsiella pneumoniae JBEAACH-19-0006,Susceptible
573.21288,Klebsiella pneumoniae strain EuSCAPE_TR267,Resistant
573.21344,Klebsiella pneumoniae strain EuSCAPE_PL057,Susceptible
573.20719,Klebsiella pneumoniae strain EuSCAPE_RS018,Susceptible
573.20490,Klebsiella pneumoniae strain EuSCAPE_ES138,Susceptible
573.65938,Klebsiella pneumoniae JBBDABE-19-0032,Susceptible
573.65887,Klebsiella pneumoniae 1D-193,Susceptible
573.21201,Klebsiella pneumoniae strain EuSCAPE_TR303,Susceptible
573.20906,Klebsiella pneumoniae strain EuSCAPE_RS043,Resistant
573.21460,Klebsiella pneumoniae strain EuSCAPE_PL048,Resistant
573.20882,Klebsiella pneumoniae strain EuSCAPE_HR104,Resistant
573.65885,Klebsiella pneumoniae 1D-192,Susceptible
573.21193,Klebsiella pneumoniae strain EuSCAPE_TR280,Resistant
573.21919,Klebsiella pneumoniae strain EuSCAPE_IT343,Resistant
573.20986,Klebsiella pneumoniae strain EuSCAPE_HR062,Susceptible
573.20730,Klebsiella pneumoniae strain EuSCAPE_RS060,Susceptible
573.22075,Klebsiella pneumoniae strain EuSCAPE_ES262,Susceptible
573.15039,Klebsiella pneumoniae strain 47,Resistant
573.21220,Klebsiella pneumoniae strain EuSCAPE_CZ006,Susceptible
573.15058,Klebsiella pneumoniae strain 32,Resistant
573.21650,Klebsiella pneumoniae strain EuSCAPE_IL040,Resistant
573.21917,Klebsiella pneumoniae strain EuSCAPE_IT327,Susceptible
573.21739,Klebsiella pneumoniae strain EuSCAPE_IT205,Resistant
573.21826,Klebsiella pneumoniae strain EuSCAPE_IT160,Resistant
573.21110,Klebsiella pneumoniae strain EuSCAPE_TR118,Resistant
573.21562,Klebsiella pneumoniae strain EuSCAPE_DE047,Resistant
573.31614,Klebsiella pneumoniae strain KP-MO-14,Resistant
573.21189,Klebsiella pneumoniae strain EuSCAPE_TR086,Resistant
573.20826,Klebsiella pneumoniae strain EuSCAPE_RO097,Susceptible
573.22030,Klebsiella pneumoniae strain EuSCAPE_ES209,Susceptible
573.21450,Klebsiella pneumoniae strain EuSCAPE_PL016,Resistant
573.20797,Klebsiella pneumoniae strain EuSCAPE_RO071,Susceptible
573.21642,Klebsiella pneumoniae strain EuSCAPE_IT080,Resistant
573.21540,Klebsiella pneumoniae strain EuSCAPE_IL022,Susceptible
573.20506,Klebsiella pneumoniae strain EuSCAPE_GR001,Resistant
573.21445,Klebsiella pneumoniae strain EuSCAPE_EE021,Susceptible
573.21421,Klebsiella pneumoniae strain EuSCAPE_CZ007,Resistant
573.21951,Klebsiella pneumoniae strain EuSCAPE_ES066,Resistant
573.20827,Klebsiella pneumoniae strain EuSCAPE_RO098,Susceptible
573.21945,Klebsiella pneumoniae strain EuSCAPE_ES053,Resistant
573.14790,Klebsiella pneumoniae strain 34,Resistant
573.20536,Klebsiella pneumoniae strain EuSCAPE_GR153,Resistant
573.65968,Klebsiella pneumoniae JBCBAAC-19-0015,Susceptible
573.21333,Klebsiella pneumoniae strain EuSCAPE_PL019,Susceptible
573.21885,Klebsiella pneumoniae strain EuSCAPE_IT286,Resistant
573.46382,Klebsiella pneumoniae CX112,Resistant
573.21229,Klebsiella pneumoniae strain EuSCAPE_TR181,Susceptible
573.15056,Klebsiella pneumoniae strain 38,Resistant
573.21749,Klebsiella pneumoniae strain EuSCAPE_IT213,Susceptible
573.31609,Klebsiella pneumoniae strain KP-MO-20,Resistant
573.67689,Klebsiella pneumoniae JBCDADA-19-0021,Susceptible
573.20903,Klebsiella pneumoniae strain EuSCAPE_RS047,Susceptible
573.21607,Klebsiella pneumoniae strain EuSCAPE_IT038,Resistant
573.21372,Klebsiella pneumoniae strain EuSCAPE_SK004,Susceptible
573.21944,Klebsiella pneumoniae strain EuSCAPE_ES052,Susceptible
573.21588,Klebsiella pneumoniae strain EuSCAPE_IL034,Resistant
573.21869,Klebsiella pneumoniae strain EuSCAPE_IT388,Resistant
573.46374,Klebsiella pneumoniae CX33,Resistant
573.21055,Klebsiella pneumoniae strain EuSCAPE_BE059,Susceptible
573.21144,Klebsiella pneumoniae strain EuSCAPE_TR012,Susceptible
573.21687,Klebsiella pneumoniae strain EuSCAPE_IL082,Susceptible
573.66024,Klebsiella pneumoniae JBCIAAH-19-0661,Susceptible
573.46350,Klebsiella pneumoniae CX14,Resistant
573.29590,Klebsiella pneumoniae strain 22,Resistant
573.21407,Klebsiella pneumoniae strain EuSCAPE_CZ004,Susceptible
573.21122,Klebsiella pneumoniae strain EuSCAPE_TR143,Susceptible
573.21174,Klebsiella pneumoniae strain EuSCAPE_TR058,Resistant
573.22077,Klebsiella pneumoniae strain EuSCAPE_ES277,Susceptible
573.21987,Klebsiella pneumoniae strain EuSCAPE_HU014,Susceptible
573.21121,Klebsiella pneumoniae strain EuSCAPE_TR148,Resistant
573.31621,Klebsiella pneumoniae strain KP-MO-4,Resistant
573.21013,Klebsiella pneumoniae strain EuSCAPE_IE022,Susceptible
573.20700,Klebsiella pneumoniae strain EuSCAPE_UK119,Susceptible
573.21086,Klebsiella pneumoniae strain EuSCAPE_BE098,Resistant
573.21736,Klebsiella pneumoniae strain EuSCAPE_IT201,Resistant
573.20741,Klebsiella pneumoniae strain EuSCAPE_RS099,Susceptible
573.20622,Klebsiella pneumoniae strain EuSCAPE_GR158,Resistant
573.21994,Klebsiella pneumoniae strain EuSCAPE_HU022,Susceptible
573.46360,Klebsiella pneumoniae CX83,Resistant
573.46335,Klebsiella pneumoniae CX4,Resistant
573.21589,Klebsiella pneumoniae strain EuSCAPE_DE010,Resistant
573.21768,Klebsiella pneumoniae strain EuSCAPE_IT244,Resistant
573.21307,Klebsiella pneumoniae strain EuSCAPE_EE013,Resistant
573.21403,Klebsiella pneumoniae strain EuSCAPE_SK044,Susceptible
573.20830,Klebsiella pneumoniae strain EuSCAPE_RO021,Susceptible
573.21026,Klebsiella pneumoniae strain EuSCAPE_IE043,Susceptible
573.20919,Klebsiella pneumoniae strain EuSCAPE_RS075,Susceptible
573.20521,Klebsiella pneumoniae strain EuSCAPE_GR097,Susceptible
573.21464,Klebsiella pneumoniae strain EuSCAPE_PL051,Susceptible
573.20884,Klebsiella pneumoniae strain EuSCAPE_RS011,Susceptible
573.21129,Klebsiella pneumoniae strain EuSCAPE_BE122,Susceptible
573.20494,Klebsiella pneumoniae strain EuSCAPE_GR021,Susceptible
573.21936,Klebsiella pneumoniae strain EuSCAPE_ES047,Susceptible
573.21108,Klebsiella pneumoniae strain EuSCAPE_TR110,Susceptible
573.46324,Klebsiella pneumoniae CX94,Resistant
573.21797,Klebsiella pneumoniae strain EuSCAPE_IT122,Resistant
573.21563,Klebsiella pneumoniae strain EuSCAPE_DE050,Susceptible
573.20979,Klebsiella pneumoniae strain EuSCAPE_HR059,Resistant
573.21458,Klebsiella pneumoniae strain EuSCAPE_PL040,Susceptible
573.20531,Klebsiella pneumoniae strain EuSCAPE_GR135,Resistant
573.20609,Klebsiella pneumoniae strain EuSCAPE_GR125,Resistant
573.21802,Klebsiella pneumoniae strain EuSCAPE_IT127,Susceptible
573.21057,Klebsiella pneumoniae strain EuSCAPE_BE025,Susceptible
573.22001,Klebsiella pneumoniae strain EuSCAPE_HU029,Susceptible
573.20627,Klebsiella pneumoniae strain EuSCAPE_GR166,Resistant
573.21079,Klebsiella pneumoniae strain EuSCAPE_BE092,Resistant
573.20880,Klebsiella pneumoniae strain EuSCAPE_HR100,Susceptible
573.20532,Klebsiella pneumoniae strain EuSCAPE_GR146,Resistant
573.21612,Klebsiella pneumoniae strain EuSCAPE_IT042,Susceptible
573.21068,Klebsiella pneumoniae strain EuSCAPE_BE076,Resistant
573.20773,Klebsiella pneumoniae strain EuSCAPE_RO008,Susceptible
573.20920,Klebsiella pneumoniae strain EuSCAPE_RS069,Susceptible
573.65878,Klebsiella pneumoniae ERR2931029,Susceptible
573.21263,Klebsiella pneumoniae strain EuSCAPE_TR221,Susceptible
573.20693,Klebsiella pneumoniae strain EuSCAPE_UK104,Susceptible
573.20959,Klebsiella pneumoniae strain EuSCAPE_HR025,Susceptible
573.20777,Klebsiella pneumoniae strain EuSCAPE_UK081,Susceptible
573.21385,Klebsiella pneumoniae strain EuSCAPE_SK029,Susceptible
573.66097,Klebsiella pneumoniae JBEHABI-19-0048,Susceptible
573.21153,Klebsiella pneumoniae strain EuSCAPE_TR027,Susceptible
573.21524,Klebsiella pneumoniae strain EuSCAPE_IL001,Susceptible
573.21246,Klebsiella pneumoniae strain EuSCAPE_TR197,Susceptible
573.46342,Klebsiella pneumoniae CX5,Resistant
573.21848,Klebsiella pneumoniae strain EuSCAPE_IT193,Susceptible
573.21606,Klebsiella pneumoniae strain EuSCAPE_IL035,Susceptible
573.21305,Klebsiella pneumoniae strain EuSCAPE_AT024,Susceptible
573.21660,Klebsiella pneumoniae strain EuSCAPE_IL049,Susceptible
573.21669,Klebsiella pneumoniae strain EuSCAPE_IL058,Resistant
573.21358,Klebsiella pneumoniae strain EuSCAPE_FR020,Susceptible
573.65963,Klebsiella pneumoniae JBBEADE-19-0066,Susceptible
573.20535,Klebsiella pneumoniae strain EuSCAPE_GR151,Resistant
573.20464,Klebsiella pneumoniae strain EuSCAPE_GR070,Susceptible
573.46391,Klebsiella pneumoniae CX46,Resistant
573.66036,Klebsiella pneumoniae JBDAAAB-19-0032,Susceptible
573.21402,Klebsiella pneumoniae strain EuSCAPE_SK045,Susceptible
573.21067,Klebsiella pneumoniae strain EuSCAPE_BE079,Resistant
573.21411,Klebsiella pneumoniae strain EuSCAPE_CZ013,Susceptible
573.20863,Klebsiella pneumoniae strain EuSCAPE_UK030,Resistant
573.21705,Klebsiella pneumoniae strain EuSCAPE_ME016,Resistant
573.21262,Klebsiella pneumoniae strain EuSCAPE_TR215,Susceptible
573.21198,Klebsiella pneumoniae strain EuSCAPE_TR178,Susceptible
573.21811,Klebsiella pneumoniae strain EuSCAPE_IT138,Resistant
573.20695,Klebsiella pneumoniae strain EuSCAPE_UK101,Susceptible
573.20932,Klebsiella pneumoniae strain EuSCAPE_RS092,Resistant
573.65975,Klebsiella pneumoniae JBCDAAB-19-0054,Resistant
573.46354,Klebsiella pneumoniae CX84,Resistant
573.20909,Klebsiella pneumoniae strain EuSCAPE_RO119,Resistant
573.21902,Klebsiella pneumoniae strain EuSCAPE_IT322,Resistant
573.20888,Klebsiella pneumoniae strain EuSCAPE_RS016,Resistant
573.21786,Klebsiella pneumoniae strain EuSCAPE_IT090,Resistant
573.66046,Klebsiella pneumoniae JBDDABB-19-0101,Susceptible
573.66008,Klebsiella pneumoniae JBCHACG-19-0239,Susceptible
573.46400,Klebsiella pneumoniae CX61,Resistant
573.20937,Klebsiella pneumoniae strain EuSCAPE_RS103,Resistant
573.22090,Klebsiella pneumoniae strain EuSCAPE_LU002,Resistant
573.20910,Klebsiella pneumoniae strain EuSCAPE_RS052,Resistant
573.20533,Klebsiella pneumoniae strain EuSCAPE_GR129,Susceptible
573.65910,Klebsiella pneumoniae JBAJAAH-19-0254,Susceptible
573.21671,Klebsiella pneumoniae strain EuSCAPE_IL063,Resistant
573.20505,Klebsiella pneumoniae strain EuSCAPE_GR047,Susceptible
573.21795,Klebsiella pneumoniae strain EuSCAPE_IT119,Susceptible
573.21188,Klebsiella pneumoniae strain EuSCAPE_TR088,Resistant
573.20843,Klebsiella pneumoniae strain EuSCAPE_RO034,Susceptible
573.21817,Klebsiella pneumoniae strain EuSCAPE_IT141,Susceptible
573.7216,Klebsiella pneumoniae strain KpN03,Resistant
573.67675,Klebsiella pneumoniae JBAIAAD-19-0095,Susceptible
573.20768,Klebsiella pneumoniae strain EuSCAPE_UK065,Resistant
573.20905,Klebsiella pneumoniae strain EuSCAPE_RS048,Susceptible
573.21310,Klebsiella pneumoniae strain EuSCAPE_AT032,Susceptible
573.21324,Klebsiella pneumoniae strain EuSCAPE_PL026,Resistant
573.1923,Klebsiella pneumoniae strain KpN06,Susceptible
573.21232,Klebsiella pneumoniae strain EuSCAPE_IT096,Resistant
573.65886,Klebsiella pneumoniae 1D-195,Susceptible
573.21430,Klebsiella pneumoniae strain EuSCAPE_AT018,Resistant
573.21577,Klebsiella pneumoniae strain EuSCAPE_DE078,Susceptible
573.65971,Klebsiella pneumoniae JBCCACA-19-0027,Susceptible
573.20471,Klebsiella pneumoniae strain EuSCAPE_ES182,Susceptible
573.20998,Klebsiella pneumoniae strain EuSCAPE_HR077,Susceptible
573.21860,Klebsiella pneumoniae strain EuSCAPE_IT383,Susceptible
573.21576,Klebsiella pneumoniae strain EuSCAPE_DE076,Resistant
573.21578,Klebsiella pneumoniae strain EuSCAPE_DE079,Susceptible
573.21027,Klebsiella pneumoniae strain EuSCAPE_BE003,Susceptible
573.46393,Klebsiella pneumoniae CX40,Resistant
573.20899,Klebsiella pneumoniae strain EuSCAPE_RS037,Susceptible
573.20683,Klebsiella pneumoniae strain EuSCAPE_SI015,Susceptible
573.65989,Klebsiella pneumoniae JBCGAAG-19-0054,Susceptible
573.21332,Klebsiella pneumoniae strain EuSCAPE_PL034,Susceptible
573.21444,Klebsiella pneumoniae strain EuSCAPE_AT030,Susceptible
573.21516,Klebsiella pneumoniae strain EuSCAPE_MT020,Susceptible
573.28633,Klebsiella pneumoniae strain 44,Resistant
573.21794,Klebsiella pneumoniae strain EuSCAPE_IT120,Resistant
573.21292,Klebsiella pneumoniae strain EuSCAPE_TR272,Susceptible
573.21810,Klebsiella pneumoniae strain EuSCAPE_IT128,Resistant
573.21510,Klebsiella pneumoniae strain EuSCAPE_MT014,Susceptible
573.20728,Klebsiella pneumoniae strain EuSCAPE_RS051,Resistant
573.20607,Klebsiella pneumoniae strain EuSCAPE_GR121,Resistant
573.21995,Klebsiella pneumoniae strain EuSCAPE_HU024,Susceptible
573.22089,Klebsiella pneumoniae strain EuSCAPE_ES292,Susceptible
573.21379,Klebsiella pneumoniae strain EuSCAPE_SK014,Susceptible
573.65956,Klebsiella pneumoniae JBBDAGD-19-0273,Susceptible
573.21274,Klebsiella pneumoniae strain EuSCAPE_TR239,Susceptible
573.22027,Klebsiella pneumoniae strain EuSCAPE_ES205,Susceptible
573.20912,Klebsiella pneumoniae strain EuSCAPE_RS058,Susceptible
573.20791,Klebsiella pneumoniae strain EuSCAPE_RO064,Resistant
573.21933,Klebsiella pneumoniae strain EuSCAPE_IT366,Resistant
573.21400,Klebsiella pneumoniae strain EuSCAPE_SK048,Susceptible
573.21982,Klebsiella pneumoniae strain EuSCAPE_HU012,Susceptible
573.21527,Klebsiella pneumoniae strain EuSCAPE_IL012,Resistant
573.21956,Klebsiella pneumoniae strain EuSCAPE_ES073,Resistant
573.20474,Klebsiella pneumoniae strain EuSCAPE_ES269,Susceptible
573.21103,Klebsiella pneumoniae strain EuSCAPE_TR095,Susceptible
573.20537,Klebsiella pneumoniae strain EuSCAPE_GR010,Resistant
573.21290,Klebsiella pneumoniae strain EuSCAPE_TR270,Susceptible
573.21989,Klebsiella pneumoniae strain EuSCAPE_HU018,Susceptible
573.21214,Klebsiella pneumoniae strain EuSCAPE_PL053,Susceptible
573.20601,Klebsiella pneumoniae strain EuSCAPE_GR111,Susceptible
573.21395,Klebsiella pneumoniae strain EuSCAPE_SK034,Resistant
573.46375,Klebsiella pneumoniae CX92,Resistant
573.21059,Klebsiella pneumoniae strain EuSCAPE_BE063,Susceptible
573.14768,Klebsiella pneumoniae strain 67,Resistant
573.65942,Klebsiella pneumoniae JBBDAEE-19-0024,Resistant
573.20489,Klebsiella pneumoniae strain EuSCAPE_ES142,Susceptible
573.21975,Klebsiella pneumoniae strain EuSCAPE_HU010,Susceptible
573.22073,Klebsiella pneumoniae strain EuSCAPE_ES279,Susceptible
573.21151,Klebsiella pneumoniae strain EuSCAPE_BE107,Susceptible
573.21283,Klebsiella pneumoniae strain EuSCAPE_TR261,Susceptible
573.21005,Klebsiella pneumoniae strain EuSCAPE_BE022,Susceptible
573.21807,Klebsiella pneumoniae strain EuSCAPE_IT134,Resistant
573.20999,Klebsiella pneumoniae strain EuSCAPE_HR081,Susceptible
573.67342,Klebsiella pneumoniae 103137,Susceptible
573.21710,Klebsiella pneumoniae strain EuSCAPE_ME015,Susceptible
573.20538,Klebsiella pneumoniae strain EuSCAPE_GR154,Resistant
573.65889,Klebsiella pneumoniae 1D-199,Susceptible
573.21775,Klebsiella pneumoniae strain EuSCAPE_IT246,Resistant
573.66080,Klebsiella pneumoniae JBEAAFA-19-0558,Resistant
573.22080,Klebsiella pneumoniae strain EuSCAPE_ES285,Susceptible
573.66048,Klebsiella pneumoniae JBDDABD-19-0047,Susceptible
573.20517,Klebsiella pneumoniae strain EuSCAPE_GR003,Resistant
573.65991,Klebsiella pneumoniae JBCGAAG-19-0193,Susceptible
573.22036,Klebsiella pneumoniae strain EuSCAPE_ES211,Resistant
573.20534,Klebsiella pneumoniae strain EuSCAPE_GR008,Resistant
573.20904,Klebsiella pneumoniae strain EuSCAPE_RS042,Resistant
573.21343,Klebsiella pneumoniae strain EuSCAPE_PL055,Susceptible
573.21314,Klebsiella pneumoniae strain EuSCAPE_EE022,Susceptible
573.66062,Klebsiella pneumoniae JBDHAAI-19-0070,Susceptible
573.20987,Klebsiella pneumoniae strain EuSCAPE_HR065,Susceptible
573.21206,Klebsiella pneumoniae strain EuSCAPE_AT025,Resistant
573.14776,Klebsiella pneumoniae strain 58,Resistant
573.65984,Klebsiella pneumoniae JBCGAAB-19-0027,Susceptible
573.20925,Klebsiella pneumoniae strain EuSCAPE_RS080,Susceptible
573.20871,Klebsiella pneumoniae strain EuSCAPE_HR089,Susceptible
573.20478,Klebsiella pneumoniae strain EuSCAPE_ES191,Susceptible
573.46408,Klebsiella pneumoniae CX71,Resistant
573.21127,Klebsiella pneumoniae strain EuSCAPE_TR156,Susceptible
573.46359,Klebsiella pneumoniae CX79,Resistant
573.20787,Klebsiella pneumoniae strain EuSCAPE_RO054,Resistant
573.14821,Klebsiella pneumoniae strain 55,Resistant
573.21181,Klebsiella pneumoniae strain EuSCAPE_TR080,Susceptible
573.65986,Klebsiella pneumoniae JBCGAAG-19-0035,Susceptible
573.21923,Klebsiella pneumoniae strain EuSCAPE_IT346,Susceptible
573.21047,Klebsiella pneumoniae strain EuSCAPE_BE043,Susceptible
573.20859,Klebsiella pneumoniae strain EuSCAPE_UK026,Resistant
573.20793,Klebsiella pneumoniae strain EuSCAPE_RO065,Resistant
573.21745,Klebsiella pneumoniae strain EuSCAPE_IT208,Resistant
573.21235,Klebsiella pneumoniae strain EuSCAPE_IT115,Susceptible
573.21272,Klebsiella pneumoniae strain EuSCAPE_TR236,Resistant
573.65877,Klebsiella pneumoniae ERR2931022,Susceptible
573.21752,Klebsiella pneumoniae strain EuSCAPE_IT217,Susceptible
573.20929,Klebsiella pneumoniae strain EuSCAPE_RS085,Resistant
573.20711,Klebsiella pneumoniae strain EuSCAPE_HR005,Resistant
573.20504,Klebsiella pneumoniae strain EuSCAPE_GR049,Resistant
573.65960,Klebsiella pneumoniae JBBDAGI-19-0002,Susceptible
573.22076,Klebsiella pneumoniae strain EuSCAPE_ES278,Susceptible
573.24019,Klebsiella pneumoniae strain 4,Resistant
573.21858,Klebsiella pneumoniae strain EuSCAPE_IT275,Susceptible
573.31615,Klebsiella pneumoniae strain KP-MO-12,Resistant
573.31616,Klebsiella pneumoniae strain KP-MO-8,Resistant
573.20509,Klebsiella pneumoniae strain EuSCAPE_GR055,Resistant
573.21764,Klebsiella pneumoniae strain EuSCAPE_IT238,Resistant
573.21211,Klebsiella pneumoniae strain EuSCAPE_PL011,Susceptible
573.20739,Klebsiella pneumoniae strain EuSCAPE_RS102,Resistant
573.21898,Klebsiella pneumoniae strain EuSCAPE_IT318,Resistant
573.20898,Klebsiella pneumoniae strain EuSCAPE_RS028,Resistant
573.21880,Klebsiella pneumoniae strain EuSCAPE_IT282,Resistant
573.21916,Klebsiella pneumoniae strain EuSCAPE_IT333,Resistant
573.14778,Klebsiella pneumoniae strain 54,Resistant
573.21958,Klebsiella pneumoniae strain EuSCAPE_ES075,Susceptible
573.21831,Klebsiella pneumoniae strain EuSCAPE_IT168,Resistant
573.22091,Klebsiella pneumoniae strain EuSCAPE_LU003,Susceptible
573.21644,Klebsiella pneumoniae strain EuSCAPE_IT074,Resistant
573.20966,Klebsiella pneumoniae strain EuSCAPE_HR041,Susceptible
573.21431,Klebsiella pneumoniae strain EuSCAPE_FR073,Susceptible
573.21852,Klebsiella pneumoniae strain EuSCAPE_IT260,Resistant
573.22023,Klebsiella pneumoniae strain EuSCAPE_ES270,Susceptible
573.20822,Klebsiella pneumoniae strain EuSCAPE_RO094,Susceptible
573.21641,Klebsiella pneumoniae strain EuSCAPE_IT068,Resistant
573.21071,Klebsiella pneumoniae strain EuSCAPE_BE078,Resistant
573.21383,Klebsiella pneumoniae strain EuSCAPE_SK023,Susceptible
573.21853,Klebsiella pneumoniae strain EuSCAPE_IT274,Resistant
573.21485,Klebsiella pneumoniae strain EuSCAPE_FR070,Resistant
573.21651,Klebsiella pneumoniae strain EuSCAPE_IT083,Susceptible
573.21415,Klebsiella pneumoniae strain EuSCAPE_CZ017,Resistant
573.22015,Klebsiella pneumoniae strain EuSCAPE_HU053,Susceptible
573.20896,Klebsiella pneumoniae strain EuSCAPE_RO118,Susceptible
573.21733,Klebsiella pneumoniae strain EuSCAPE_IT196,Resistant
573.21316,Klebsiella pneumoniae strain EuSCAPE_PL002,Susceptible
573.20821,Klebsiella pneumoniae strain EuSCAPE_RO093,Susceptible
573.21765,Klebsiella pneumoniae strain EuSCAPE_IT234,Resistant
573.21915,Klebsiella pneumoniae strain EuSCAPE_IT334,Susceptible
573.20623,Klebsiella pneumoniae strain EuSCAPE_GR162,Susceptible
573.66079,Klebsiella pneumoniae JBEAAFA-19-0536,Resistant
573.67690,Klebsiella pneumoniae JBDJAAE-19-0091,Susceptible
573.21148,Klebsiella pneumoniae strain EuSCAPE_TR019,Susceptible
573.20785,Klebsiella pneumoniae strain EuSCAPE_RO010,Resistant
573.21384,Klebsiella pneumoniae strain EuSCAPE_SK027,Susceptible
573.21152,Klebsiella pneumoniae strain EuSCAPE_TR025,Resistant
573.22037,Klebsiella pneumoniae strain EuSCAPE_ES219,Susceptible
573.21319,Klebsiella pneumoniae strain EuSCAPE_PL003,Susceptible
573.22085,Klebsiella pneumoniae strain EuSCAPE_ES293,Resistant
573.23993,Klebsiella pneumoniae strain 26,Resistant
573.27327,Klebsiella pneumoniae strain 65,Resistant
573.21207,Klebsiella pneumoniae strain EuSCAPE_TR308,Susceptible
573.20467,Klebsiella pneumoniae strain EuSCAPE_GR073,Resistant
573.20894,Klebsiella pneumoniae strain EuSCAPE_RS029,Susceptible
573.21099,Klebsiella pneumoniae strain EuSCAPE_RS121,Susceptible
573.21459,Klebsiella pneumoniae strain EuSCAPE_PL041,Susceptible
573.65952,Klebsiella pneumoniae JBBDAFH-19-0015,Susceptible
573.20527,Klebsiella pneumoniae strain EuSCAPE_GR120,Susceptible
573.20689,Klebsiella pneumoniae strain EuSCAPE_SI025,Resistant
573.46377,Klebsiella pneumoniae CX102,Resistant
573.66059,Klebsiella pneumoniae JBDGAAB-19-0122,Susceptible
573.20701,Klebsiella pneumoniae strain EuSCAPE_UK105,Susceptible
573.65945,Klebsiella pneumoniae JBBDAFG-19-0225,Susceptible
573.66058,Klebsiella pneumoniae JBDGAAB-19-0053,Susceptible
573.21301,Klebsiella pneumoniae strain EuSCAPE_AT021,Susceptible
573.21273,Klebsiella pneumoniae strain EuSCAPE_TR240,Resistant
573.21988,Klebsiella pneumoniae strain EuSCAPE_HU016,Resistant
573.21926,Klebsiella pneumoniae strain EuSCAPE_IT273,Resistant
573.22039,Klebsiella pneumoniae strain EuSCAPE_ES215,Susceptible
573.46328,Klebsiella pneumoniae CX97,Susceptible
573.21250,Klebsiella pneumoniae strain EuSCAPE_TR202,Resistant
573.1999,Klebsiella pneumoniae strain 143500500,Resistant
573.1998,Klebsiella pneumoniae strain 143500505,Resistant
573.2012,Klebsiella pneumoniae strain 143500506,Resistant
573.2015,Klebsiella pneumoniae strain 143500509,Resistant
573.2028,Klebsiella pneumoniae strain 143500510,Resistant
573.2000,Klebsiella pneumoniae strain 143500512,Resistant
573.1996,Klebsiella pneumoniae strain 143500514,Resistant
573.2022,Klebsiella pneumoniae strain 143500517,Resistant
573.2019,Klebsiella pneumoniae strain 143500519,Resistant
573.2024,Klebsiella pneumoniae strain 143500523,Resistant
573.2025,Klebsiella pneumoniae strain 143500525,Resistant
573.2008,Klebsiella pneumoniae strain 143500528,Resistant
573.2007,Klebsiella pneumoniae strain 143500529,Resistant
573.2011,Klebsiella pneumoniae strain 143500531,Resistant
573.2026,Klebsiella pneumoniae strain 143500532,Resistant
573.2016,Klebsiella pneumoniae strain 143500534,Resistant
573.2004,Klebsiella pneumoniae strain 143500535,Resistant
573.2023,Klebsiella pneumoniae strain 143500536,Resistant
573.2009,Klebsiella pneumoniae strain 143500537,Resistant
573.2002,Klebsiella pneumoniae strain 143500538,Resistant
573.2013,Klebsiella pneumoniae strain 143500540,Resistant
573.2001,Klebsiella pneumoniae strain 143500541,Resistant
573.2027,Klebsiella pneumoniae strain 143500542,Resistant
573.2029,Klebsiella pneumoniae strain 143500543,Resistant
573.2017,Klebsiella pneumoniae strain 143500545,Resistant
573.2020,Klebsiella pneumoniae strain 143500546,Resistant
573.2010,Klebsiella pneumoniae strain 143500548,Resistant
573.2003,Klebsiella pneumoniae strain 143500549,Resistant
573.2021,Klebsiella pneumoniae strain 143500550,Resistant
573.2005,Klebsiella pneumoniae strain 143500552,Resistant
573.2006,Klebsiella pneumoniae strain 143500554,Resistant
573.2018,Klebsiella pneumoniae strain 143500555,Resistant
573.13392,Klebsiella pneumoniae KPN1450ec,Resistant
573.26142,Klebsiella pneumoniae strain 5012STDY7312565,Susceptible
573.24398,Klebsiella pneumoniae strain MUGSI_316,Resistant
573.14405,Klebsiella pneumoniae KPN801ec,Susceptible
573.15510,Klebsiella pneumoniae strain 10356_5#87,Susceptible
573.14531,Klebsiella pneumoniae KPN967ec,Susceptible
573.13617,Klebsiella pneumoniae KPN1714ec,Resistant
573.13580,Klebsiella pneumoniae KPN1676ec,Susceptible
573.13767,Klebsiella pneumoniae KPN1911ec,Susceptible
573.24282,Klebsiella pneumoniae strain 311,Susceptible
573.15616,Klebsiella pneumoniae strain INF298,Susceptible
573.66548,Klebsiella pneumoniae 29105_1#368,Resistant
573.66988,Klebsiella pneumoniae KP_NORM_BLD_60423,Susceptible
573.66662,Klebsiella pneumoniae KP_NORM_BLD_115344,Susceptible
573.13829,Klebsiella pneumoniae KPN1998ec,Susceptible
573.66652,Klebsiella pneumoniae KP_NORM_BLD_114487,Susceptible
573.13979,Klebsiella pneumoniae KPN234ec,Susceptible
573.14210,Klebsiella pneumoniae KPN524ec,Susceptible
573.24414,Klebsiella pneumoniae strain MUGSI_46,Resistant
573.66395,Klebsiella pneumoniae 26994_8#52,Resistant
573.66876,Klebsiella pneumoniae KP_NORM_BLD_2010_72046,Susceptible
573.13962,Klebsiella pneumoniae KPN2173ec,Susceptible
573.13491,Klebsiella pneumoniae KPN1562ec,Resistant
573.13575,Klebsiella pneumoniae KPN1669ec,Susceptible
573.15451,Klebsiella pneumoniae strain 10315_6#34,Susceptible
573.13916,Klebsiella pneumoniae KPN2093ec,Resistant
573.13073,Klebsiella pneumoniae KPN1055ec,Resistant
573.13131,Klebsiella pneumoniae KPN1129ec,Susceptible
573.67038,Klebsiella pneumoniae KP_NORM_BLD_61805,Susceptible
573.66398,Klebsiella pneumoniae 26994_8#123,Resistant
573.14417,Klebsiella pneumoniae KPN817ec,Resistant
573.66256,Klebsiella pneumoniae 26968_6#43,Resistant
573.66126,Klebsiella pneumoniae ERR1829922,Resistant
573.14423,Klebsiella pneumoniae KPN824ec,Susceptible
573.12999,Klebsiella pneumoniae 3234,Susceptible
573.66539,Klebsiella pneumoniae 29105_1#88,Resistant
573.15434,Klebsiella pneumoniae strain 10315_6#11,Resistant
573.20065,Klebsiella pneumoniae strain AR_0046,Resistant
573.13487,Klebsiella pneumoniae KPN1559ec,Susceptible
573.13520,Klebsiella pneumoniae KPN1596ec,Susceptible
573.46848,Klebsiella pneumoniae KP-20PI,Resistant
573.12915,Klebsiella pneumoniae 3401,Susceptible
573.26186,Klebsiella pneumoniae strain 5012STDY7312616,Susceptible
573.12861,Klebsiella pneumoniae 35,Susceptible
573.13399,Klebsiella pneumoniae KPN145ec,Resistant
573.67014,Klebsiella pneumoniae KP_NORM_BLD_61044,Susceptible
573.13984,Klebsiella pneumoniae KPN240ec,Susceptible
573.12917,Klebsiella pneumoniae 112,Susceptible
573.13228,Klebsiella pneumoniae KPN1248ec,Susceptible
573.14092,Klebsiella pneumoniae KPN369ec,Susceptible
573.66179,Klebsiella pneumoniae KP_NORM_BLD_2014_101655,Susceptible
573.66934,Klebsiella pneumoniae KP_NORM_BLD_2014_104728,Susceptible
573.66428,Klebsiella pneumoniae 27097_7#59,Susceptible
573.13009,Klebsiella pneumoniae 16,Susceptible
573.66252,Klebsiella pneumoniae 26968_6#38,Resistant
573.13949,Klebsiella pneumoniae KPN2157ec,Susceptible
573.67258,Klebsiella pneumoniae ERR7221249,Resistant
573.26239,Klebsiella pneumoniae strain 5012STDY7626490,Susceptible
573.13086,Klebsiella pneumoniae KPN1072ec,Susceptible
573.66590,Klebsiella pneumoniae KP_NORM_BLD_111579,Susceptible
573.13937,Klebsiella pneumoniae KPN2125ec,Resistant
573.24255,Klebsiella pneumoniae strain 178,Susceptible
573.13187,Klebsiella pneumoniae KPN1195ec,Susceptible
573.15524,Klebsiella pneumoniae strain INF197,Susceptible
573.66833,Klebsiella pneumoniae KP_NORM_BLD_1683,Susceptible
573.13402,Klebsiella pneumoniae KPN1464ec,Resistant
573.26301,Klebsiella pneumoniae strain 5012STDY7626420,Susceptible
573.67047,Klebsiella pneumoniae KP_NORM_BLD_61896,Susceptible
573.7028,Klebsiella pneumoniae strain AR_0004,Resistant
573.46083,Klebsiella pneumoniae INF114,Susceptible
573.13084,Klebsiella pneumoniae KPN1070ec,Susceptible
573.66526,Klebsiella pneumoniae 27322_4#76,Resistant
573.66253,Klebsiella pneumoniae 26968_6#41,Resistant
573.13215,Klebsiella pneumoniae KPN1230ec,Resistant
573.24348,Klebsiella pneumoniae strain MUGSI_131,Resistant
573.34255,Klebsiella pneumoniae strain KSB1_6G-sc-2280276,Susceptible
573.13551,Klebsiella pneumoniae KPN1642ec,Susceptible
573.67020,Klebsiella pneumoniae KP_NORM_BLD_61059,Susceptible
573.12875,Klebsiella pneumoniae 77,Susceptible
573.5763,Klebsiella pneumoniae strain 19_GR_14,Resistant
573.13734,Klebsiella pneumoniae KPN1870ec,Susceptible
573.13798,Klebsiella pneumoniae KPN1950ec,Resistant
573.67328,Klebsiella pneumoniae ERR7221338,Susceptible
573.15564,Klebsiella pneumoniae strain KSB1_10G,Susceptible
573.66888,Klebsiella pneumoniae KP_NORM_BLD_2011_75117,Susceptible
573.12943,Klebsiella pneumoniae 81,Susceptible
573.13396,Klebsiella pneumoniae KPN1455ec,Susceptible
573.12911,Klebsiella pneumoniae 3259,Susceptible
573.13912,Klebsiella pneumoniae KPN208ec,Susceptible
573.66804,Klebsiella pneumoniae KP_NORM_BLD_13885,Susceptible
573.14374,Klebsiella pneumoniae KPN755ec,Resistant
573.13892,Klebsiella pneumoniae KPN2069ec,Susceptible
573.13571,Klebsiella pneumoniae KPN1665ec,Susceptible
573.13721,Klebsiella pneumoniae KPN1859ec,Resistant
573.15603,Klebsiella pneumoniae strain KSB1_5D,Resistant
573.13067,Klebsiella pneumoniae KPN1045ec,Resistant
573.66353,Klebsiella pneumoniae 26994_7#34,Resistant
573.46081,Klebsiella pneumoniae INF159,Susceptible
573.12867,Klebsiella pneumoniae 3345,Resistant
573.67021,Klebsiella pneumoniae KP_NORM_BLD_61054,Susceptible
573.24334,Klebsiella pneumoniae strain MUGSI_116,Resistant
573.13130,Klebsiella pneumoniae KPN1128ec,Susceptible
573.66402,Klebsiella pneumoniae 26994_8#162,Resistant
573.13628,Klebsiella pneumoniae KPN1726ec,Susceptible
573.66493,Klebsiella pneumoniae 27261_8#121,Resistant
573.15574,Klebsiella pneumoniae strain KSB2_7A,Susceptible
573.13865,Klebsiella pneumoniae KPN2039ec,Resistant
573.12778,Klebsiella pneumoniae strain AR_0125,Resistant
573.67331,Klebsiella pneumoniae ERR7221343,Susceptible
573.66439,Klebsiella pneumoniae 27261_7#30,Resistant
573.26104,Klebsiella pneumoniae strain 5012STDY7312710,Susceptible
573.66700,Klebsiella pneumoniae KP_NORM_BLD_116250,Susceptible
573.15452,Klebsiella pneumoniae strain 10315_6#38,Susceptible
573.12997,Klebsiella pneumoniae 99,Susceptible
573.66409,Klebsiella pneumoniae 26994_8#146,Resistant
573.13894,Klebsiella pneumoniae KPN2070ec,Resistant
573.13403,Klebsiella pneumoniae KPN1462ec,Resistant
573.67266,Klebsiella pneumoniae ERR7221256,Susceptible
573.13869,Klebsiella pneumoniae KPN2043ec,Susceptible
573.26320,Klebsiella pneumoniae strain 5012STDY7626440,Susceptible
573.13922,Klebsiella pneumoniae KPN2101ec,Susceptible
573.14535,Klebsiella pneumoniae KPN975ec,Susceptible
573.13533,Klebsiella pneumoniae KPN1612ec,Susceptible
573.13164,Klebsiella pneumoniae KPN1169ec,Resistant
573.15628,Klebsiella pneumoniae strain KSB1_6B,Susceptible
573.66900,Klebsiella pneumoniae KP_NORM_BLD_2012_85067,Susceptible
573.67012,Klebsiella pneumoniae KP_NORM_BLD_61039,Susceptible
573.26200,Klebsiella pneumoniae strain 5012STDY7312668,Susceptible
573.14378,Klebsiella pneumoniae KPN760ec,Resistant
573.13630,Klebsiella pneumoniae KPN1728ec,Susceptible
573.13077,Klebsiella pneumoniae KPN1060ec,Susceptible
573.66228,Klebsiella pneumoniae 26968_5#82,Resistant
573.29882,Klebsiella pneumoniae strain Kpngiani7132587,Resistant
573.13503,Klebsiella pneumoniae KPN1577ec,Resistant
573.13668,Klebsiella pneumoniae KPN1774ec,Susceptible
573.66186,Klebsiella pneumoniae ERR2118029,Resistant
573.13561,Klebsiella pneumoniae KPN1652ec,Resistant
573.66476,Klebsiella pneumoniae 27261_8#61,Susceptible
573.26235,Klebsiella pneumoniae strain 5012STDY7312695,Susceptible
573.66949,Klebsiella pneumoniae KP_NORM_BLD_228,Susceptible
573.29909,Klebsiella pneumoniae strain Kpngiani7132597,Resistant
573.14485,Klebsiella pneumoniae KPN909ec,Resistant
573.24335,Klebsiella pneumoniae strain MUGSI_117,Resistant
573.66230,Klebsiella pneumoniae 26968_5#73,Resistant
573.23224,Klebsiella pneumoniae strain KP_144,Susceptible
573.66637,Klebsiella pneumoniae KP_NORM_BLD_114318,Susceptible
573.66578,Klebsiella pneumoniae KP_NORM_BLD_108841,Susceptible
573.15529,Klebsiella pneumoniae strain INF212,Susceptible
573.26254,Klebsiella pneumoniae strain 5012STDY7626372,Susceptible
573.14071,Klebsiella pneumoniae KPN340ec,Susceptible
573.13062,Klebsiella pneumoniae KPN1040ec,Resistant
573.66625,Klebsiella pneumoniae KP_NORM_BLD_113888,Susceptible
573.66249,Klebsiella pneumoniae 26968_6#15,Susceptible
573.13586,Klebsiella pneumoniae KPN1682ec,Susceptible
573.13419,Klebsiella pneumoniae KPN1481ec,Resistant
573.33397,Klebsiella pneumoniae strain PMK13b,Susceptible
573.29989,Klebsiella pneumoniae strain Kpngiani7132516,Resistant
573.13064,Klebsiella pneumoniae KPN1042ec,Susceptible
573.66429,Klebsiella pneumoniae 27097_7#48,Resistant
573.14383,Klebsiella pneumoniae KPN768ec,Susceptible
573.26089,Klebsiella pneumoniae strain 5012STDY7312703,Susceptible
573.26177,Klebsiella pneumoniae strain 5012STDY7312605,Susceptible
573.67213,Klebsiella pneumoniae ERR7221191,Susceptible
573.23209,Klebsiella pneumoniae strain KP_184,Susceptible
573.15609,Klebsiella pneumoniae strain KSB1_5H,Susceptible
573.13959,Klebsiella pneumoniae KPN216ec,Susceptible
573.13553,Klebsiella pneumoniae KPN1645ec,Susceptible
573.67710,Klebsiella pneumoniae KP_NORM_URN_2015_113010,Susceptible
573.67110,Klebsiella pneumoniae KP_NORM_BLD_63832,Susceptible
573.5679,Klebsiella pneumoniae strain PB466,Susceptible
573.13546,Klebsiella pneumoniae KPN162ec,Susceptible
573.13558,Klebsiella pneumoniae KPN164ec,Susceptible
573.66803,Klebsiella pneumoniae KP_NORM_BLD_13880,Susceptible
573.18680,Klebsiella pneumoniae strain AR_362,Resistant
573.66150,Klebsiella pneumoniae ERR2109157,Susceptible
573.13114,Klebsiella pneumoniae KPN1110ec,Susceptible
573.46093,Klebsiella pneumoniae KSB1_4C,Susceptible
573.13687,Klebsiella pneumoniae KPN1819ec,Susceptible
573.14301,Klebsiella pneumoniae KPN658ec,Resistant
573.66264,Klebsiella pneumoniae 26968_6#113,Resistant
573.5779,Klebsiella pneumoniae strain 11_BR_13,Resistant
573.14030,Klebsiella pneumoniae KPN293ec,Susceptible
573.67322,Klebsiella pneumoniae ERR7221332,Resistant
573.13711,Klebsiella pneumoniae KPN1849ec,Susceptible
573.67111,Klebsiella pneumoniae KP_NORM_BLD_63855,Susceptible
573.67181,Klebsiella pneumoniae ERR7221151,Susceptible
573.67249,Klebsiella pneumoniae ERR7221227,Resistant
573.13886,Klebsiella pneumoniae KPN2062ec,Susceptible
573.12858,Klebsiella pneumoniae 3243,Susceptible
573.29934,Klebsiella pneumoniae strain Kpngiani7132623,Resistant
573.14279,Klebsiella pneumoniae KPN612ec,Susceptible
573.14322,Klebsiella pneumoniae KPN692ec,Susceptible
573.26222,Klebsiella pneumoniae strain 5012STDY7312684,Susceptible
573.15479,Klebsiella pneumoniae strain 10315_6#70,Susceptible
573.66222,Klebsiella pneumoniae 26968_5#42,Resistant
573.66503,Klebsiella pneumoniae 27261_8#170,Resistant
573.26143,Klebsiella pneumoniae strain 5012STDY7312580,Susceptible
573.13069,Klebsiella pneumoniae KPN1047ec,Susceptible
573.66955,Klebsiella pneumoniae KP_NORM_BLD_231,Susceptible
573.46105,Klebsiella pneumoniae KSB1_8F,Susceptible
573.67237,Klebsiella pneumoniae ERR7221221,Resistant
573.67317,Klebsiella pneumoniae ERR7221321,Susceptible
573.24361,Klebsiella pneumoniae strain MUGSI_158,Resistant
573.14135,Klebsiella pneumoniae KPN415ec,Susceptible
573.13521,Klebsiella pneumoniae KPN1597ec,Susceptible
573.13948,Klebsiella pneumoniae KPN2156ec,Susceptible
573.13427,Klebsiella pneumoniae KPN1489ec,Resistant
573.66756,Klebsiella pneumoniae KP_NORM_BLD_12930,Susceptible
573.66519,Klebsiella pneumoniae 27322_4#41,Resistant
573.66727,Klebsiella pneumoniae KP_NORM_BLD_116566,Susceptible
573.67119,Klebsiella pneumoniae KP_NORM_BLD_67,Susceptible
573.15565,Klebsiella pneumoniae strain KSB1_2H,Susceptible
573.66492,Klebsiella pneumoniae 27261_8#133,Susceptible
573.26151,Klebsiella pneumoniae strain 5012STDY7312586,Susceptible
573.7025,Klebsiella pneumoniae strain AR_0010,Susceptible
573.15468,Klebsiella pneumoniae strain 10315_6#59,Susceptible
573.29948,Klebsiella pneumoniae strain Kpngiani7132481,Resistant
573.12992,Klebsiella pneumoniae 3307,Susceptible
573.67090,Klebsiella pneumoniae KP_NORM_BLD_62912,Susceptible
573.66260,Klebsiella pneumoniae 26968_6#94,Resistant
573.24352,Klebsiella pneumoniae strain MUGSI_140,Resistant
573.66250,Klebsiella pneumoniae 26968_6#31,Resistant
573.13966,Klebsiella pneumoniae KPN219ec,Susceptible
573.15577,Klebsiella pneumoniae strain KSB2_4B,Susceptible
573.30009,Klebsiella pneumoniae strain Kpngiani7132549,Resistant
573.13162,Klebsiella pneumoniae KPN1167ec,Resistant
573.13933,Klebsiella pneumoniae KPN2116ec,Resistant
573.15433,Klebsiella pneumoniae strain 10315_6#10,Susceptible
573.13401,Klebsiella pneumoniae KPN1461ec,Susceptible
573.13007,Klebsiella pneumoniae 3381,Resistant
573.66343,Klebsiella pneumoniae 26994_6#124,Resistant
573.26274,Klebsiella pneumoniae strain 5012STDY7626393,Susceptible
573.14250,Klebsiella pneumoniae KPN576ec,Resistant
573.66841,Klebsiella pneumoniae KP_NORM_BLD_1875,Susceptible
573.14188,Klebsiella pneumoniae KPN481ec,Susceptible
573.25569,Klebsiella pneumoniae strain 6_GR_12,Resistant
573.67293,Klebsiella pneumoniae ERR7221296,Resistant
573.66187,Klebsiella pneumoniae KP_NORM_BLD_2015_115377,Susceptible
573.26130,Klebsiella pneumoniae strain 5012STDY7312578,Susceptible
573.26249,Klebsiella pneumoniae strain 5012STDY7626369,Susceptible
573.66796,Klebsiella pneumoniae KP_NORM_BLD_13739,Susceptible
573.66701,Klebsiella pneumoniae KP_NORM_BLD_116247,Susceptible
573.29920,Klebsiella pneumoniae strain Kpngiani7132634,Resistant
573.15600,Klebsiella pneumoniae strain KSB2_4C,Susceptible
573.67130,Klebsiella pneumoniae KP_NORM_URN_2012_81995,Susceptible
573.66534,Klebsiella pneumoniae 27322_4#127,Resistant
573.26136,Klebsiella pneumoniae strain 5012STDY7312752,Susceptible
573.5658,Klebsiella pneumoniae strain PB495,Susceptible
573.13346,Klebsiella pneumoniae KPN1401ec,Resistant
573.12900,Klebsiella pneumoniae 1,Susceptible
573.66805,Klebsiella pneumoniae KP_NORM_BLD_13889,Susceptible
573.13875,Klebsiella pneumoniae KPN204ec,Susceptible
573.14402,Klebsiella pneumoniae KPN795ec,Susceptible
573.66257,Klebsiella pneumoniae 26968_6#88,Resistant
573.14360,Klebsiella pneumoniae KPN737ec,Resistant
573.66725,Klebsiella pneumoniae KP_NORM_BLD_116554,Susceptible
573.13612,Klebsiella pneumoniae KPN1709ec,Susceptible
573.67251,Klebsiella pneumoniae ERR7221241,Resistant
573.14088,Klebsiella pneumoniae KPN364ec,Susceptible
573.66379,Klebsiella pneumoniae 26994_7#157,Resistant
573.66882,Klebsiella pneumoniae KP_NORM_BLD_2011_73881,Susceptible
573.66993,Klebsiella pneumoniae KP_NORM_BLD_60435,Susceptible
573.13002,Klebsiella pneumoniae 102,Susceptible
573.26168,Klebsiella pneumoniae strain 5012STDY7312604,Susceptible
573.66717,Klebsiella pneumoniae KP_NORM_BLD_116389,Susceptible
573.5719,Klebsiella pneumoniae strain W2-15-ERG14,Resistant
573.12908,Klebsiella pneumoniae 74,Susceptible
573.24311,Klebsiella pneumoniae strain 523,Resistant
573.13353,Klebsiella pneumoniae KPN140ec,Susceptible
573.66497,Klebsiella pneumoniae 27261_8#145,Resistant
573.14363,Klebsiella pneumoniae KPN741ec,Susceptible
573.66406,Klebsiella pneumoniae 26994_8#145,Resistant
573.66783,Klebsiella pneumoniae KP_NORM_BLD_13383,Susceptible
573.33406,Klebsiella pneumoniae strain PMK21d,Resistant
573.24419,Klebsiella pneumoniae strain MUGSI_52,Resistant
573.24343,Klebsiella pneumoniae strain MUGSI_126,Resistant
573.34297,Klebsiella pneumoniae strain INF065-sc-2279980,Susceptible
573.66438,Klebsiella pneumoniae 27261_7#8,Resistant
573.31080,Klebsiella pneumoniae strain WU21,Resistant
573.26217,Klebsiella pneumoniae strain 5012STDY7312681,Susceptible
573.13176,Klebsiella pneumoniae KPN1184ec,Resistant
573.66326,Klebsiella pneumoniae 26994_6#91,Susceptible
573.66874,Klebsiella pneumoniae KP_NORM_BLD_2010_72019,Susceptible
573.66755,Klebsiella pneumoniae KP_NORM_BLD_12936,Susceptible
573.66705,Klebsiella pneumoniae KP_NORM_BLD_116236,Susceptible
573.14101,Klebsiella pneumoniae KPN378ec,Susceptible
573.26214,Klebsiella pneumoniae strain 5012STDY7312680,Susceptible
573.67189,Klebsiella pneumoniae ERR7221156,Resistant
573.15472,Klebsiella pneumoniae strain 10315_6#62,Susceptible
573.67174,Klebsiella pneumoniae KP_NORM_URN_2015_111489,Susceptible
573.5817,Klebsiella pneumoniae strain PB525,Susceptible
573.23221,Klebsiella pneumoniae strain KP_044,Resistant
573.66898,Klebsiella pneumoniae KP_NORM_BLD_2012_85426,Susceptible
573.13237,Klebsiella pneumoniae KPN1259ec,Resistant
573.67107,Klebsiella pneumoniae KP_NORM_BLD_63799,Susceptible
573.66433,Klebsiella pneumoniae 27097_7#76,Resistant
573.13654,Klebsiella pneumoniae KPN1758ec,Susceptible
573.26208,Klebsiella pneumoniae strain 5012STDY7312665,Susceptible
573.13836,Klebsiella pneumoniae KPN2006ec,Resistant
573.14019,Klebsiella pneumoniae KPN281ec,Susceptible
573.66278,Klebsiella pneumoniae 26975_4#43,Resistant
573.12906,Klebsiella pneumoniae 98,Susceptible
573.13694,Klebsiella pneumoniae KPN182ec,Susceptible
573.67248,Klebsiella pneumoniae ERR7221230,Resistant
573.26081,Klebsiella pneumoniae strain 5012STDY7312716,Resistant
573.13277,Klebsiella pneumoniae KPN1314ec,Susceptible
573.31079,Klebsiella pneumoniae strain WU3,Susceptible
573.15466,Klebsiella pneumoniae strain 10315_6#57,Susceptible
573.13593,Klebsiella pneumoniae KPN1690ec,Resistant
573.66691,Klebsiella pneumoniae KP_NORM_BLD_115987,Susceptible
573.12995,Klebsiella pneumoniae 5,Susceptible
573.15622,Klebsiella pneumoniae strain KSB1_4I,Susceptible
573.14064,Klebsiella pneumoniae KPN332ec,Susceptible
573.66603,Klebsiella pneumoniae KP_NORM_BLD_112904,Susceptible
573.13537,Klebsiella pneumoniae KPN1618ec,Susceptible
573.66418,Klebsiella pneumoniae 26994_8#178,Resistant
573.67093,Klebsiella pneumoniae KP_NORM_BLD_62937,Susceptible
573.13873,Klebsiella pneumoniae KPN2047ec,Susceptible
573.26232,Klebsiella pneumoniae strain 5012STDY7312694,Susceptible
573.26307,Klebsiella pneumoniae strain 5012STDY7626429,Susceptible
573.24422,Klebsiella pneumoniae strain MUGSI_58,Resistant
573.66349,Klebsiella pneumoniae 26994_7#37,Resistant
573.26194,Klebsiella pneumoniae strain 5012STDY7312663,Susceptible
573.66471,Klebsiella pneumoniae 27261_8#59,Susceptible
573.14120,Klebsiella pneumoniae KPN399ec,Susceptible
573.5702,Klebsiella pneumoniae strain PB242,Susceptible
573.13283,Klebsiella pneumoniae KPN1322ec,Susceptible
573.14199,Klebsiella pneumoniae KPN510ec,Susceptible
573.5624,Klebsiella pneumoniae strain 23_GR_12,Resistant
573.14522,Klebsiella pneumoniae KPN956ec,Susceptible
573.13457,Klebsiella pneumoniae KPN1525ec,Susceptible
573.14470,Klebsiella pneumoniae KPN891ec,Susceptible
573.13673,Klebsiella pneumoniae KPN177ec,Susceptible
573.14540,Klebsiella pneumoniae KPN982ec,Resistant
573.66127,Klebsiella pneumoniae ERR1829913,Resistant
573.13119,Klebsiella pneumoniae KPN1117ec,Susceptible
573.24403,Klebsiella pneumoniae strain MUGSI_33,Resistant
573.13355,Klebsiella pneumoniae KPN1411ec,Resistant
573.1731,Klebsiella pneumoniae strain KpVA-13,Resistant
573.13945,Klebsiella pneumoniae KPN2152ec,Susceptible
573.23208,Klebsiella pneumoniae strain KP_195,Susceptible
573.26095,Klebsiella pneumoniae strain 5012STDY7312696,Susceptible
573.13319,Klebsiella pneumoniae KPN1361ec,Susceptible
573.26259,Klebsiella pneumoniae strain 5012STDY7626381,Susceptible
573.13404,Klebsiella pneumoniae KPN1465ec,Susceptible
573.14124,Klebsiella pneumoniae KPN403ec,Susceptible
573.14394,Klebsiella pneumoniae KPN782ec,Resistant
573.14389,Klebsiella pneumoniae KPN775ec,Susceptible
573.26121,Klebsiella pneumoniae strain 5012STDY7312736,Susceptible
573.12928,Klebsiella pneumoniae 96,Susceptible
573.29865,Klebsiella pneumoniae strain Kpngiani7132559,Resistant
573.12952,Klebsiella pneumoniae 3324,Susceptible
573.7033,Klebsiella pneumoniae strain AR_0044,Resistant
573.26123,Klebsiella pneumoniae strain 5012STDY7312742,Susceptible
573.13853,Klebsiella pneumoniae KPN2024ec,Susceptible
573.66458,Klebsiella pneumoniae 27261_7#187,Susceptible
573.67278,Klebsiella pneumoniae ERR7221278,Susceptible
573.13322,Klebsiella pneumoniae KPN1364ec,Resistant
573.66533,Klebsiella pneumoniae 27322_4#115,Resistant
573.26185,Klebsiella pneumoniae strain 5012STDY7312620,Susceptible
573.67103,Klebsiella pneumoniae KP_NORM_BLD_63371,Susceptible
573.13301,Klebsiella pneumoniae KPN1340ec,Susceptible
573.14346,Klebsiella pneumoniae KPN720ec,Susceptible
573.67165,Klebsiella pneumoniae KP_NORM_URN_2015_107962,Susceptible
573.26174,Klebsiella pneumoniae strain 5012STDY7312609,Susceptible
573.13495,Klebsiella pneumoniae KPN1567ec,Susceptible
573.14313,Klebsiella pneumoniae KPN682ec,Resistant
573.13311,Klebsiella pneumoniae KPN1350ec,Susceptible
573.13920,Klebsiella pneumoniae KPN209ec,Resistant
573.29874,Klebsiella pneumoniae strain Kpngiani7132569,Resistant
573.14230,Klebsiella pneumoniae KPN552ec,Susceptible
573.66244,Klebsiella pneumoniae 26968_6#2,Resistant
573.46071,Klebsiella pneumoniae KSB2_8B,Resistant
573.66297,Klebsiella pneumoniae 26975_5#32,Resistant
573.66288,Klebsiella pneumoniae 26975_5#11,Resistant
573.24327,Klebsiella pneumoniae strain MUGSI_103,Resistant
573.67149,Klebsiella pneumoniae KP_NORM_URN_2013_95870,Susceptible
573.67280,Klebsiella pneumoniae ERR7221271,Susceptible
573.12901,Klebsiella pneumoniae 39,Susceptible
573.13516,Klebsiella pneumoniae KPN1592ec,Resistant
573.12978,Klebsiella pneumoniae 82,Susceptible
573.14055,Klebsiella pneumoniae KPN321ec,Susceptible
573.15594,Klebsiella pneumoniae strain INF293,Susceptible
573.13995,Klebsiella pneumoniae KPN256ec,Susceptible
573.26147,Klebsiella pneumoniae strain 5012STDY7312594,Susceptible
573.15516,Klebsiella pneumoniae strain INF070,Susceptible
573.13632,Klebsiella pneumoniae KPN172ec,Susceptible
573.26135,Klebsiella pneumoniae strain 5012STDY7312751,Susceptible
573.29950,Klebsiella pneumoniae strain Kpngiani7132636,Resistant
573.66259,Klebsiella pneumoniae 26968_6#90,Resistant
573.13499,Klebsiella pneumoniae KPN1571ec,Susceptible
573.66224,Klebsiella pneumoniae 26968_5#109,Resistant
573.24355,Klebsiella pneumoniae strain MUGSI_143,Resistant
573.66544,Klebsiella pneumoniae 27261_8#93,Resistant
573.66715,Klebsiella pneumoniae KP_NORM_BLD_116386,Susceptible
573.26283,Klebsiella pneumoniae strain 5012STDY7626402,Susceptible
573.15560,Klebsiella pneumoniae strain KSB1_1G,Susceptible
573.13415,Klebsiella pneumoniae KPN1478ec,Susceptible
573.66764,Klebsiella pneumoniae KP_NORM_BLD_12945,Susceptible
573.26225,Klebsiella pneumoniae strain 5012STDY7312692,Susceptible
573.66501,Klebsiella pneumoniae 27261_8#163,Resistant
573.14304,Klebsiella pneumoniae KPN670ec,Susceptible
573.26152,Klebsiella pneumoniae strain 5012STDY7312585,Susceptible
573.13266,Klebsiella pneumoniae KPN128ec,Susceptible
573.13890,Klebsiella pneumoniae KPN2066ec,Susceptible
573.13115,Klebsiella pneumoniae KPN1111ec,Susceptible
573.66750,Klebsiella pneumoniae KP_NORM_BLD_12851,Susceptible
573.5677,Klebsiella pneumoniae strain PB395,Susceptible
573.15509,Klebsiella pneumoniae strain 10356_5#86,Susceptible
573.66447,Klebsiella pneumoniae 27261_7#93,Resistant
573.67254,Klebsiella pneumoniae ERR7221242,Susceptible
